Date,Open,High,Low,Close,Volume
2016-02-01,749.4578247070312,752.6743818946151,739.8081531442798,749.4578247070312,27750.0
2016-02-02,759.1074962697827,759.1074962697827,739.8081531442798,749.4578247070312,88590.0
2016-02-03,739.808349609375,749.4580237347146,739.808349609375,739.808349609375,16850.0
2016-02-04,746.241455078125,752.6745710701778,739.8083390860721,746.241455078125,13320.0
2016-02-05,755.8909390821989,755.8909390821989,743.0247103318636,749.4578247070312,8680.0
2016-02-11,752.6745764001623,752.6745764001623,733.3752282873377,743.02490234375,10270.0
2016-02-12,736.5917358398438,736.5917358398438,726.942062444562,736.5917358398438,6250.0
2016-02-15,736.591595956696,752.6743818946151,733.375038769112,749.4578247070312,11830.0
2016-02-16,736.591595956696,749.4578247070312,736.591595956696,749.4578247070312,8260.0
2016-02-17,746.2414656929348,749.4580237347146,733.3752335258151,739.808349609375,12880.0
2016-02-18,739.8083443249459,749.4580183813582,739.8083443249459,743.02490234375,6390.0
2016-02-19,749.458031463623,775.1904960632324,746.2414733886719,771.9739379882812,31810.0
2016-02-22,771.9738872111345,794.4897922547926,765.540771484375,765.540771484375,19170.0
2016-02-23,752.6745400308562,768.7573293477548,752.6745400308562,765.540771484375,2270.0
2016-02-24,765.540771484375,768.7573293477548,755.8910978942358,765.540771484375,17030.0
2016-02-25,771.9739379882812,775.1904960632324,765.5408218383789,771.9739379882812,11840.0
2016-02-26,771.9738111060685,788.0565988374449,768.7572535597932,775.1903686523438,22380.0
2016-02-29,775.1904960632324,784.8401702880859,771.9739379882812,771.9739379882812,16330.0
2016-03-02,771.9738111060685,778.4069261986191,771.9738111060685,775.1903686523438,2750.0
2016-03-03,781.62353515625,781.62353515625,771.973861882716,781.62353515625,10830.0
2016-03-04,781.6235909383805,794.4898228879835,781.6235909383805,784.8401489257812,28930.0
2016-03-07,784.84005859375,810.57251953125,784.84005859375,804.139404296875,37830.0
2016-03-08,810.57251953125,810.57251953125,804.139404296875,804.139404296875,23810.0
2016-03-09,810.57251953125,820.2221923828125,804.139404296875,804.139404296875,25300.0
2016-03-10,817.005634765625,820.2221923828125,804.139404296875,804.139404296875,14920.0
2016-03-11,804.1395157102554,810.5726318359375,791.2732834588913,810.5726318359375,1710.0
2016-03-14,810.572565734622,813.7891235351562,800.9228923330194,813.7891235351562,2500.0
2016-03-15,810.57251953125,810.57251953125,800.9228466796875,804.139404296875,4220.0
2016-03-16,807.3559619140625,807.3559619140625,797.7062890625,804.139404296875,14100.0
2016-03-17,804.1395157102554,817.0057479616195,804.1395157102554,810.5726318359375,19240.0
2016-03-18,810.5726709365845,829.8720202445984,810.5726709365845,823.4389038085938,27160.0
2016-03-21,823.4388640873016,823.4388640873016,810.5726318359375,810.5726318359375,8370.0
2016-03-22,813.7892291545868,823.4389038085938,810.5726709365845,823.4389038085938,4530.0
2016-03-23,820.2222391362246,826.6553547372931,810.572565734622,813.7891235351562,32500.0
2016-03-24,820.22216796875,829.8718405330883,810.5724954044117,820.22216796875,10320.0
2016-03-25,820.2223455905914,829.8720202445984,820.2223455905914,823.4389038085938,1020.0
2016-03-28,817.0056104473039,823.438725490196,817.0056104473039,820.22216796875,2660.0
2016-03-29,820.22216796875,836.3049555759804,817.0056104473039,820.22216796875,1400.0
2016-03-30,817.0057873725891,833.0885784626007,810.5726709365845,823.4389038085938,3760.0
2016-03-31,817.0057373046874,829.8719693882258,810.5726212629182,817.0057373046875,5730.0
2016-04-01,817.0056104473039,820.22216796875,813.7890529258578,820.22216796875,14960.0
2016-04-04,823.4388640873016,826.6554221501426,810.5726318359375,810.5726318359375,5200.0
2016-04-05,810.5724954044117,820.22216796875,807.3559378829657,820.22216796875,290.0
2016-04-06,810.5726709365845,823.4389038085938,807.3561127185822,823.4389038085938,4460.0
2016-04-07,823.438837548638,826.6553955078125,810.5726057119406,826.6553955078125,9170.0
2016-04-08,820.2223060244605,820.2223060244605,810.5726318359375,810.5726318359375,4340.0
2016-04-11,810.5726318359375,817.0057479616195,810.5726318359375,810.5726318359375,7100.0
2016-04-12,810.5726318359375,817.0057479616195,810.5726318359375,810.5726318359375,13770.0
2016-04-14,810.5726212629182,817.0057373046874,804.1395052211491,817.0057373046875,12370.0
2016-04-15,804.1393994335159,813.7890722267182,804.1393994335159,807.35595703125,14940.0
2016-04-18,807.3560737730965,810.5726318359375,797.7063995845734,810.5726318359375,4250.0
2016-04-19,804.139404296875,810.57251953125,791.273173828125,804.139404296875,8910.0
2016-04-20,804.1395317598519,810.5726480139308,800.9229736328125,800.9229736328125,3850.0
2016-04-21,788.0566912817086,804.1394808997027,788.0566912817086,794.4898071289062,79130.0
2016-04-22,800.9228466796875,804.139404296875,784.84005859375,804.139404296875,10640.0
2016-04-25,804.139548200902,826.6554555505272,784.8401990440804,791.2733154296875,14880.0
2016-04-26,807.3560737730965,810.5726318359375,791.2732834588913,810.5726318359375,4270.0
2016-04-27,810.5725967469003,810.5725967469003,794.4898071289062,794.4898071289062,320.0
2016-04-28,800.9229900080984,800.9229900080984,775.1905244656696,791.2733154296875,4980.0
2016-04-29,791.2733154296876,794.4898736224911,781.6236408512767,791.2733154296875,1250.0
2016-05-02,791.2732596261161,791.2732596261161,788.0567016601562,788.0567016601562,4450.0
2016-05-03,791.273173828125,804.139404296875,791.273173828125,804.139404296875,340.0
2016-05-04,804.1395317598519,804.1395317598519,800.9229736328125,800.9229736328125,190.0
2016-05-09,810.5725967469003,810.5725967469003,794.4898071289062,794.4898071289062,1810.0
2016-05-10,791.2733154296876,791.2733154296876,791.2733154296876,791.2733154296875,580.0
2016-05-11,791.2732596261161,791.2732596261161,788.0567016601562,788.0567016601562,1140.0
2016-05-12,791.2733154296876,791.2733154296876,791.2733154296876,791.2733154296875,50.0
2016-05-13,784.84005859375,804.139404296875,784.84005859375,804.139404296875,1070.0
2016-05-16,804.139404296875,804.139404296875,784.84005859375,804.139404296875,4350.0
2016-05-17,788.0566557576834,788.0566557576834,765.5407513074639,778.406982421875,13320.0
2016-05-18,791.2733154296876,791.2733154296876,791.2733154296876,791.2733154296875,20.0
2016-05-19,791.273208429784,791.273208429784,775.1904196405607,781.62353515625,4430.0
2016-05-20,791.2732649005827,791.2732649005827,784.8401489257812,784.8401489257812,440.0
2016-05-23,791.273208429784,791.273208429784,781.62353515625,781.62353515625,4450.0
2016-05-24,791.2733154296876,791.2733154296876,771.9739662728659,791.2733154296875,2090.0
2016-05-25,791.273208429784,791.273208429784,775.1904196405607,781.62353515625,5310.0
2016-05-26,788.056706913182,788.056706913182,778.4070329509798,784.8401489257812,550.0
2016-05-27,784.8401489257812,784.8401489257812,778.4070329509798,784.8401489257812,3880.0
2016-05-30,784.8401489257812,784.8401489257812,775.190474963579,784.8401489257812,360.0
2016-05-31,781.6235909383805,784.8401489257812,775.190474963579,784.8401489257812,3100.0
2016-06-01,771.9739169761782,784.8401489257812,771.9739169761782,784.8401489257812,8580.0
2016-06-02,784.8400979790806,784.8400979790806,778.406982421875,778.406982421875,1930.0
2016-06-03,775.1904246432722,784.8400979790806,771.9738668646694,778.406982421875,11040.0
2016-06-07,775.1904196405607,781.62353515625,775.1904196405607,781.62353515625,2870.0
2016-06-08,784.8401436941964,788.0567016601562,781.6235857282367,788.0567016601562,1630.0
2016-06-09,775.1905244656696,797.7064318152948,775.1905244656696,791.2733154296875,7290.0
2016-06-10,797.7063598632812,804.1394756686303,797.7063598632812,797.7063598632812,4590.0
2016-06-13,797.7063598632812,797.7063598632812,797.7063598632812,797.7063598632812,0.0
2016-06-14,797.7063598632812,797.7063598632812,797.7063598632812,797.7063598632812,10.0
2016-06-15,797.7063598632812,797.7063598632812,797.7063598632812,797.7063598632812,60.0
2016-06-16,800.9228817033179,842.7381325552984,781.62353515625,781.62353515625,16130.0
2016-06-17,823.4388392857143,823.4388392857143,781.6235857282367,788.0567016601562,5100.0
2016-06-20,781.6235009765625,804.139404296875,771.973828125,804.139404296875,5110.0
2016-06-21,804.1394756686303,804.1394756686303,791.2732440579322,797.7063598632812,260.0
2016-06-22,804.1394968501857,804.1394968501857,784.8401489257812,784.8401489257812,60330.0
2016-06-23,794.489771314889,829.8719068795197,775.1904246432722,778.406982421875,21570.0
2016-06-24,784.8401702880859,784.8401702880859,762.3242637634278,771.9739379882812,21960.0
2016-06-27,739.8082356433157,775.1903686523438,739.8082356433157,775.1903686523438,6230.0
2016-06-28,800.9228290225461,800.9228290225461,775.1903686523438,775.1903686523438,45740.0
2016-06-29,771.9739433512029,771.9739433512029,768.7573852539062,768.7573852539062,8820.0
2016-06-30,797.7064081295764,797.7064081295764,768.7573852539062,768.7573852539062,2100.0
2016-07-01,771.9739379882812,771.9739379882812,768.75737991333,771.9739379882812,10730.0
2016-07-04,771.9738668646694,784.8400979790806,771.9738668646694,778.406982421875,18770.0
2016-07-05,791.2733154296876,791.2733154296876,771.9739662728659,791.2733154296875,5160.0
2016-07-06,794.4898228879835,794.4898228879835,784.8401489257812,784.8401489257812,30020.0
2016-07-07,784.8401702880859,791.2732864379883,771.9739379882812,771.9739379882812,6630.0
2016-07-08,765.5408498872587,791.2733154296876,765.5408498872587,791.2733154296875,3080.0
2016-07-11,784.8400979790806,788.0566557576834,778.406982421875,778.406982421875,5340.0
2016-07-12,784.8401702880859,784.8401702880859,771.9739379882812,771.9739379882812,8270.0
2016-07-13,791.2732864379883,794.4898445129395,771.9739379882812,771.9739379882812,2850.0
2016-07-14,781.62353515625,781.62353515625,771.973861882716,781.62353515625,6680.0
2016-07-15,771.9738668646694,791.2732135362862,771.9738668646694,778.406982421875,1610.0
2016-07-18,788.0567016601562,788.0567016601562,784.8401436941964,788.0567016601562,1050.0
2016-07-19,788.0567016601562,788.0567016601562,788.0567016601562,788.0567016601562,1260.0
2016-07-20,788.0566162109375,804.139404296875,784.84005859375,804.139404296875,36830.0
2016-07-21,807.3560898868914,807.3560898868914,800.9229736328125,800.9229736328125,26280.0
2016-07-22,807.3559619140625,807.3559619140625,797.7062890625,804.139404296875,770.0
2016-07-25,804.1393994335159,807.35595703125,804.1393994335159,807.35595703125,1240.0
2016-07-26,797.7062842380478,807.35595703125,797.7062842380478,807.35595703125,11290.0
2016-07-27,794.4898019606068,807.3560335713048,794.4898019606068,797.7063598632812,5960.0
2016-07-28,797.7063345324851,813.7891235351562,797.7063345324851,813.7891235351562,39080.0
2016-07-29,797.7063995845734,813.7891898987785,797.7063995845734,810.5726318359375,15890.0
2016-08-01,810.5725146289841,810.5725146289841,791.2731690425796,807.35595703125,71970.0
2016-08-02,797.7062890625,804.139404296875,791.273173828125,804.139404296875,3350.0
2016-08-03,810.5725146289841,810.5725146289841,807.35595703125,807.35595703125,180.0
2016-08-04,807.3560737730965,810.5726318359375,807.3560737730965,810.5726318359375,200.0
2016-08-05,810.5726318359375,810.5726318359375,800.9229576474144,810.5726318359375,3330.0
2016-08-08,810.5726318359375,810.5726318359375,797.7063995845734,810.5726318359375,7630.0
2016-08-09,807.3559619140625,807.3559619140625,797.7062890625,804.139404296875,10180.0
2016-08-10,807.3559619140625,807.3559619140625,800.9228466796875,804.139404296875,18060.0
2016-08-11,807.3559619140625,807.3559619140625,797.7062890625,804.139404296875,30130.0
2016-08-12,813.7890722267182,813.7890722267182,788.0566114448457,807.35595703125,33530.0
2016-08-16,807.35595703125,807.35595703125,804.1393994335159,807.35595703125,1060.0
2016-08-17,807.3559619140625,807.3559619140625,797.7062890625,804.139404296875,14200.0
2016-08-18,791.2732992516943,800.9229736328125,791.2732992516943,800.9229736328125,5030.0
2016-08-19,800.9229736328125,804.1395317598519,794.4898573787337,800.9229736328125,30230.0
2016-08-22,804.1395317598519,804.1395317598519,784.8401829976156,800.9229736328125,13820.0
2016-08-23,800.9229229761039,807.3560388233014,794.4898071289062,794.4898071289062,17910.0
2016-08-24,810.5726318359375,810.5726318359375,810.5726318359375,810.5726318359375,10.0
2016-08-25,810.5726318359375,810.5726318359375,788.0567253960503,810.5726318359375,1270.0
2016-08-26,810.5726318359375,810.5726318359375,810.5726318359375,810.5726318359375,10.0
2016-08-29,817.0057125940979,817.0057125940979,791.2732492053074,794.4898071289062,6210.0
2016-08-30,807.35595703125,807.35595703125,794.4897266403137,807.35595703125,1710.0
2016-08-31,807.35595703125,807.35595703125,807.35595703125,807.35595703125,10.0
2016-09-01,807.35595703125,807.35595703125,794.4897266403137,807.35595703125,2520.0
2016-09-02,807.35595703125,807.35595703125,797.7062842380478,807.35595703125,2490.0
2016-09-05,810.5725146289841,810.5725146289841,800.9228418357819,807.35595703125,2170.0
2016-09-06,807.35595703125,807.35595703125,797.7062842380478,807.35595703125,490.0
2016-09-07,807.35595703125,807.35595703125,797.7062842380478,807.35595703125,30.0
2016-09-08,817.0056813356905,817.0056813356905,797.7063345324851,813.7891235351562,490.0
2016-09-09,813.7891235351562,813.7891235351562,813.7891235351562,813.7891235351562,0.0
2016-09-12,791.273173828125,804.139404296875,791.273173828125,804.139404296875,5090.0
2016-09-13,794.4897314453125,804.139404296875,791.273173828125,804.139404296875,3030.0
2016-09-19,800.9229736328125,800.9229736328125,791.2732992516943,800.9229736328125,5450.0
2016-09-20,817.0057642680096,817.0057642680096,794.4898573787337,800.9229736328125,4280.0
2016-09-21,804.1393994335159,807.35595703125,804.1393994335159,807.35595703125,8150.0
2016-09-22,797.7063995845734,810.5726318359375,797.7063995845734,810.5726318359375,3050.0
2016-09-23,817.0057479616195,817.0057479616195,800.9229576474144,810.5726318359375,5020.0
2016-09-26,804.1395157102554,810.5726318359375,804.1395157102554,810.5726318359375,8770.0
2016-09-27,804.1393994335159,810.5725146289841,797.7062842380478,807.35595703125,3330.0
2016-09-28,807.3559619140625,813.7890771484375,800.9228466796875,804.139404296875,4570.0
2016-09-29,797.7063995845734,813.7891898987785,797.7063995845734,810.5726318359375,10480.0
2016-09-30,810.5726318359375,810.5726318359375,797.7063995845734,810.5726318359375,4190.0
2016-10-04,797.7063995845734,810.5726318359375,797.7063995845734,810.5726318359375,3660.0
2016-10-05,810.5726318359375,810.5726318359375,810.5726318359375,810.5726318359375,0.0
2016-10-06,797.7063995845734,810.5726318359375,797.7063995845734,810.5726318359375,8110.0
2016-10-07,797.7062842380478,807.35595703125,794.4897266403137,807.35595703125,7730.0
2016-10-10,800.9228466796875,807.3559619140625,800.9228466796875,804.139404296875,2630.0
2016-10-11,797.7062890625,804.139404296875,791.273173828125,804.139404296875,12960.0
2016-10-12,804.139404296875,804.139404296875,797.7062890625,804.139404296875,1090.0
2016-10-13,797.7062890625,804.139404296875,797.7062890625,804.139404296875,3450.0
2016-10-14,804.1394756686303,804.1394756686303,797.7063598632812,797.7063598632812,30050.0
2016-10-17,797.7063598632812,797.7063598632812,797.7063598632812,797.7063598632812,0.0
2016-10-18,778.4070329509798,788.056706913182,778.4070329509798,784.8401489257812,12180.0
2016-10-19,784.8401436941964,788.0567016601562,781.6235857282367,788.0567016601562,20150.0
2016-10-20,794.4898019606068,797.7063598632812,791.2732440579322,797.7063598632812,2170.0
2016-10-21,810.5725914739793,810.5725914739793,797.7063598632812,797.7063598632812,6590.0
2016-10-24,791.2733154296876,791.2733154296876,791.2733154296876,791.2733154296875,2130.0
2016-10-25,791.273173828125,804.139404296875,781.6235009765625,804.139404296875,15730.0
2016-10-26,791.2732492053074,794.4898071289062,784.8401333581098,794.4898071289062,5000.0
2016-10-27,794.4898573787337,800.9229736328125,788.0567411246549,800.9229736328125,310.0
2016-10-28,797.706365052505,797.706365052505,791.2732492053074,794.4898071289062,1130.0
2016-10-31,794.4898071289062,794.4898071289062,794.4898071289062,794.4898071289062,0.0
2016-11-01,794.4898071289062,794.4898071289062,794.4898071289062,794.4898071289062,0.0
2016-11-02,784.8401489257812,784.8401489257812,784.8401489257812,784.8401489257812,1820.0
2016-11-03,784.8401489257812,784.8401489257812,784.8401489257812,784.8401489257812,2000.0
2016-11-04,781.6236248705761,800.9229736328125,778.4070667435367,800.9229736328125,1540.0
2016-11-07,788.0566912817086,794.4898071289062,788.0566912817086,794.4898071289062,60.0
2016-11-08,791.2732492053074,794.4898071289062,791.2732492053074,794.4898071289062,5530.0
2016-11-09,817.0056298244522,817.0056298244522,784.8400538471116,807.35595703125,270.0
2016-11-10,820.2223060244605,820.2223060244605,804.1395157102554,810.5726318359375,48860.0
2016-11-11,810.5726318359375,810.5726318359375,810.5726318359375,810.5726318359375,5000.0
2016-11-14,804.139404296875,804.139404296875,804.139404296875,804.139404296875,38500.0
2016-11-15,823.4388533464567,823.4388533464567,813.7891792838028,817.0057373046875,18720.0
2016-11-16,817.0056563976199,836.3050026117369,817.0056563976199,829.8718872070312,170.0
2016-11-17,829.8720202445984,829.8720202445984,823.4389038085938,823.4389038085938,290.0
2016-11-18,823.4389038085938,823.4389038085938,823.4389038085938,823.4389038085938,0.0
2016-11-21,817.0057373046874,817.0057373046874,817.0057373046874,817.0057373046875,70.0
2016-11-22,817.0057373046874,817.0057373046874,817.0057373046874,817.0057373046875,960.0
2016-11-23,817.0057479616195,817.0057479616195,807.3560737730965,810.5726318359375,460.0
2016-11-24,810.5726318359375,810.5726318359375,810.5726318359375,810.5726318359375,200.0
2016-11-25,833.0884399414062,833.0884399414062,833.0884399414062,833.0884399414062,560.0
2016-11-28,833.0884399414062,833.0884399414062,833.0884399414062,833.0884399414062,0.0
2016-11-29,833.0884399414062,833.0884399414062,833.0884399414062,833.0884399414062,80.0
2016-11-30,849.1713175135334,849.1713175135334,817.0057373046874,817.0057373046875,800.0
2016-12-01,817.0057373046874,817.0057373046874,817.0057373046874,817.0057373046875,100.0
2016-12-02,817.0057373046874,817.0057373046874,817.0057373046874,817.0057373046875,0.0
2016-12-05,784.8401333581098,794.4898071289062,784.8401333581098,794.4898071289062,8430.0
2016-12-06,784.8401829976156,800.9229736328125,784.8401829976156,800.9229736328125,35260.0
2016-12-07,791.2731690425796,807.35595703125,791.2731690425796,807.35595703125,15340.0
2016-12-08,807.3560898868914,807.3560898868914,784.8401829976156,800.9229736328125,25930.0
2016-12-09,800.9229736328125,800.9229736328125,800.9229736328125,800.9229736328125,0.0
2016-12-12,791.2732992516943,800.9229736328125,784.8401829976156,800.9229736328125,10150.0
2016-12-13,797.7063598632812,797.7063598632812,784.8401282525831,797.7063598632812,5550.0
2016-12-14,794.4898071289062,794.4898071289062,794.4898071289062,794.4898071289062,160.0
2016-12-15,784.8401333581098,794.4898071289062,784.8401333581098,794.4898071289062,8130.0
2016-12-16,784.8401436941964,791.2732596261161,755.8911220005581,788.0567016601562,19590.0
2016-12-19,788.0567016601562,788.0567016601562,784.8401436941964,788.0567016601562,3250.0
2016-12-20,788.0567016601562,791.2732596261161,788.0567016601562,788.0567016601562,1540.0
2016-12-21,784.8401333581098,794.4898071289062,784.8401333581098,794.4898071289062,20020.0
2016-12-22,797.7063598632812,797.7063598632812,797.7063598632812,797.7063598632812,100.0
2016-12-23,797.7063598632812,797.7063598632812,788.0566861552577,797.7063598632812,10200.0
2016-12-26,791.2732440579322,797.7063598632812,791.2732440579322,797.7063598632812,44770.0
2016-12-27,800.9229576474144,810.5726318359375,797.7063995845734,810.5726318359375,20130.0
2016-12-28,849.65673828125,849.65673828125,849.65673828125,849.65673828125,150.0
2016-12-29,846.2581787109375,846.2581787109375,846.2581787109375,846.2581787109375,5000.0
2017-01-02,836.0623236208546,836.0623236208546,832.6636962890625,832.6636962890625,350.0
2017-01-03,839.4609441989807,839.4609441989807,815.6705530678354,836.0623168945312,940.0
2017-01-04,836.0622688668674,836.0622688668674,822.4677604300077,829.2650146484375,250.0
2017-01-05,819.0691333207928,832.6636417576524,819.0691333207928,829.2650146484375,1800.0
2017-01-06,832.6635931346042,832.6635931346042,822.4677124023438,822.4677124023438,120.0
2017-01-09,829.2650689572704,832.6636962890625,829.2650689572704,832.6636962890625,250.0
2017-01-10,825.8663875392226,829.2650146484375,825.8663875392226,829.2650146484375,1260.0
2017-01-11,819.069091796875,822.4677187337916,819.069091796875,819.069091796875,1170.0
2017-01-12,815.6706001569038,815.6706001569038,808.8733451555963,812.27197265625,3150.0
2017-01-13,808.8732299804688,815.670484013918,808.8732299804688,808.8732299804688,2620.0
2017-01-16,798.677462653635,812.27197265625,798.677462653635,812.27197265625,3360.0
2017-01-17,808.8733451555963,812.27197265625,808.8733451555963,812.27197265625,2210.0
2017-01-18,812.2719322983099,832.6636962890625,812.2719322983099,832.6636962890625,73570.0
2017-01-19,842.8594738668647,842.8594738668647,822.4677124023438,822.4677124023438,1030.0
2017-01-20,808.8732047593298,836.0622200453577,808.8732047593298,822.4677124023438,60.0
2017-01-23,815.6705062115778,829.2650146484375,815.6705062115778,829.2650146484375,320.0
2017-01-24,822.4677604300077,829.2650146484375,822.4677604300077,829.2650146484375,110.0
2017-01-25,829.2650146484375,829.2650146484375,819.0691333207928,829.2650146484375,200.0
2017-01-26,819.0691397710101,825.8663940429688,819.0691397710101,825.8663940429688,3370.0
2017-01-31,822.4677669069895,825.8663940429688,822.4677669069895,825.8663940429688,2800.0
2017-02-01,829.2650146484375,829.2650146484375,819.0691333207928,829.2650146484375,160.0
2017-02-02,815.6705322265625,815.6705322265625,815.6705322265625,815.6705322265625,10.0
2017-02-03,808.8732109861255,819.069091796875,808.8732109861255,819.069091796875,1400.0
2017-02-06,822.4677669069895,829.265021178948,815.6705126350308,825.8663940429688,21300.0
2017-02-07,829.2649662238507,829.2649662238507,822.4677124023438,822.4677124023438,370.0
2017-02-08,822.4677124023438,822.4677124023438,822.4677124023438,822.4677124023438,21200.0
2017-02-09,822.4677604300077,829.2650146484375,822.4677604300077,829.2650146484375,9570.0
2017-02-10,822.4677604300077,829.2650146484375,815.6705062115778,829.2650146484375,9960.0
2017-02-13,805.4746505737304,825.8664138793945,805.4746505737304,815.6705322265625,1010.0
2017-02-14,822.4677669069895,825.8663940429688,822.4677669069895,825.8663940429688,400.0
2017-02-15,825.8663393130972,829.2649662238507,822.4677124023438,822.4677124023438,410.0
2017-02-16,822.4677604300077,829.2650146484375,815.6705062115778,829.2650146484375,1840.0
2017-02-17,829.2650146484375,829.2650146484375,819.0691333207928,829.2650146484375,1140.0
2017-02-20,829.2649662238507,829.2649662238507,822.4677124023438,822.4677124023438,500.0
2017-02-21,829.2650146484375,829.2650146484375,822.4677604300077,829.2650146484375,330.0
2017-02-22,832.6636962890625,832.6636962890625,829.2650689572704,832.6636962890625,350.0
2017-02-23,832.6636962890625,832.6636962890625,832.6636962890625,832.6636962890625,0.0
2017-02-24,829.2650689572704,832.6636962890625,829.2650689572704,832.6636962890625,230.0
2017-02-27,832.663689590082,839.4609441989807,832.663689590082,836.0623168945312,2190.0
2017-02-28,839.4609242634601,846.2581787109375,839.4609242634601,846.2581787109375,5910.0
2017-03-02,846.2581113281251,849.65673828125,846.2581113281251,849.65673828125,980.0
2017-03-03,849.6568126063194,849.6568126063194,839.4609308550436,842.8595581054688,4890.0
2017-03-06,842.8594843750001,849.65673828125,842.8594843750001,849.65673828125,13840.0
2017-03-07,849.6566711668949,853.0552978515624,849.6566711668949,853.0552978515625,21010.0
2017-03-08,856.4539921875,856.4539921875,849.65673828125,849.65673828125,8260.0
2017-03-09,863.251314829631,863.251314829631,846.2581787109375,846.2581787109375,1470.0
2017-03-10,842.8594843750001,849.65673828125,842.8594843750001,849.65673828125,12520.0
2017-03-13,842.8595255373024,863.2512882519145,842.8595255373024,859.8526611328125,23390.0
2017-03-14,859.8527154396838,863.2513427734375,849.6568334384227,863.2513427734375,22680.0
2017-03-15,849.6567797755064,859.8526611328125,849.6567797755064,859.8526611328125,13530.0
2017-03-16,856.4540881059302,863.2513427734375,849.6568334384227,863.2513427734375,4540.0
2017-03-17,859.8527154396838,863.2513427734375,859.8527154396838,863.2513427734375,4260.0
2017-03-20,863.2513228242036,880.2444591002707,859.8526955689902,873.4472045898438,4250.0
2017-03-21,863.251256188681,880.2443911530252,863.251256188681,876.8457641601562,2600.0
2017-03-22,876.8459000587463,876.8459000587463,866.6500174999237,870.0486450195312,1470.0
2017-03-23,863.2512144799326,873.4470949659161,863.2512144799326,866.6498413085938,1790.0
2017-03-24,859.8526955689902,880.2444591002707,859.8526955689902,873.4472045898438,340.0
2017-03-27,873.4472045898439,873.4472045898439,866.649950079417,873.4472045898438,750.0
2017-03-28,876.8457641601562,876.8457641601562,873.4471371672875,876.8457641601562,670.0
2017-03-29,876.8457641601562,876.8457641601562,873.4471371672875,876.8457641601562,5440.0
2017-03-30,876.8457641601562,880.2443911530252,866.6498831815499,876.8457641601562,8670.0
2017-03-31,876.8457641601562,883.643018145894,876.8457641601562,876.8457641601562,460.0
2017-04-03,876.8457641601562,876.8457641601562,873.4471371672875,876.8457641601562,1720.0
2017-04-04,870.0484975961538,883.6430053710938,863.2512437086839,883.6430053710938,8260.0
2017-04-05,883.6430053710938,883.6430053710938,883.6430053710938,883.6430053710938,950.0
2017-04-06,883.6430053710938,883.6430053710938,883.6430053710938,883.6430053710938,560.0
2017-04-07,883.643011733832,883.643011733832,876.845757797418,880.244384765625,2130.0
2017-04-10,866.6498831815499,876.8457641601562,863.251256188681,876.8457641601562,2030.0
2017-04-11,876.845757797418,880.244384765625,876.845757797418,880.244384765625,450.0
2017-04-12,876.8457514836238,883.6430053710938,876.8457514836238,883.6430053710938,820.0
2017-04-13,876.8457514836238,883.6430053710938,870.0484975961538,883.6430053710938,1190.0
2017-04-14,883.6430053710938,883.6430053710938,883.6430053710938,883.6430053710938,1060.0
2017-04-17,893.8388862022987,893.8388862022987,873.4471245398888,883.6430053710938,2640.0
2017-04-18,883.6430053710938,883.6430053710938,883.6430053710938,883.6430053710938,1970.0
2017-04-19,883.6431744990458,890.4404296875,883.6431744990458,890.4404296875,1030.0
2017-04-20,890.4402592585636,890.4402592585636,883.6430053710938,883.6430053710938,3100.0
2017-04-21,893.8390572817272,893.8390572817272,890.4404296875,890.4404296875,60.0
2017-04-24,883.6431744990458,890.4404296875,880.2445469048188,890.4404296875,14190.0
2017-04-25,880.2443597017585,893.8388671875,880.2443597017585,893.8388671875,24120.0
2017-04-26,893.8388671875,893.8388671875,887.0416134446293,893.8388671875,4750.0
2017-04-27,887.0416134446293,893.8388671875,887.0416134446293,893.8388671875,500.0
2017-04-28,897.2376098632812,897.2376098632812,887.0417279330167,897.2376098632812,11810.0
2017-05-02,897.2376098632812,897.2376098632812,890.4403552431048,897.2376098632812,8950.0
2017-05-04,910.8321055935738,910.8321055935738,890.4403420355087,904.0348510742188,600.0
2017-05-08,907.4334106445312,907.4334106445312,900.6361566322128,907.4334106445312,6190.0
2017-05-10,904.0348510742188,910.8321055935738,900.6362238145413,904.0348510742188,7560.0
2017-05-11,897.2375965548637,904.0348510742188,897.2375965548637,904.0348510742188,1510.0
2017-05-12,897.2375965548637,904.0348510742188,890.4403420355087,904.0348510742188,3570.0
2017-05-15,900.636204148757,917.629340076092,900.636204148757,914.230712890625,1250.0
2017-05-16,904.034783638372,914.2306646568499,897.2375296260534,907.4334106445312,3840.0
2017-05-17,907.4334650751371,910.8320922851564,904.0348378651179,910.8320922851562,17900.0
2017-05-18,910.8320922851564,910.8320922851564,904.0348378651179,910.8320922851562,4140.0
2017-05-19,910.832085705158,914.230712890625,910.832085705158,914.230712890625,3780.0
2017-05-22,914.2307537303252,924.4266357421875,914.2307537303252,924.4266357421875,2620.0
2017-05-23,917.6294347742102,927.8253173828125,917.6294347742102,927.8253173828125,3220.0
2017-05-24,931.2238159179688,931.2238159179688,924.4265617871806,931.2238159179688,3050.0
2017-05-25,931.2237967480821,941.419677734375,931.2237967480821,941.419677734375,11060.0
2017-05-26,941.419792998609,951.615675233251,941.419792998609,944.8184204101562,12570.0
2017-05-29,944.8184999277894,1094.3581186213964,941.4198722302074,965.2102661132812,332210.0
2017-05-30,955.0141052246095,958.4127319335938,934.6223449707032,951.615478515625,48780.0
2017-05-31,951.6155497233073,982.203192392985,948.2169227600097,978.8045654296875,34500.0
2017-06-01,992.3991088867188,992.3991088867188,975.4059734605763,992.3991088867188,17440.0
2017-06-02,1002.5951065219709,1002.5951065219709,982.203341643558,995.7978515625,9060.0
2017-06-05,1012.7907776495423,1019.5880311908144,1002.5948973376342,1009.3921508789062,25920.0
2017-06-07,1009.3922534179687,1029.7840161132813,1009.3922534179687,1019.588134765625,12960.0
2017-06-08,1019.5879575799539,1026.3852106304869,1012.790704529421,1016.1893310546875,15040.0
2017-06-09,1005.9936668471535,1029.7840576171875,1005.9936668471535,1029.7840576171875,23490.0
2017-06-12,1050.176000494706,1050.176000494706,1022.9869778281764,1033.182861328125,6570.0
2017-06-13,1033.1825793850808,1053.5743408203125,1033.1825793850808,1053.5743408203125,59070.0
2017-06-14,1056.9731583579844,1056.9731583579844,1050.1759033203125,1050.1759033203125,21540.0
2017-06-15,1050.1758076652152,1050.1758076652152,1029.78404440958,1036.581298828125,15610.0
2017-06-16,1036.5814891614411,1036.5814891614411,1026.3856056614925,1033.182861328125,4610.0
2017-06-19,1026.3856056614925,1036.5814891614411,1019.5883499948602,1033.182861328125,10840.0
2017-06-20,1033.182861328125,1033.182861328125,1022.9869778281764,1033.182861328125,14860.0
2017-06-21,1033.182861328125,1033.182861328125,1033.182861328125,1033.182861328125,40.0
2017-06-22,1033.1826848700496,1033.1826848700496,1019.5881758586014,1029.7840576171875,4000.0
2017-06-23,1029.7840576171875,1033.1826848700496,1022.9868031114635,1029.7840576171875,2180.0
2017-06-26,1019.5881758586014,1036.5813121229114,1019.5881758586014,1029.7840576171875,5560.0
2017-06-27,1029.7840030493326,1033.1826301221026,1022.9867489037924,1026.3853759765625,10420.0
2017-06-28,1019.5881347656249,1029.7840161132813,1019.5881347656249,1019.588134765625,6780.0
2017-06-29,1019.5881347656249,1026.3853889973957,1019.5881347656249,1019.588134765625,8210.0
2017-06-30,1036.5812571948727,1036.5812571948727,1026.3853759765625,1026.3853759765625,430.0
2017-07-03,1033.1826432291666,1033.1826432291666,1016.1895076497395,1019.588134765625,3460.0
2017-07-04,1026.3852106304869,1026.3852106304869,1012.790704529421,1016.1893310546875,10750.0
2017-07-05,1026.3855049412116,1026.3855049412116,1012.7909949419902,1022.9868774414062,6340.0
2017-07-06,1029.7840030493326,1029.7840030493326,1012.7908676854822,1026.3853759765625,7390.0
2017-07-07,1026.3854021930053,1026.3854021930053,1005.9936392355285,1012.7908935546875,4420.0
2017-07-10,1005.9936392355285,1033.1826565121644,1005.9936392355285,1012.7908935546875,19380.0
2017-07-11,1009.3923407889702,1016.1895956090979,1005.9937133789062,1005.9937133789062,6410.0
2017-07-12,1022.9868504292256,1022.9868504292256,999.1964585587785,1005.9937133789062,7880.0
2017-07-13,999.1962705669981,1012.7907776495423,999.1962705669981,1009.3921508789062,4110.0
2017-07-14,1005.9936392355285,1016.1895207142669,999.1963849163695,1012.7908935546875,2420.0
2017-07-17,1012.7908935546875,1012.7908935546875,1012.7908935546875,1012.7908935546875,2580.0
2017-07-18,1012.790968199034,1012.790968199034,992.3992037386507,1005.9937133789062,5580.0
2017-07-19,999.1962705669981,1009.3921508789062,999.1962705669981,1009.3921508789062,2290.0
2017-07-20,1002.5950859688423,1012.790968199034,999.1964585587785,1005.9937133789062,3550.0
2017-07-21,1005.9937399423795,1022.9868774414061,1005.9937399423795,1022.9868774414062,250.0
2017-07-24,1019.5882230191618,1019.5882230191618,1005.9937133789062,1005.9937133789062,2790.0
2017-07-25,1005.9937133789062,1005.9937133789062,1002.5950859688423,1005.9937133789062,2160.0
2017-07-26,1005.9936656303146,1005.9936656303146,992.3991566353103,999.1964111328125,3750.0
2017-07-27,992.3992104740466,1002.5950927734376,992.3992104740466,1002.5950927734375,1560.0
2017-07-28,1012.790968199034,1012.790968199034,992.3992037386507,1005.9937133789062,2680.0
2017-07-31,999.1964585587785,1005.9937133789062,992.3992037386507,1005.9937133789062,2470.0
2017-08-01,1012.7908935546875,1012.7908935546875,1012.7908935546875,1012.7908935546875,40.0
2017-08-02,1012.7908935546875,1016.1895207142669,1012.7908935546875,1012.7908935546875,700.0
2017-08-03,1012.790704529421,1016.1893310546875,1009.3920780041544,1016.1893310546875,5460.0
2017-08-04,1050.1757788085936,1050.1757788085936,1019.5881347656249,1019.588134765625,550.0
2017-08-07,1019.5881218310224,1026.3853759765625,999.196359394402,1026.3853759765625,820.0
2017-08-08,1026.3853889973957,1026.3853889973957,1002.5949991861978,1019.588134765625,490.0
2017-08-09,1019.5879575799539,1019.5879575799539,999.1961984283549,1016.1893310546875,9760.0
2017-08-10,999.1961984283549,1016.1893310546875,999.1961984283549,1016.1893310546875,360.0
2017-08-11,999.1963630571757,999.1963630571757,985.6018547162618,992.3991088867188,6420.0
2017-08-14,992.3992037386507,1009.3923407889702,985.601948918523,1005.9937133789062,8520.0
2017-08-16,982.203341643558,1002.5951065219709,982.203341643558,995.7978515625,9360.0
2017-08-17,1005.9934514788879,1016.1893310546875,1005.9934514788879,1016.1893310546875,80.0
2017-08-18,1012.7908935546875,1012.7908935546875,999.1963849163695,1012.7908935546875,1690.0
2017-08-21,1019.5881347656249,1019.5881347656249,985.6018636067707,1019.588134765625,3650.0
2017-08-22,995.797744954427,1019.5881347656249,989.0004907226562,1019.588134765625,4040.0
2017-08-23,1019.5882439206484,1019.5882439206484,995.7978515625,995.7978515625,580.0
2017-08-24,1009.3923407889702,1009.3923407889702,985.601948918523,1005.9937133789062,3170.0
2017-08-25,1005.9937133789062,1005.9937133789062,1005.9937133789062,1005.9937133789062,0.0
2017-08-28,1012.7908935546875,1012.7908935546875,1012.7908935546875,1012.7908935546875,30.0
2017-08-29,992.399017025726,1009.3921508789062,992.399017025726,1009.3921508789062,650.0
2017-08-30,1009.392266395108,1012.7908935546875,999.1963849163695,1012.7908935546875,1380.0
2017-08-31,1019.5881347656249,1019.5881347656249,999.1963720703125,1019.588134765625,550.0
2017-09-01,1019.5882230191618,1019.5882230191618,1005.9937133789062,1005.9937133789062,1360.0
2017-09-04,1005.9937202065679,1005.9937202065679,1002.5950927734376,1002.5950927734375,290.0
2017-09-05,999.1964585587785,1005.9937133789062,978.8046940983953,1005.9937133789062,4180.0
2017-09-06,1005.9937133789062,1005.9937133789062,1005.9937133789062,1005.9937133789062,10.0
2017-09-07,1016.1895473765677,1016.1895473765677,992.3991566353103,999.1964111328125,1200.0
2017-09-08,999.1964111328124,999.1964111328124,999.1964111328124,999.1964111328125,0.0
2017-09-11,978.804647640306,999.1964111328124,968.6087658940529,999.1964111328125,3220.0
2017-09-12,1012.7908935546875,1012.7908935546875,1012.7908935546875,1012.7908935546875,10.0
2017-09-13,1009.3923476396982,1009.3923476396982,1002.5950927734376,1002.5950927734375,160.0
2017-09-14,978.804647640306,999.1964111328124,978.804647640306,999.1964111328125,9910.0
2017-09-15,999.1964111328124,999.1964111328124,999.1964111328124,999.1964111328125,0.0
2017-09-18,985.6018762780516,1012.7908935546875,985.6018762780516,1012.7908935546875,900.0
2017-09-19,975.4058831725457,1009.3921508789062,975.4058831725457,1009.3921508789062,10780.0
2017-09-20,995.7977690480727,995.7977690480727,975.406005859375,975.406005859375,13360.0
2017-09-21,968.608612060547,985.6017456054689,968.608612060547,985.6017456054688,7190.0
2017-09-25,1002.5950927734376,1002.5950927734376,1002.5950927734376,1002.5950927734375,10.0
2017-09-26,1002.5950927734376,1002.5950927734376,1002.5950927734376,1002.5950927734375,0.0
2017-09-27,972.0073852539062,972.0073852539062,972.0073852539062,972.0073852539062,1010.0
2017-09-28,968.608784777053,968.608784777053,944.8183935720025,958.4129028320312,12150.0
2017-09-29,958.4129028320314,958.4129028320314,955.0142755170241,958.4129028320312,220.0
2017-10-10,958.4127493193655,1009.3921508789062,958.4127493193655,1009.3921508789062,330.0
2017-10-11,1009.3921886326111,1009.3921886326111,958.4127851663176,989.0004272460938,600.0
2017-10-12,989.0003723144532,989.0003723144532,961.8113586425782,985.6017456054688,3660.0
2017-10-13,975.4058654785157,985.6017456054689,975.4058654785157,985.6017456054688,110.0
2017-10-16,978.8046219588925,1012.7908935546875,978.8046219588925,1012.7908935546875,1010.0
2017-10-17,972.007393142804,999.1964111328124,972.007393142804,999.1964111328125,1060.0
2017-10-18,975.4061492060272,975.4061492060272,958.4130107181173,965.2102661132812,4590.0
2017-10-19,965.2100765830592,968.6087036132812,965.2100765830592,968.6087036132812,330.0
2017-10-20,968.6087036132812,968.6087036132812,968.6087036132812,968.6087036132812,1220.0
2017-10-23,968.6088938108633,978.8047769036092,965.2102661132812,965.2102661132812,150.0
2017-10-24,955.0141954923931,968.6087036132812,944.818314401727,968.6087036132812,6730.0
2017-10-25,965.2099853515625,965.2099853515625,951.6154785156251,951.615478515625,2270.0
2017-10-26,955.0141052246095,955.0141052246095,944.8182250976563,951.615478515625,3700.0
2017-10-27,951.6156219269012,972.0073852539062,948.2169947057338,972.0073852539062,2490.0
2017-10-30,972.0073852539062,972.0073852539062,951.6156219269012,972.0073852539062,740.0
2017-10-31,972.0073115030924,978.8045654296874,961.8114306131998,978.8045654296875,2620.0
2017-11-01,975.406005859375,975.406005859375,975.406005859375,975.406005859375,280.0
2017-11-02,975.4060124750738,975.4060124750738,972.0073852539062,972.0073852539062,20.0
2017-11-03,972.0073306435033,978.8045847039474,965.2100765830592,968.6087036132812,2760.0
2017-11-06,965.2100282271422,965.2100282271422,958.4127745072327,961.8114013671875,4350.0
2017-11-07,958.4130107181173,965.2102661132812,955.0143830205353,965.2102661132812,1430.0
2017-11-08,951.6155207873232,961.8114013671874,951.6155207873232,961.8114013671875,4500.0
2017-11-09,955.0141954923931,968.6087036132812,955.0141954923931,968.6087036132812,1710.0
2017-11-10,958.4128225226151,968.6087036132812,948.2169414319491,968.6087036132812,48030.0
2017-11-13,965.2102661132812,965.2102661132812,958.4130107181173,965.2102661132812,2690.0
2017-11-14,965.2102661132812,965.2102661132812,965.2102661132812,965.2102661132812,6370.0
2017-11-15,965.2102661132812,965.2102661132812,951.6157553229533,965.2102661132812,41800.0
2017-11-16,965.2102661132812,965.2102661132812,961.8116384156992,965.2102661132812,70.0
2017-11-17,961.8116384156992,965.2102661132812,961.8116384156992,965.2102661132812,910.0
2017-11-20,965.2100922048909,995.7977359719472,965.2100922048909,992.3991088867188,16570.0
2017-11-21,978.8045654296874,978.8045654296874,978.8045654296874,978.8045654296875,10.0
2017-11-22,985.6020322987731,985.6020322987731,965.2102661132812,965.2102661132812,1470.0
2017-11-23,965.2101242650261,975.406005859375,958.4128698687936,975.406005859375,1220.0
2017-11-24,961.8114306131998,982.203192392985,961.8114306131998,978.8045654296875,890.0
2017-11-27,975.406005859375,975.406005859375,961.8114970669099,975.406005859375,70.0
2017-11-28,975.406005859375,975.406005859375,975.406005859375,975.406005859375,30.0
2017-11-29,975.4060124750738,975.4060124750738,958.4128763692363,972.0073852539062,2770.0
2017-11-30,968.6086550870968,968.6086550870968,958.4127745072327,961.8114013671875,1910.0
2017-12-01,958.4130107181173,965.2102661132812,958.4130107181173,965.2102661132812,2450.0
2017-12-04,965.2102661132812,965.2102661132812,958.4130107181173,965.2102661132812,8130.0
2017-12-05,965.2100575764973,978.8045654296874,958.4128036499022,978.8045654296875,3280.0
2017-12-06,961.8114970669099,975.406005859375,961.8114970669099,975.406005859375,240.0
2017-12-07,961.8116384156992,965.2102661132812,961.8116384156992,965.2102661132812,500.0
2017-12-08,968.6088938108633,968.6088938108633,965.2102661132812,965.2102661132812,9400.0
2017-12-11,965.2100282271422,965.2100282271422,951.6155207873232,961.8114013671875,400.0
2017-12-12,961.8114013671874,961.8114013671874,961.8114013671874,961.8114013671875,200.0
2017-12-13,951.6155207873232,961.8114013671874,951.6155207873232,961.8114013671875,1040.0
2017-12-14,961.8114013671874,961.8114013671874,961.8114013671874,961.8114013671875,0.0
2017-12-15,961.8115301470385,961.8115301470385,951.6156482020169,958.4129028320312,2190.0
2017-12-18,944.8183935720025,958.4129028320314,944.8183935720025,958.4129028320312,850.0
2017-12-19,958.4128698687936,975.406005859375,958.4128698687936,975.406005859375,12060.0
2017-12-21,965.2102661132812,965.2102661132812,955.0143830205353,965.2102661132812,270.0
2017-12-22,961.8114013671874,961.8114013671874,955.014147647278,961.8114013671875,11750.0
2017-12-26,961.8114495528372,968.6087036132812,951.615568462171,968.6087036132812,69580.0
2017-12-27,991.6286156882703,1005.7947387695312,984.5455541476398,1005.7947387695312,10180.0
2017-12-28,988.087084917955,1005.7947387695312,988.087084917955,1005.7947387695312,140.0
2018-01-02,1016.4194344719538,1016.4194344719538,984.5456542968751,984.545654296875,5620.0
2018-01-03,984.5456271701389,991.6286892361111,984.5456271701389,988.087158203125,470.0
2018-01-04,988.0871098650633,988.0871098650633,959.754862987212,970.3794555664062,4380.0
2018-01-05,981.0040481456006,981.0040481456006,970.3794555664064,970.3794555664062,150.0
2018-01-08,970.3794826186183,970.3794826186183,963.2964207016942,966.8379516601562,690.0
2018-01-09,970.3794826186183,970.3794826186183,942.0472349509215,966.8379516601562,2220.0
2018-01-10,949.130169294857,963.296291224631,949.130169294857,959.7547607421875,2460.0
2018-01-11,963.2964207016942,966.8379516601562,959.754889743232,966.8379516601562,540.0
2018-01-12,966.8379516601562,966.8379516601562,966.8379516601562,966.8379516601562,0.0
2018-01-15,966.8378217070745,966.8378217070745,956.213230259744,959.7547607421875,2050.0
2018-01-16,956.213230259744,988.0870046017354,956.213230259744,959.7547607421875,2070.0
2018-01-17,959.7547607421875,959.7547607421875,959.7547607421875,959.7547607421875,0.0
2018-01-18,995.170290329877,995.170290329877,963.2965087890625,963.2965087890625,430.0
2018-01-19,963.2965087890625,963.2965087890625,963.2965087890625,963.2965087890625,0.0
2018-01-22,963.2965087890625,963.2965087890625,963.2965087890625,963.2965087890625,0.0
2018-01-23,963.2965087890625,963.2965087890625,963.2965087890625,963.2965087890625,0.0
2018-01-24,973.9209864261377,973.9209864261377,963.2963938469435,970.3794555664062,1110.0
2018-01-25,959.754862987212,970.3794555664064,959.754862987212,970.3794555664062,570.0
2018-01-26,970.3794555664064,970.3794555664064,970.3794555664064,970.3794555664062,0.0
2018-01-29,956.2133321274807,991.6286407247948,956.2133321274807,970.3794555664062,17840.0
2018-01-30,970.379571353688,984.5456964829389,963.2965087890625,963.2965087890625,8280.0
2018-01-31,956.213230259744,966.8378217070745,956.213230259744,959.7547607421875,10090.0
2018-02-01,963.2965087890625,977.4626339183135,959.7549775067498,963.2965087890625,1530.0
2018-02-02,963.2964207016942,966.8379516601562,963.2964207016942,966.8379516601562,570.0
2018-02-05,956.2133178710938,956.2133178710938,910.173417381004,956.2133178710938,13020.0
2018-02-06,938.5057102289414,942.0472412109375,934.9641792469455,942.0472412109375,4450.0
2018-02-07,942.0472412109375,956.2133651389215,938.5057102289414,942.0472412109375,1530.0
2018-02-08,942.0472412109375,942.0472412109375,942.0472412109375,942.0472412109375,0.0
2018-02-09,942.0472412109375,942.0472412109375,942.0472412109375,942.0472412109375,0.0
2018-02-12,942.0474187677557,942.0474187677557,920.7982288707386,934.96435546875,11360.0
2018-02-13,934.96435546875,934.96435546875,934.96435546875,934.96435546875,850.0
2018-02-14,892.4658730996622,920.798123039334,892.4658730996622,917.256591796875,1500.0
2018-02-19,920.7980548546936,920.7980548546936,896.0073379932211,910.1734619140625,4480.0
2018-02-20,910.1734619140625,910.1734619140625,910.1734619140625,910.1734619140625,0.0
2018-02-21,920.7980346679688,924.3395655705378,920.7980346679688,920.7980346679688,980.0
2018-02-22,945.5887721929334,945.5887721929334,885.3827454990014,942.0472412109375,2460.0
2018-02-23,970.3795604337596,970.3795604337596,910.173529311957,917.256591796875,2600.0
2018-02-26,952.6719042214647,952.6719042214647,913.715060554416,917.256591796875,6200.0
2018-02-27,920.798123039334,920.798123039334,917.256591796875,917.256591796875,200.0
2018-02-28,917.2564911464475,938.5056762695312,917.2564911464475,938.5056762695312,350.0
2018-03-02,934.9640769813451,934.9640769813451,917.2564240082136,931.4225463867188,2010.0
2018-03-05,934.9642544450431,934.9642544450431,924.3396606445312,924.3396606445312,250.0
2018-03-06,924.3396606445312,924.3396606445312,924.3396606445312,924.3396606445312,0.0
2018-03-07,917.2564240082136,931.4225463867188,917.2564240082136,931.4225463867188,180.0
2018-03-08,910.173388998017,927.8810424804688,910.173388998017,927.8810424804688,70.0
2018-03-09,927.8810964731069,927.8810964731069,920.7980346679688,920.7980346679688,1250.0
2018-03-12,920.7979810874881,927.8810424804688,920.7979810874881,927.8810424804688,180.0
2018-03-13,966.8379364013672,966.8379364013672,917.2565037653997,920.7980346679688,4770.0
2018-03-14,934.9641038734494,934.9641038734494,927.8810424804688,927.8810424804688,40.0
2018-03-15,931.4225731769591,931.4225731769591,927.8810424804688,927.8810424804688,90.0
2018-03-16,920.7979810874881,927.8810424804688,910.173388998017,927.8810424804688,2760.0
2018-03-19,913.7149196945073,927.8810424804688,913.7149196945073,927.8810424804688,470.0
2018-03-20,913.715060554416,917.256591796875,913.715060554416,917.256591796875,260.0
2018-03-21,924.3395655705378,924.3395655705378,920.7980346679688,920.7980346679688,20.0
2018-03-22,924.3396606445312,924.3396606445312,924.3396606445312,924.3396606445312,100.0
2018-03-23,917.2565037653997,920.7980346679688,917.2565037653997,920.7980346679688,230.0
2018-03-26,917.256591796875,917.256591796875,917.256591796875,917.256591796875,200.0
2018-03-27,920.798123039334,920.798123039334,917.256591796875,917.256591796875,190.0
2018-03-28,913.715060554416,931.4227167667109,913.715060554416,917.256591796875,970.0
2018-03-29,917.2565037653997,920.7980346679688,917.2565037653997,920.7980346679688,2100.0
2018-03-30,913.7149196945073,927.8810424804688,903.0903276050364,927.8810424804688,2530.0
2018-04-02,927.8811855242519,927.8811855242519,917.256591796875,917.256591796875,260.0
2018-04-03,920.7980346679688,920.7980346679688,917.2565037653997,920.7980346679688,8560.0
2018-04-04,917.2565037653997,920.7980346679688,917.2565037653997,920.7980346679688,3210.0
2018-04-05,920.798129377694,924.3396606445312,913.7150668440194,924.3396606445312,7570.0
2018-04-06,924.3395655705378,924.3395655705378,920.7980346679688,920.7980346679688,1930.0
2018-04-09,920.798129377694,924.3396606445312,917.2565981108567,924.3396606445312,310.0
2018-04-10,924.3396606445312,924.3396606445312,924.3396606445312,924.3396606445312,60.0
2018-04-11,924.3396606445312,924.3396606445312,924.3396606445312,924.3396606445312,10.0
2018-04-12,924.3395655705378,924.3395655705378,917.2565037653997,920.7980346679688,640.0
2018-04-13,920.7980346679688,920.7980346679688,913.7149728628306,920.7980346679688,220.0
2018-04-16,920.7980346679688,920.7980346679688,920.7980346679688,920.7980346679688,0.0
2018-04-17,924.3395655705378,924.3395655705378,920.7980346679688,920.7980346679688,2270.0
2018-04-18,931.422627375676,931.422627375676,913.7149728628306,920.7980346679688,2020.0
2018-04-19,927.8810424804688,927.8810424804688,913.7149196945073,927.8810424804688,50.0
2018-04-20,927.8811919113685,927.8811919113685,924.3396606445312,924.3396606445312,3070.0
2018-04-23,924.3396606445312,924.3396606445312,913.7150668440194,924.3396606445312,3730.0
2018-04-24,920.7980548546936,924.339585834904,903.0903999536418,910.1734619140625,10140.0
2018-04-25,910.173529311957,917.256591796875,910.173529311957,917.256591796875,1020.0
2018-04-26,927.8810837079894,942.0472071233786,927.8810837079894,938.5056762695312,730.0
2018-04-27,934.964145415684,938.5056762695312,934.964145415684,938.5056762695312,1860.0
2018-04-30,938.5057773874768,949.13037109375,934.9642461520523,949.13037109375,7230.0
2018-05-02,934.9641330295138,956.2133178710938,931.4226022225839,956.2133178710938,13410.0
2018-05-03,952.6716997773004,977.462413154405,952.6716997773004,959.7547607421875,9690.0
2018-05-04,956.2133587847699,970.3794826186183,942.0472349509215,966.8379516601562,6740.0
2018-05-08,981.0040335196036,981.0040335196036,956.2133178710938,956.2133178710938,4180.0
2018-05-09,963.2964275568182,977.4625514914774,949.1303036221591,973.9210205078125,28140.0
2018-05-10,973.9211026360007,973.9211026360007,956.213446224437,963.2965087890625,6030.0
2018-05-11,973.9210340711805,991.6286892361111,963.2964409722222,988.087158203125,14390.0
2018-05-14,984.5455396379743,1016.4193161010743,984.5455396379743,991.6286010742188,8150.0
2018-05-15,991.6286010742188,1051.8346232822964,973.9209474836077,991.6286010742188,18740.0
2018-05-16,966.8378860473633,1012.8777853829521,956.2132938929967,991.6286010742188,19420.0
2018-05-17,973.9210275503306,1012.8778686523438,973.9210275503306,1012.8778686523438,26500.0
2018-05-18,1044.751572232066,1048.2931029853953,1002.2532031921178,1030.58544921875,28070.0
2018-05-21,1062.4592833876222,1112.040716612378,1037.6685667752442,1087.25,176080.0
2018-05-23,1090.7915005387931,1097.8745622306035,1023.5024144665948,1027.0439453125,65680.0
2018-05-24,1027.0439509199703,1027.0439509199703,981.0040496718335,1002.2532348632812,32820.0
2018-05-25,973.9209474836077,1009.3362546648299,970.3794167654855,991.6286010742188,31200.0
2018-05-28,1019.9609306708917,1044.7516477358092,998.7117446152481,1012.8778686523438,43350.0
2018-05-29,1019.9610595703126,1023.5025910271539,995.170339372423,1019.9610595703125,14510.0
2018-05-30,1005.7948066337959,1012.8778686523438,991.6286825967002,1012.8778686523438,7150.0
2018-05-31,1012.8778686523438,1019.9609306708917,991.6286825967002,1012.8778686523438,5070.0
2018-06-01,1027.0439653031087,1027.0439653031087,991.6286561547256,1016.4193725585938,2050.0
2018-06-04,1019.9609712910899,1034.127095892355,1019.9609712910899,1023.5025024414062,50.0
2018-06-05,1023.502387712092,1030.58544921875,1002.2532031921178,1030.58544921875,13990.0
2018-06-07,1030.58544921875,1048.2931029853953,1019.960856958763,1030.58544921875,23850.0
2018-06-08,1030.5856136924342,1030.5856136924342,1009.33642578125,1009.33642578125,2020.0
2018-06-11,1012.8778003101618,1027.0439233914228,1005.7947387695312,1005.7947387695312,14050.0
2018-06-12,1030.5855305989583,1030.5855305989583,977.4625651041666,988.087158203125,12740.0
2018-06-14,1016.419323643894,1019.9608543882978,984.5455469442597,998.711669921875,7490.0
2018-06-15,998.711889248207,1239.5360327548667,991.6288262038935,1080.1671142578125,2709580.0
2018-06-18,1168.70538075765,1239.536009894477,1012.8779966566299,1019.9610595703125,1279840.0
2018-06-19,1041.2102460620206,1055.3763718587827,970.3796170782095,981.0042114257812,272810.0
2018-06-20,981.0042114257812,1002.2534001209244,970.3796170782095,981.0042114257812,61330.0
2018-06-21,981.0042114257812,1076.6255605539259,973.9211485274001,981.0042114257812,467510.0
2018-06-22,984.5455861851789,988.087117070737,963.2964008718296,977.4625244140625,119400.0
2018-06-25,970.379462642946,988.087117070737,970.379462642946,977.4625244140625,52880.0
2018-06-26,977.4626339183135,981.0041652006262,959.7549775067498,963.2965087890625,29400.0
2018-06-27,973.9208826719614,988.0870046017354,949.130169294857,959.7547607421875,79860.0
2018-06-28,959.7548486780237,963.2963794849536,938.5056638364438,956.2133178710938,22430.0
2018-06-29,942.04710832997,973.9208826719614,942.04710832997,959.7547607421875,25740.0
2018-07-02,959.7549648000233,977.4626209771455,910.1735275040812,949.13037109375,64230.0
2018-07-03,949.1302818885216,949.1302818885216,903.0903801551232,920.7980346679688,32730.0
2018-07-04,924.3396606445312,927.8811919113685,913.7150668440194,924.3396606445312,5000.0
2018-07-05,924.3396606445312,927.8811919113685,913.7150668440194,924.3396606445312,4050.0
2018-07-06,927.8812921697444,934.96435546875,906.6321022727273,934.96435546875,14610.0
2018-07-09,945.5888102763407,1140.3730221310177,931.4226857778189,1048.293212890625,2841790.0
2018-07-10,995.1702064098012,995.1702064098012,949.1303036221591,973.9210205078125,686770.0
2018-07-11,973.921061802974,1002.2533108736059,938.505750464684,952.671875,355720.0
2018-07-12,973.9208826719614,1048.2930228032749,945.5886388124135,959.7547607421875,356510.0
2018-07-13,952.6719149421243,963.2965087890625,945.5888523774988,963.2965087890625,61190.0
2018-07-16,963.296291224631,963.296291224631,949.130169294857,959.7547607421875,51630.0
2018-07-17,959.7548486780237,959.7548486780237,945.5887254503037,956.2133178710938,36070.0
2018-07-18,952.6719023291745,959.7549648000233,945.5888398583256,949.13037109375,45120.0
2018-07-19,949.1302562572338,959.7548486780237,945.5887254503037,956.2133178710938,35600.0
2018-07-20,949.130343866171,952.671875,945.588812732342,952.671875,25080.0
2018-07-23,956.213433564599,1009.3364020959656,949.13037109375,949.13037109375,109780.0
2018-07-24,959.7548486780237,959.7548486780237,942.0471946433738,956.2133178710938,43060.0
2018-07-25,956.2133178710938,959.7548486780237,949.1302562572338,956.2133178710938,27470.0
2018-07-26,959.7547607421875,963.296291224631,952.6716997773004,959.7547607421875,16400.0
2018-07-27,952.6717870641637,959.7548486780237,949.1302562572338,956.2133178710938,6550.0
2018-07-30,956.213433564599,956.213433564599,949.13037109375,949.13037109375,11630.0
2018-07-31,949.1302562572338,963.2963794849536,949.1302562572338,956.2133178710938,5370.0
2018-08-01,956.2133321274807,973.9209864261377,949.1302704080179,970.3794555664062,45480.0
2018-08-02,970.3794826186183,973.9210135770804,963.2964207016942,966.8379516601562,17490.0
2018-08-03,966.8379247066749,977.4625172858691,966.8379247066749,970.3794555664062,9700.0
2018-08-06,970.3794555664064,977.4625172858691,970.3794555664064,970.3794555664062,12300.0
2018-08-07,970.379462642946,988.087117070737,963.2964008718296,977.4625244140625,27250.0
2018-08-08,970.379462642946,984.5455861851789,966.8379317573879,977.4625244140625,20140.0
2018-08-09,966.8379317573879,977.4625244140625,966.8379317573879,977.4625244140625,13780.0
2018-08-10,977.4625445355425,977.4625445355425,963.2964207016942,966.8379516601562,16260.0
2018-08-13,963.2965087890625,963.2965087890625,959.7549775067498,963.2965087890625,16570.0
2018-08-14,956.213230259744,959.7547607421875,952.6716997773004,959.7547607421875,11680.0
2018-08-16,956.213433564599,963.2964960354478,945.5888398583256,949.13037109375,13420.0
2018-08-17,963.296291224631,963.296291224631,949.130169294857,959.7547607421875,13330.0
2018-08-20,959.754937267658,963.296468401487,952.671875,952.671875,3460.0
2018-08-21,959.7547607421875,963.296291224631,952.6716997773004,959.7547607421875,17070.0
2018-08-22,956.213446224437,963.2965087890625,956.213446224437,963.2965087890625,6870.0
2018-08-23,966.8379247066749,973.9209864261377,963.2963938469435,970.3794555664062,11700.0
2018-08-24,959.7548699862715,977.4625244140625,959.7548699862715,977.4625244140625,8630.0
2018-08-27,977.4625920357465,984.5456542968751,977.4625920357465,984.545654296875,2620.0
2018-08-28,984.5456542968751,1005.7948410802609,981.0041231663108,984.545654296875,23240.0
2018-08-29,991.6287165580037,991.6287165580037,984.5456542968751,984.545654296875,480.0
2018-08-30,998.7117788191323,998.7117788191323,977.4625920357465,984.545654296875,2310.0
2018-08-31,988.0872743241623,988.0872743241623,977.4626799765906,981.0042114257812,400.0
2018-09-03,995.1701715845262,998.7117024442576,963.2963938469435,970.3794555664062,28950.0
2018-09-04,981.0040481456006,981.0040481456006,959.754862987212,970.3794555664062,40560.0
2018-09-05,973.9210135770804,981.0040754940047,959.754889743232,966.8379516601562,5170.0
2018-09-06,963.2965087890625,977.4626339183135,956.213446224437,963.2965087890625,24280.0
2018-09-07,956.213230259744,963.296291224631,952.6716997773004,959.7547607421875,2760.0
2018-09-10,956.2133587847699,966.8379516601562,949.1302968678457,966.8379516601562,7520.0
2018-09-11,966.8379102918836,966.8379102918836,952.6717870641637,956.2133178710938,13510.0
2018-09-12,966.8379102918836,966.8379102918836,945.5887254503037,956.2133178710938,12240.0
2018-09-13,956.2134061338289,963.296468401487,949.130343866171,952.671875,12690.0
2018-09-14,959.7548486780237,1055.376180465133,956.2133178710938,956.2133178710938,187380.0
2018-09-17,956.2133587847699,966.8379516601562,942.0472349509215,966.8379516601562,20540.0
2018-09-18,963.296291224631,991.6285350841789,956.213230259744,959.7547607421875,42550.0
2018-09-19,959.7547607421875,966.8378217070745,952.6716997773004,959.7547607421875,13770.0
2018-09-20,952.6717870641637,959.7548486780237,942.0471946433738,956.2133178710938,17520.0
2018-09-21,952.671875,956.2134061338289,945.588812732342,952.671875,19020.0
2018-09-27,956.213230259744,959.7547607421875,949.130169294857,959.7547607421875,5460.0
2018-09-28,956.2134061338289,956.2134061338289,945.588812732342,952.671875,2660.0
2018-10-01,952.6719023291745,959.7549648000233,949.13037109375,949.13037109375,4320.0
2018-10-02,949.1303031749295,956.2133651389215,942.0472412109375,942.0472412109375,8520.0
2018-10-04,949.13037109375,952.6719023291745,934.9642461520523,949.13037109375,10790.0
2018-10-05,942.0471381705977,942.0471381705977,931.4225463867188,931.4225463867188,19840.0
2018-10-08,934.9642480091699,934.9642480091699,906.6319980694981,917.256591796875,37670.0
2018-10-10,917.2565512657166,920.7980823516846,864.1335849761963,906.6319580078125,32710.0
2018-10-11,885.382675543064,888.9242062452362,857.0504299256859,871.216552734375,19000.0
2018-10-12,917.2565305175782,917.2565305175782,874.7581584472657,885.3827514648438,6700.0
2018-10-15,885.3827445737777,888.9242755520729,874.7581516388924,878.2996826171875,8410.0
2018-10-16,892.4659088256349,892.4659088256349,878.29978328872,888.9243774414062,300.0
2018-10-17,885.3826976957776,892.4657592773438,885.3826976957776,892.4657592773438,9590.0
2018-10-18,885.3826976957776,892.4657592773438,885.3826976957776,892.4657592773438,6180.0
2018-10-19,885.3828460571775,892.4659088256349,874.7582519044913,888.9243774414062,13780.0
2018-10-22,874.7581053234281,892.4657592773438,874.7581053234281,892.4657592773438,670.0
2018-10-23,892.4657592773438,892.4657592773438,885.3826976957776,892.4657592773438,640.0
2018-10-24,864.1335587040071,885.3827445737777,864.1335587040071,878.2996826171875,370.0
2018-10-25,878.2996614314308,878.2996614314308,849.9674142884813,857.0504760742188,28700.0
2018-10-26,864.1335107622814,867.675041544094,846.4258568532182,860.5919799804688,11240.0
2018-10-29,860.5920479984607,860.5920479984607,825.1767373812401,835.8013305664062,12520.0
2018-10-30,796.8445148873836,832.2598266601562,796.8445148873836,832.2598266601562,10840.0
2018-10-31,832.2597314557459,832.2597314557459,821.6351391392895,828.7182006835938,3670.0
2018-11-01,825.1767706891152,885.3828011685786,825.1767706891152,839.3428955078125,8310.0
2018-11-02,842.884418925301,864.1336059570312,842.884418925301,864.1336059570312,4370.0
2018-11-05,864.1335582014906,864.1335582014906,832.2597794153701,846.4259033203125,3750.0
2018-11-06,846.425910158276,864.1335651825078,846.425910158276,853.5089721679688,2810.0
2018-11-07,860.5920543593434,903.0904274141258,860.5920543593434,874.7581787109375,12820.0
2018-11-08,878.29978328872,892.4659088256349,878.29978328872,888.9243774414062,20150.0
2018-11-09,878.2996894531251,888.9242824707031,871.2166274414063,885.3827514648438,1400.0
2018-11-12,885.3827445737777,896.0073375086631,878.2996826171875,878.2996826171875,980.0
2018-11-13,878.2996826171875,899.5488684869582,871.2166206605973,878.2996826171875,7790.0
2018-11-14,892.4658002068015,934.9641716452206,892.4658002068015,903.0903930664062,44430.0
2018-11-15,906.6319240196078,913.7149859260111,899.5488621132047,903.0903930664062,24220.0
2018-11-16,910.17343494504,913.7149658203125,899.5488423192223,913.7149658203125,2610.0
2018-11-19,913.7149859260111,920.7980478324142,903.0903930664062,903.0903930664062,13460.0
2018-11-20,903.0903930664062,903.0903930664062,903.0903930664062,903.0903930664062,0.0
2018-11-21,917.2564199853131,920.797950564407,896.0072365107499,899.5487670898438,11780.0
2018-11-22,899.5487670898438,913.7148894062192,899.5487670898438,899.5487670898438,490.0
2018-11-23,899.5488551445158,920.7980406991106,896.00732421875,896.00732421875,35000.0
2018-11-26,896.0072365107499,906.6318282480314,896.0072365107499,899.5487670898438,1930.0
2018-11-27,899.5487670898438,910.1733588271253,896.0072365107499,899.5487670898438,7000.0
2018-11-28,903.0903999536418,910.1734619140625,892.4658070130107,910.1734619140625,4770.0
2018-11-29,906.6319580078125,906.6319580078125,903.0904269218445,906.6319580078125,101940.0
2018-11-30,906.6319240196078,910.1734549728094,892.4658002068015,903.0903930664062,58130.0
2018-12-03,892.4658002068015,906.6319240196078,892.4658002068015,903.0903930664062,2920.0
2018-12-04,903.0903930664062,903.0903930664062,903.0903930664062,903.0903930664062,0.0
2018-12-05,899.5488621132047,903.0903930664062,892.4658002068015,903.0903930664062,2520.0
2018-12-06,903.0903930664062,903.0903930664062,903.0903930664062,903.0903930664062,0.0
2018-12-07,899.5488689734315,910.1734619140625,899.5488689734315,910.1734619140625,78270.0
2018-12-10,899.5488958358765,910.1734890937805,892.4658336639404,906.6319580078125,2350.0
2018-12-11,892.465705931656,903.0902976689375,892.465705931656,899.5487670898438,4960.0
2018-12-12,899.5487670898438,899.5487670898438,899.5487670898438,899.5487670898438,0.0
2018-12-13,899.5487670898438,899.5487670898438,899.5487670898438,899.5487670898438,0.0
2018-12-14,896.0073647499084,906.6319580078125,896.0073647499084,906.6319580078125,840.0
2018-12-17,896.0073647499084,906.6319580078125,896.0073647499084,906.6319580078125,3960.0
2018-12-18,892.4658070130107,910.1734619140625,892.4658070130107,910.1734619140625,20960.0
2018-12-19,888.9241753525621,910.1733588271253,888.9241753525621,899.5487670898438,6260.0
2018-12-20,906.6319240196078,906.6319240196078,888.9242692535998,903.0903930664062,540.0
2018-12-21,888.9241753525621,903.0902976689375,888.9241753525621,899.5487670898438,7520.0
2018-12-24,899.5488621132047,913.7149859260111,878.2996763939951,903.0903930664062,13790.0
2018-12-26,896.0073375086631,896.0073375086631,871.2166206605973,878.2996826171875,104000.0
2018-12-27,891.2977905273438,909.8664944966633,876.442827351888,891.2977905273438,14170.0
2018-12-28,898.7252892666176,906.1527709960938,880.1565849429271,906.1527709960938,7940.0
2019-01-02,891.2977905273438,891.2977905273438,880.156568145752,891.2977905273438,5190.0
2019-01-03,891.2977905273438,891.2977905273438,883.8703089396158,891.2977905273438,4220.0
2019-01-04,891.2977861859309,891.2977861859309,883.8703046343815,887.5840454101562,1240.0
2019-01-07,891.2977991025309,898.7252807617188,891.2977991025309,898.7252807617188,140.0
2019-01-08,891.2977905273438,891.2977905273438,880.156568145752,891.2977905273438,460.0
2019-01-09,891.2977905273438,913.5802352905273,891.2977905273438,891.2977905273438,710.0
2019-01-10,895.0115313212077,913.5802352905273,887.5840497334798,891.2977905273438,1890.0
2019-01-11,898.7253377447485,898.7253377447485,887.5841145495657,895.0115966796875,270.0
2019-01-14,887.5840582729371,898.7252807617188,883.8703174433432,898.7252807617188,1630.0
2019-01-15,902.4389648437499,909.8664460358796,891.2977430555555,902.43896484375,1440.0
2019-01-16,898.7252721150716,906.1527537027995,887.5840497334798,891.2977905273438,7230.0
2019-01-17,891.2977905273438,891.2977905273438,887.5840497334798,891.2977905273438,3640.0
2019-01-18,891.2977905273438,891.2977905273438,883.8703089396158,891.2977905273438,8320.0
2019-01-21,891.2977905273438,891.2977905273438,883.8703089396158,891.2977905273438,4120.0
2019-01-22,891.2977905273438,898.7252721150716,887.5840497334798,891.2977905273438,8150.0
2019-01-23,898.7252721150716,898.7252721150716,887.5840497334798,891.2977905273438,4740.0
2019-01-24,891.2977905273438,898.7252721150716,891.2977905273438,891.2977905273438,7450.0
2019-01-25,895.0115966796876,895.0115966796876,887.5841145495657,895.0115966796875,26250.0
2019-01-28,895.0115313212077,895.0115313212077,891.2977905273438,891.2977905273438,16110.0
2019-01-29,898.7252721150716,906.1527537027995,891.2977905273438,891.2977905273438,30860.0
2019-01-30,898.7252807617188,898.7252807617188,891.2977991025309,898.7252807617188,1550.0
2019-01-31,902.4390788098094,902.4390788098094,891.2978556146267,895.0115966796875,3120.0
2019-02-01,898.7252242476851,902.4389648437499,891.2977430555555,902.43896484375,18150.0
2019-02-07,898.7252242476851,902.4389648437499,898.7252242476851,902.43896484375,6320.0
2019-02-08,906.1527537027995,906.1527537027995,887.5840497334798,891.2977905273438,59160.0
2019-02-11,898.7252633231026,898.7252633231026,880.1565595354352,883.8703002929688,105120.0
2019-02-12,880.1566324194438,928.435266265236,880.1566324194438,895.0115966796875,2700.0
2019-02-13,898.7252721150716,898.7252721150716,883.8703089396158,891.2977905273438,5980.0
2019-02-14,891.2978556146267,895.0115966796876,887.5841145495657,895.0115966796875,32040.0
2019-02-15,895.0115313212077,898.7252721150716,887.5840497334798,891.2977905273438,30180.0
2019-02-18,895.0115313212077,898.7252721150716,891.2977905273438,891.2977905273438,25450.0
2019-02-19,891.2977905273438,898.7252721150716,891.2977905273438,891.2977905273438,28860.0
2019-02-20,895.0115966796876,895.0115966796876,891.2978556146267,895.0115966796875,4680.0
2019-02-21,895.0115313212077,898.7252721150716,891.2977905273438,891.2977905273438,66870.0
2019-02-22,891.2977905273438,891.2977905273438,891.2977905273438,891.2977905273438,0.0
2019-02-25,895.0115399321248,898.7252807617188,891.2977991025309,898.7252807617188,5700.0
2019-02-26,891.2977991025309,898.7252807617188,891.2977991025309,898.7252807617188,11690.0
2019-02-27,895.0115399321248,898.7252807617188,891.2977991025309,898.7252807617188,2210.0
2019-02-28,898.7252375905107,917.2939408465129,898.7252375905107,913.5802001953125,6850.0
2019-03-04,913.58025272557,913.58025272557,898.7252892666176,906.1527709960938,10220.0
2019-03-05,906.1528360172194,909.8665771484375,906.1528360172194,909.8665771484375,21400.0
2019-03-06,921.0076814977134,921.0076814977134,906.1527188929116,913.5802001953125,17820.0
2019-03-07,898.7253537547832,909.8665771484375,898.7253537547832,909.8665771484375,3200.0
2019-03-08,898.7252892666176,906.1527709960938,898.7252892666176,906.1527709960938,1850.0
2019-03-11,909.8665118608319,909.8665118608319,898.7252892666176,906.1527709960938,1740.0
2019-03-12,906.1527709960938,917.2939935903081,895.0115484018795,906.1527709960938,5550.0
2019-03-13,906.1527054398148,906.1527054398148,895.0114836516203,902.43896484375,13420.0
2019-03-14,906.1527054398148,906.1527054398148,898.7252242476851,902.43896484375,7500.0
2019-03-15,898.7252242476851,906.1527054398148,898.7252242476851,902.43896484375,10060.0
2019-03-18,902.4389648437499,902.4389648437499,898.7252242476851,902.43896484375,620.0
2019-03-19,902.4389782417111,924.7214221489138,902.4389782417111,913.5802001953125,4780.0
2019-03-20,913.5802001953125,913.5802001953125,913.5802001953125,913.5802001953125,0.0
2019-03-21,909.8665245148817,917.2940063476561,909.8665245148817,917.2940063476562,100.0
2019-03-22,928.4351628001143,932.1489034513148,909.866459544112,913.5802001953125,44500.0
2019-03-25,913.5802177734375,928.4351806640625,909.8664770507813,928.4351806640625,13030.0
2019-03-26,924.721565398562,932.1490478515625,917.2940829455615,932.1490478515625,3230.0
2019-03-27,932.1488554314915,932.1488554314915,921.0076340518323,924.7213745117188,2510.0
2019-03-28,921.0077472640435,928.435229096818,913.5802654312689,917.2940063476562,1660.0
2019-03-29,913.5802472185069,954.431396484375,906.1527655338035,954.431396484375,4500.0
2019-04-01,935.8626531785534,935.8626531785534,917.293949742471,921.0076904296875,13710.0
2019-04-02,939.5763363512643,939.5763363512643,917.2938935919459,924.7213745117188,790.0
2019-04-03,917.293949742471,924.721431116904,917.293949742471,921.0076904296875,2020.0
2019-04-04,917.2940063476561,917.2940063476561,913.5802654312689,917.2940063476562,32880.0
2019-04-05,909.866459544112,921.0076814977134,906.1527188929116,913.5802001953125,36790.0
2019-04-08,913.5802001953125,917.2939408465129,913.5802001953125,913.5802001953125,2950.0
2019-04-09,924.7214881804307,924.7214881804307,917.2940063476561,917.2940063476562,1200.0
2019-04-10,924.721431116904,924.721431116904,909.8664683680381,921.0076904296875,8340.0
2019-04-11,913.5802654312689,917.2940063476561,909.8665245148817,917.2940063476562,27450.0
2019-04-12,921.0076992187501,935.862662109375,921.0076992187501,928.4351806640625,37800.0
2019-04-15,932.1489472389221,961.8588738441467,932.1489472389221,950.7176513671875,38920.0
2019-04-16,965.5725195704694,965.5725195704694,924.7213745117186,924.7213745117188,29390.0
2019-04-17,943.2901739573201,965.57261901143,943.2901739573201,954.431396484375,56600.0
2019-04-18,965.5725434070497,965.5725434070497,939.5763595460907,943.2901000976562,20430.0
2019-04-19,950.7176682692308,965.5726318359375,950.7176682692308,965.5726318359375,12010.0
2019-04-22,995.2825051809996,995.2825051809996,965.5725796532085,973.0000610351562,23300.0
2019-04-23,972.999997845818,1262.6717529296875,972.999997845818,1262.6717529296875,2557330.0
2019-04-24,1596.9086190478295,1641.4735107421875,1596.9086190478295,1641.4735107421875,1612680.0
2019-04-25,1188.3971113040125,1258.958189787688,1162.4009244942372,1203.2520751953125,5253680.0
2019-04-26,1166.114722313819,1218.1070984679384,1084.4124169287743,1143.832275390625,1959880.0
2019-04-29,1095.553572087763,1114.1222766994201,1050.9886810197863,1080.6986083984375,1064590.0
2019-04-30,1125.2632556693952,1125.2632556693952,1036.1334928440965,1088.1258544921875,921260.0
2019-05-02,1058.4159335504212,1091.8395946099083,1054.7021934327004,1088.1258544921875,412560.0
2019-05-03,1091.8397262314618,1121.5496507547668,1073.2710234043961,1095.553466796875,461240.0
2019-05-07,1110.408464992007,1136.404649791151,1073.271058136087,1125.263427734375,428240.0
2019-05-08,1102.9811668395996,1110.40864944458,1054.7025299072266,1069.5574951171875,360070.0
2019-05-09,1062.1299037867805,1169.8283905343912,1062.1299037867805,1080.6986083984375,1266220.0
2019-05-10,1054.702348026916,1076.9847919993156,1017.56494140625,1017.56494140625,645260.0
2019-05-13,1047.274866702783,1050.9886073648495,1017.56494140625,1017.56494140625,262230.0
2019-05-14,1069.5573106751824,1069.5573106751824,1002.7099787579835,1017.56494140625,274080.0
2019-05-15,1006.423836173592,1017.5650594522664,998.996353987809,1013.851318359375,122970.0
2019-05-16,1010.1374992739312,1017.5649808862395,980.4275728246979,998.9962768554688,290190.0
2019-05-17,998.9963296611658,1006.4238116660815,987.8551066537922,991.56884765625,130450.0
2019-05-20,991.5688180776743,991.5688180776743,958.1451500525842,965.5726318359375,127210.0
2019-05-21,965.5725969587053,987.8550415039061,958.1451154436384,987.8550415039062,67500.0
2019-05-22,995.2824474958412,995.2824474958412,976.7137451171874,976.7137451171875,43000.0
2019-05-23,969.2863598537816,980.4275823808366,950.7176556420234,954.431396484375,99510.0
2019-05-24,950.717606707317,961.8588286609184,913.5802001953125,913.5802001953125,302190.0
2019-05-27,932.1489034513148,932.1489034513148,902.4389782417111,913.5802001953125,342830.0
2019-05-28,913.5803182796557,921.0078005420919,902.4390948860013,909.8665771484375,97560.0
2019-05-29,913.5801866319443,913.5801866319443,902.4389648437499,902.43896484375,241770.0
2019-05-30,947.0039336787544,947.0039336787544,909.8665245148817,917.2940063476562,180500.0
2019-05-31,965.57261901143,1021.2787316467048,932.1489514302651,954.431396484375,833250.0
2019-06-03,958.1451064453125,958.1451064453125,928.4351806640625,928.4351806640625,176790.0
2019-06-04,932.1488739134295,965.5725387151062,928.4351333799099,939.5763549804688,81990.0
2019-06-05,943.2901654411766,958.1451286764707,935.8626838235294,947.00390625,37560.0
2019-06-07,943.2901180770045,958.1450805664061,943.2901180770045,958.1450805664062,56940.0
2019-06-10,965.5726146697998,965.5726146697998,939.5764288902283,950.7176513671875,65890.0
2019-06-11,947.0039147996717,958.1451373267266,947.0039147996717,954.431396484375,40780.0
2019-06-12,943.2901654411766,958.1451286764707,939.576424632353,947.00390625,52770.0
2019-06-13,950.7176556420234,958.1451373267266,943.2901739573201,954.431396484375,45680.0
2019-06-14,954.4313921928406,958.1451330184937,939.5764288902283,950.7176513671875,89360.0
2019-06-17,950.7175765810277,950.7175765810277,932.1488739134295,939.5763549804688,147670.0
2019-06-18,950.7176470588236,961.8588694852941,939.576424632353,947.00390625,98330.0
2019-06-19,947.003858699355,958.1450805664061,947.003858699355,958.1450805664062,51930.0
2019-06-20,958.1451373267266,965.57261901143,950.7176556420234,954.431396484375,44260.0
2019-06-21,950.7176556420234,958.1451373267266,947.0039147996717,954.431396484375,28830.0
2019-06-24,950.7176513671875,954.4313921928406,943.2901697158813,950.7176513671875,52670.0
2019-06-25,950.7176556420234,954.431396484375,943.2901739573201,954.431396484375,59200.0
2019-06-26,950.7175993217054,958.1450805664061,947.003858699355,958.1450805664062,41530.0
2019-06-27,958.1451500525842,980.4275954026443,950.7176682692308,965.5726318359375,80850.0
2019-06-28,958.1450427385337,976.7137451171874,950.7175617870722,976.7137451171875,41450.0
2019-07-01,976.7138545109676,976.7138545109676,958.1451500525842,965.5726318359375,58860.0
2019-07-02,965.5726888649251,965.5726888649251,950.7177244208493,961.8589477539062,45200.0
2019-07-03,969.2864299759441,969.2864299759441,950.7177244208493,961.8589477539062,69110.0
2019-07-04,969.2864299759441,969.2864299759441,950.7177244208493,961.8589477539062,15020.0
2019-07-05,950.7176556420234,958.1451373267266,947.0039147996717,954.431396484375,47630.0
2019-07-08,954.4313399440558,961.8588211887566,947.003858699355,958.1450805664062,73190.0
2019-07-09,958.1451330184937,961.8588738441467,947.0039105415344,950.7176513671875,56320.0
2019-07-10,950.7176556420234,965.57261901143,950.7176556420234,954.431396484375,46190.0
2019-07-11,950.7177244208493,965.5726888649251,950.7177244208493,961.8589477539062,12260.0
2019-07-12,961.8588211887566,965.572561811107,950.7175993217054,958.1450805664062,19270.0
2019-07-15,958.1450805664061,958.1450805664061,950.7175993217054,958.1450805664062,44050.0
2019-07-16,958.1450805664061,958.1450805664061,954.4313399440558,958.1450805664062,19780.0
2019-07-17,954.4313878676471,954.4313878676471,939.576424632353,947.00390625,72950.0
2019-07-18,943.2900955139884,950.7175765810277,939.5763549804688,939.5763549804688,36290.0
2019-07-19,939.5764288902283,954.4313921928406,939.5764288902283,950.7176513671875,17210.0
2019-07-22,950.7175812007874,950.7175812007874,939.5763595460907,943.2901000976562,16030.0
2019-07-23,943.2903201941289,987.8552172111742,943.2903201941289,980.427734375,68310.0
2019-07-24,961.8588211887566,984.141264922859,954.4313399440558,958.1450805664062,35970.0
2019-07-25,958.1451542295258,973.0001178609913,947.0039315059266,969.286376953125,50560.0
2019-07-26,958.1451500525842,965.5726318359375,939.5764455942008,965.5726318359375,7880.0
2019-07-29,950.717625,958.1451064453125,917.2939584960938,928.4351806640625,50980.0
2019-07-30,928.4352105879135,958.1451373267266,928.4352105879135,954.431396484375,15970.0
2019-07-31,954.4314415775128,1002.7100748090602,954.4314415775128,995.2825927734375,63510.0
2019-08-01,1013.8511498744949,1013.8511498744949,961.8587832142645,976.7137451171875,26600.0
2019-08-02,958.1450982712608,984.1412831080779,958.1450982712608,973.0000610351562,12080.0
2019-08-05,973.0000506145198,973.0000506145198,902.4389782417111,913.5802001953125,89220.0
2019-08-06,898.7253017657198,935.8627109295926,891.2978199329452,917.2940063476562,61810.0
2019-08-07,935.8627109295926,935.8627109295926,913.5802654312689,917.2940063476562,17460.0
2019-08-08,909.866485595703,961.8588562011718,909.866485595703,935.8626708984375,22600.0
2019-08-09,935.8627890780627,954.431495210564,928.4353066250623,932.1490478515625,18000.0
2019-08-12,943.2901654411766,961.8588694852941,921.0077205882353,947.00390625,7500.0
2019-08-13,928.4351806640625,961.8588471679689,921.0076992187501,928.4351806640625,21110.0
2019-08-14,947.0038842773438,947.0038842773438,921.0076992187501,928.4351806640625,45540.0
2019-08-16,917.2939408465129,921.0076814977134,906.1527188929116,913.5802001953125,21990.0
2019-08-19,924.721431116904,924.721431116904,898.7252463063886,921.0076904296875,16880.0
2019-08-20,921.0076340518323,928.4351149716051,921.0076340518323,924.7213745117188,20780.0
2019-08-21,928.4351806640625,928.4351806640625,913.5802177734375,928.4351806640625,18480.0
2019-08-22,921.0077472640435,928.435229096818,917.2940063476561,917.2940063476562,12510.0
2019-08-23,917.2938935919459,928.4351149716051,917.2938935919459,924.7213745117188,7000.0
2019-08-26,917.2940063476561,917.2940063476561,906.1527835984944,917.2940063476562,2350.0
2019-08-27,906.1528360172194,924.72154167331,906.1528360172194,909.8665771484375,4070.0
2019-08-28,913.5802090552545,924.721431116904,902.4389869936051,921.0076904296875,3430.0
2019-08-29,924.7214399414063,928.4351806640625,924.7214399414063,928.4351806640625,620.0
2019-08-30,928.4351806640625,932.1489213867188,924.7214399414063,928.4351806640625,6320.0
2019-09-02,928.4353066250623,932.1490478515625,928.4353066250623,932.1490478515625,2820.0
2019-09-03,928.4351333799099,939.5763549804688,928.4351333799099,939.5763549804688,1660.0
2019-09-04,943.2901739573201,954.431396484375,939.5764331149684,954.431396484375,1620.0
2019-09-05,954.4314655318683,961.8589477539061,928.4352777547357,961.8589477539062,4150.0
2019-09-06,939.5764331149684,954.431396484375,939.5764331149684,954.431396484375,2970.0
2019-09-09,928.4353066250623,954.431495210564,928.4353066250623,932.1490478515625,4100.0
2019-09-10,932.1489472389221,950.7176513671875,932.1489472389221,950.7176513671875,650.0
2019-09-11,943.2901697158813,961.8588738441467,943.2901697158813,950.7176513671875,3000.0
2019-09-16,950.7176513671875,950.7176513671875,935.8626880645752,950.7176513671875,28160.0
2019-09-17,1028.706203304702,1028.706203304702,980.4275728246979,998.9962768554688,284570.0
2019-09-18,998.9963021573154,1021.2787475585938,991.5688203568892,1021.2787475585938,365790.0
2019-09-19,1325.8053189129896,1325.8053189129896,1054.7022705078125,1054.7022705078125,4306370.0
2019-09-20,1028.706071442249,1136.404541015625,1002.7098891314339,1136.404541015625,1437670.0
2019-09-23,1039.847403327338,1091.839773493705,1024.992440422662,1032.419921875,741980.0
2019-09-24,1184.6832452722497,1184.6832452722497,1050.9885843637826,1099.2672119140625,1418730.0
2019-09-25,1121.549629861248,1203.2519207782925,1076.9847439064965,1177.2557373046875,1707390.0
2019-09-26,1102.9809748754153,1162.400825373754,1073.271049626246,1117.8359375,1093250.0
2019-09-27,1125.263495083513,1151.2596814385774,1062.1298996497844,1076.98486328125,507470.0
2019-09-30,1050.9886255058452,1050.9886255058452,1021.2786996964928,1032.419921875,274320.0
2019-10-01,1013.8512936709973,1013.8512936709973,987.8551066537922,991.56884765625,288810.0
2019-10-02,1006.4237452915736,1006.4237452915736,973.0000784737723,987.8550415039062,226360.0
2019-10-04,976.7138545109676,987.8550771859976,965.5726318359375,965.5726318359375,93290.0
2019-10-07,965.57261901143,965.57261901143,947.0039147996717,954.431396484375,105360.0
2019-10-08,943.2901697158813,954.4313921928406,943.2901697158813,950.7176513671875,108950.0
2019-10-10,958.145057648067,958.145057648067,939.5763549804688,939.5763549804688,68010.0
2019-10-11,947.0038406492218,947.0038406492218,935.8626189945251,943.2901000976562,69220.0
2019-10-14,943.2901739573201,958.1451373267266,943.2901739573201,954.431396484375,42430.0
2019-10-15,954.431396484375,958.1451373267266,947.0039147996717,954.431396484375,21880.0
2019-10-16,950.7177244208493,984.1413944200199,947.0039833098305,961.8589477539062,76160.0
2019-10-17,954.4313921928406,958.1451330184937,950.7176513671875,950.7176513671875,23110.0
2019-10-18,954.4313171145474,954.4313171145474,935.8626144469491,939.5763549804688,106060.0
2019-10-21,939.5763549804688,943.2900955139884,932.1488739134295,939.5763549804688,59960.0
2019-10-22,935.8626708984374,939.5764116559709,928.4351893833705,935.8626708984375,77590.0
2019-10-23,932.1489213867188,935.862662109375,928.4351806640625,928.4351806640625,60090.0
2019-10-24,928.4353066250623,932.1490478515625,924.721565398562,932.1490478515625,28290.0
2019-10-25,932.148930140904,935.8626708984374,928.4351893833705,935.8626708984375,36980.0
2019-10-28,935.8626708984374,935.8626708984374,928.4351893833705,935.8626708984375,51210.0
2019-10-29,935.8627890780627,939.576530304563,928.4353066250623,932.1490478515625,40250.0
2019-10-30,935.8627890780627,935.8627890780627,928.4353066250623,932.1490478515625,52890.0
2019-10-31,935.8626708984374,935.8626708984374,928.4351893833705,935.8626708984375,32450.0
2019-11-01,935.8626189945251,947.0038406492218,932.1488784429595,943.2901000976562,37760.0
2019-11-04,950.7175812007874,950.7175812007874,935.8626189945251,943.2901000976562,8760.0
2019-11-05,943.2901000976562,943.2901000976562,932.1488784429595,943.2901000976562,7510.0
2019-11-06,943.2901000976562,943.2901000976562,935.8626189945251,943.2901000976562,2930.0
2019-11-07,943.2901654411766,950.7176470588236,943.2901654411766,947.00390625,5250.0
2019-11-08,947.0039147996717,954.431396484375,947.0039147996717,954.431396484375,12640.0
2019-11-11,950.7176513671875,954.4313921928406,947.0039105415344,950.7176513671875,5020.0
2019-11-12,950.7176513671875,950.7176513671875,939.5764288902283,950.7176513671875,9840.0
2019-11-13,950.7175765810277,950.7175765810277,935.8626144469491,939.5763549804688,16720.0
2019-11-14,939.5764116559709,939.5764116559709,932.148930140904,935.8626708984375,23520.0
2019-11-15,935.8626189945251,943.2901000976562,935.8626189945251,943.2901000976562,12260.0
2019-11-18,939.5763549804688,947.003836047508,939.5763549804688,939.5763549804688,25670.0
2019-11-19,935.8626189945251,943.2901000976562,935.8626189945251,943.2901000976562,22020.0
2019-11-20,943.2902715310632,943.2902715310632,928.4353066250623,932.1490478515625,33710.0
2019-11-21,939.5764028320312,939.5764028320312,928.4351806640625,928.4351806640625,14670.0
2019-11-22,928.4351893833705,935.8626708984374,928.4351893833705,935.8626708984375,14030.0
2019-11-25,935.8626189945251,943.2901000976562,932.1488784429595,943.2901000976562,6220.0
2019-11-26,943.2901654411766,947.0039062500001,935.8626838235294,947.00390625,8070.0
2019-11-27,950.7176470588236,950.7176470588236,939.576424632353,947.00390625,7830.0
2019-11-28,943.2901000976562,954.431321752353,943.2901000976562,943.2901000976562,38370.0
2019-11-29,943.2901654411766,947.0039062500001,939.576424632353,947.00390625,6600.0
2019-12-02,950.7176470588236,950.7176470588236,935.8626838235294,947.00390625,11070.0
2019-12-03,935.8626838235294,947.0039062500001,935.8626838235294,947.00390625,15880.0
2019-12-04,935.8626189945251,950.7175812007874,935.8626189945251,943.2901000976562,5830.0
2019-12-05,943.2901697158813,987.8550596237183,935.8626880645752,950.7176513671875,94460.0
2019-12-06,943.2901355073652,980.4275424171041,943.2901355073652,973.0000610351562,26060.0
2019-12-09,973.0001426439608,991.5688476562501,973.0001426439608,991.56884765625,60780.0
2019-12-10,991.5688517556262,1002.7100748090602,965.5726646309469,995.2825927734375,25100.0
2019-12-11,995.2827000473485,995.2827000473485,969.2865101207387,980.427734375,12870.0
2019-12-12,980.4275556456367,987.8550371278006,976.7138149045547,984.1412963867188,46500.0
2019-12-13,984.1412026943756,1010.1373854070572,969.2862411442718,1006.4236450195312,113230.0
2019-12-16,1006.4237015335648,1006.4237015335648,987.8549985532406,1002.7099609375,18450.0
2019-12-17,991.5688517556262,998.9963337912488,987.8551107378148,995.2825927734375,21240.0
2019-12-18,995.2824797453703,1002.7099609374999,984.1412579571759,1002.7099609375,19990.0
2019-12-19,1002.7100304996267,1010.1375122070312,998.9962896459243,1010.1375122070312,23330.0
2019-12-20,1010.1373854070572,1013.8511257945831,991.5686834694275,1006.4236450195312,35710.0
2019-12-23,1006.4238116660815,1006.4238116660815,980.4276246488764,991.56884765625,39830.0
2019-12-24,980.4275599888392,991.5687822614397,980.4275599888392,987.8550415039062,62700.0
2019-12-26,995.2825927734375,995.2825927734375,984.1413697200035,995.2825927734375,30100.0
2019-12-27,1038.3853679642252,1038.3853679642252,1014.8747558593749,1014.874755859375,23570.0
2019-12-30,1026.6300619118,1026.6300619118,1010.9563205085666,1014.874755859375,10370.0
2020-01-02,1007.0379424095154,1007.0379424095154,995.2826356887817,1003.1195068359375,20510.0
2020-01-03,1003.119406614786,1010.9562769789641,995.282536250608,1007.037841796875,8710.0
2020-01-06,1007.0378592696844,1007.0378592696844,991.364118269378,999.2009887695312,9970.0
2020-01-07,1010.9563598632814,1010.9563598632814,995.2826178498971,1010.9563598632812,370.0
2020-01-08,1003.1194240196078,1007.0378592696844,987.4456830193014,999.2009887695312,14080.0
2020-01-09,1018.7931473431421,1018.7931473431421,999.200971432697,1007.037841796875,4120.0
2020-01-10,1018.7931473431421,1018.7931473431421,991.364101068519,1007.037841796875,2280.0
2020-01-13,1026.6300177073201,1026.6300177073201,987.44566588643,1007.037841796875,1290.0
2020-01-14,1022.7116847038269,1022.7116847038269,991.3642001152039,1003.1195068359375,13950.0
2020-01-15,995.2825927734375,1003.1194635826772,987.4457219641979,995.2825927734375,42840.0
2020-01-16,1003.1194240196078,1003.1194240196078,987.4456830193014,999.2009887695312,13110.0
2020-01-17,987.4457219641979,1003.1194635826772,987.4457219641979,995.2825927734375,7620.0
2020-01-20,1003.1194416996047,1003.1194416996047,983.5272651039093,991.3641357421875,35730.0
2020-01-21,987.4457004230484,995.2825710613265,987.4457004230484,991.3641357421875,18910.0
2020-01-22,991.3641357421875,999.2010063804656,987.4457004230484,991.3641357421875,6810.0
2020-01-23,991.3641573688177,995.2825927734375,987.4457219641979,995.2825927734375,11630.0
2020-01-28,983.5273405505765,983.5273405505765,963.9351624519594,971.7720336914062,59650.0
2020-01-29,983.5272827148438,983.5272827148438,967.853541157635,983.5272827148438,25910.0
2020-01-30,983.527322265625,995.28262890625,971.772015625,979.60888671875,62360.0
2020-01-31,979.60888671875,983.527322265625,975.690451171875,979.60888671875,47270.0
2020-02-03,963.9350630059299,975.6903686523438,963.9350630059299,975.6903686523438,13800.0
2020-02-04,979.6088473255415,987.4457181041458,967.853541157635,983.5272827148438,5390.0
2020-02-05,991.3641357421875,995.2825710613265,975.6903944656311,991.3641357421875,12530.0
2020-02-06,991.3641573688177,999.2010281780573,979.6088511549582,995.2825927734375,13260.0
2020-02-07,999.200971432697,1018.7931473431421,995.282536250608,1007.037841796875,34750.0
2020-02-10,1014.874712161053,1014.874712161053,999.200971432697,1007.037841796875,35150.0
2020-02-11,1014.8748135566711,1014.8748135566711,995.2826356887817,1003.1195068359375,45560.0
2020-02-12,1010.956294519761,1010.956294519761,991.364118269378,999.2009887695312,36070.0
2020-02-13,1003.1194240196078,1007.0378592696844,995.2825535194546,999.2009887695312,37160.0
2020-02-14,999.2009887695311,1007.0378592696844,995.2825535194546,999.2009887695312,23110.0
2020-02-17,1003.1194816468253,1003.1194816468253,983.5273042709108,987.4457397460938,36540.0
2020-02-18,983.5272651039093,995.2825710613265,983.5272651039093,991.3641357421875,10900.0
2020-02-19,991.3641357421875,991.3641357421875,987.4457004230484,991.3641357421875,11010.0
2020-02-20,1010.9563304399588,1010.9563304399588,979.6088473255415,983.5272827148438,20320.0
2020-02-21,987.4457181041458,995.2825888827502,979.6088473255415,983.5272827148438,64730.0
2020-02-24,979.6088038678149,979.6088038678149,971.7719334368725,975.6903686523438,26170.0
2020-02-25,971.771942018995,999.2009887695311,971.771942018995,999.2009887695312,39080.0
2020-02-26,999.2010461716425,999.2010461716425,979.6088687957279,987.4457397460938,6150.0
2020-02-27,1003.1194596613545,1003.1194596613545,975.6904119362393,983.5272827148438,13610.0
2020-02-28,971.7719466412655,971.7719466412655,956.0982055664064,956.0982055664062,41310.0
2020-03-02,956.0982487376143,967.8535550745522,956.0982487376143,963.9351196289062,15090.0
2020-03-03,995.2826474097467,995.2826474097467,967.8535980716828,971.7720336914062,6730.0
2020-03-04,979.6088038678149,979.6088038678149,971.7719334368725,975.6903686523438,1900.0
2020-03-05,975.6904119362393,995.2825888827502,975.6904119362393,983.5272827148438,5120.0
2020-03-06,987.4457181041458,987.4457181041458,971.7719765469373,983.5272827148438,11530.0
2020-03-09,983.5272827148438,983.5272827148438,983.5272827148438,983.5272827148438,0.0
2020-03-10,948.261339195344,979.6088214827935,948.261339195344,967.853515625,17100.0
2020-03-11,967.8535292444151,967.8535292444151,936.506046515851,948.2613525390625,56210.0
2020-03-12,948.2613525390625,948.2613525390625,948.2613525390625,948.2613525390625,0.0
2020-03-13,869.8925830078125,893.403193359375,850.3004077148437,881.6478881835938,78400.0
2020-03-16,881.6478729248047,881.6478729248047,846.3819580078125,846.3819580078125,20980.0
2020-03-17,777.4175502232142,830.708269391741,777.4175502232142,822.8713989257812,18900.0
2020-03-18,822.8714904785156,838.5452331542969,783.6871337890625,783.6871337890625,15800.0
2020-03-19,783.687051456243,783.687051456243,666.9176807892628,702.96728515625,34730.0
2020-03-20,673.9708516848434,707.6693942690855,673.9708516848434,700.6162109375,62020.0
2020-03-23,642.6234236700686,697.4815208126354,642.6234236700686,677.8893432617188,55200.0
2020-03-24,689.6446475330761,711.5878863182194,689.6446475330761,710.80419921875,32030.0
2020-03-25,747.6374596035358,774.2828197990497,744.5027113452401,760.1764526367188,5930.0
2020-03-26,757.8253312149668,775.066445265359,748.4210871874801,771.1480102539062,17360.0
2020-03-27,783.6870073198198,787.6054423564188,775.8501372466216,782.9033203125,34320.0
2020-03-30,782.9034466552735,783.6871337890625,765.662329711914,783.6871337890625,7850.0
2020-03-31,783.6870094046209,826.789794921875,783.6870094046209,826.789794921875,27880.0
2020-04-01,830.7082348404643,865.974150470484,822.8713647004599,838.5451049804688,28660.0
2020-04-02,803.2791846397364,834.6266650159213,803.2791846397364,826.789794921875,8920.0
2020-04-03,826.7897830539279,846.3819580078125,826.7897830539279,846.3819580078125,9830.0
2020-04-06,846.3819979871724,897.3216552734375,846.3819979871724,897.3216552734375,18280.0
2020-04-07,889.4847849217044,897.3216552734375,889.4847849217044,897.3216552734375,16350.0
2020-04-08,893.4032671023638,924.750750158587,893.4032671023638,916.9138793945312,2720.0
2020-04-09,916.9138311527702,916.9138311527702,893.403220097571,897.3216552734375,10430.0
2020-04-10,893.4032417629076,901.2401123046875,893.4032417629076,901.2401123046875,28730.0
2020-04-13,893.4032155264795,901.2400858381153,881.6479100590259,885.5663452148438,10390.0
2020-04-14,901.2400124289773,909.0768821022727,877.7294034090909,905.158447265625,1320.0
2020-04-16,905.1584416439658,905.1584416439658,881.6478327700966,893.4031372070312,3840.0
2020-04-17,916.9137517755681,916.9137517755681,901.2400124289773,905.158447265625,3550.0
2020-04-20,912.9954005274279,912.9954005274279,909.0769653320311,909.0769653320312,3370.0
2020-04-21,909.0768764562773,909.0768764562773,889.4847023947196,893.4031372070312,6340.0
2020-04-22,893.403220097571,909.0769608010371,889.4847849217044,897.3216552734375,6840.0
2020-04-23,901.2401378664196,916.9138793945312,901.2401378664196,916.9138793945312,7860.0
2020-04-24,924.7506214488636,924.7506214488636,893.4031427556819,905.158447265625,13290.0
2020-04-27,905.1585175719442,936.5059986999769,905.1585175719442,928.6691284179688,3700.0
2020-04-28,936.5059814453125,936.5059814453125,924.750676238886,936.5059814453125,4910.0
2020-04-29,936.5059477880658,960.016557355967,936.5059477880658,952.1796875,3280.0
2020-05-04,960.0165744639037,960.0165744639037,932.5875294792206,944.3428344726562,1700.0
2020-05-06,940.4245069550304,963.9351196289062,940.4245069550304,963.9351196289062,13200.0
2020-05-07,963.9351057683328,995.2825888827502,963.9351057683328,983.5272827148438,15670.0
2020-05-08,999.2010242720523,999.2010242720523,971.7719765469373,983.5272827148438,16450.0
2020-05-11,983.527322265625,987.4457578125,971.772015625,979.60888671875,6210.0
2020-05-12,979.608817178695,979.608817178695,948.2613350289768,956.0982055664062,13700.0
2020-05-13,944.3428611288265,963.9350366709183,944.3428611288265,960.0166015625,1010.0
2020-05-14,967.8534717793367,967.8534717793367,944.3428611288265,960.0166015625,12350.0
2020-05-15,971.7720336914062,971.7720336914062,963.9351624519594,971.7720336914062,4590.0
2020-05-18,956.0982487376143,971.7719905201982,956.0982487376143,963.9351196289062,12300.0
2020-05-19,948.261339195344,975.6903861968623,948.261339195344,967.853515625,5490.0
2020-05-20,975.690451171875,979.60888671875,967.853580078125,979.60888671875,24370.0
2020-05-21,979.6088473255415,983.5272827148438,963.9351057683328,983.5272827148438,670.0
2020-05-22,975.6904119362393,983.5272827148438,971.7719765469373,983.5272827148438,42260.0
2020-05-25,963.9351624519594,979.608904930853,963.9351624519594,971.7720336914062,4540.0
2020-05-26,971.7719334368725,979.6088038678149,960.0166277904586,975.6903686523438,2120.0
2020-05-27,960.0166450531376,971.7719509109311,960.0166450531376,967.853515625,1010.0
2020-05-28,975.690314455151,975.690314455151,944.3428344726562,944.3428344726562,9190.0
2020-05-29,963.9350366709183,967.8534717793367,952.1797313456632,960.0166015625,7580.0
2020-06-01,971.772015625,987.4457578125,963.93514453125,979.60888671875,8390.0
2020-06-02,979.60886141149,983.527296857136,963.9351196289062,963.9351196289062,17140.0
2020-06-03,971.7719334368725,983.5272390832862,963.9350630059299,975.6903686523438,19000.0
2020-06-04,975.690451171875,983.527322265625,967.853580078125,979.60888671875,24440.0
2020-06-05,979.60886141149,983.527296857136,963.9351196289062,963.9351196289062,3800.0
2020-06-08,979.6088511549582,999.2010281780573,971.7719803457185,995.2825927734375,61050.0
2020-06-09,1014.8747636903008,1054.059117500737,1003.1194575471699,1038.3853759765625,135970.0
2020-06-10,1038.3853194962687,1057.977495335821,1010.9562733208955,1050.140625,40940.0
2020-06-11,1065.8144013375947,1089.3250131318064,1034.4669189453125,1034.4669189453125,180960.0
2020-06-12,1007.0377313302043,1030.54833984375,987.4455575689163,1030.54833984375,76210.0
2020-06-15,1069.7328924134722,1069.7328924134722,1010.9563598632814,1010.9563598632812,91080.0
2020-06-16,1018.7931436567164,1057.977495335821,1010.9562733208955,1050.140625,13250.0
2020-06-17,1050.1405775282117,1128.50927734375,1050.1405775282117,1128.50927734375,314400.0
2020-06-18,1136.346243019872,1199.041208152003,1136.346243019872,1167.6937255859375,343430.0
2020-06-19,1222.5517058676862,1222.5517058676862,1061.8958727248173,1104.9986572265625,327130.0
2020-06-22,1112.8355876865671,1112.8355876865671,1034.4668843283582,1050.140625,88540.0
2020-06-23,1057.9774859479367,1057.9774859479367,1010.9562643502505,1026.6300048828125,42480.0
2020-06-24,1010.9561246984146,1073.6510781680838,1010.9561246984146,1065.814208984375,36390.0
2020-06-25,1034.4667322495404,1077.569512759938,1034.4667322495404,1065.814208984375,18740.0
2020-06-26,1112.8355164458785,1112.8355164458785,1073.651167275249,1081.488037109375,40410.0
2020-06-29,1089.324816535501,1089.324816535501,1065.814208984375,1065.814208984375,42700.0
2020-06-30,1065.8142755681818,1093.243319424716,1050.140536221591,1077.569580078125,41250.0
2020-07-01,1104.9987136676748,1104.9987136676748,1077.5696675837253,1093.243408203125,29580.0
2020-07-02,1108.9170022868425,1108.9170022868425,1085.4063944645065,1089.3248291015625,4490.0
2020-07-03,1089.3248034025494,1089.3248034025494,1042.3035888671875,1042.3035888671875,35660.0
2020-07-06,1042.3038190440498,1061.89599609375,1042.3038190440498,1061.89599609375,35820.0
2020-07-07,1065.8142867476852,1065.8142867476852,1046.2221123589409,1057.9774169921875,2590.0
2020-07-08,1057.9773398006664,1065.814208984375,1050.1404706169578,1065.814208984375,15630.0
2020-07-09,1057.9775681478452,1089.325051648522,1057.9775681478452,1085.4066162109375,43930.0
2020-07-10,1089.3248845880682,1089.3248845880682,1046.2221013849432,1077.569580078125,14730.0
2020-07-13,1050.14068986393,1065.81443150369,1042.3038190440498,1061.89599609375,11380.0
2020-07-14,1061.8958518699365,1069.7327216254341,1034.4668077256945,1057.9774169921875,16210.0
2020-07-15,1054.0590508147961,1054.0590508147961,1018.7931346165316,1026.6300048828125,92940.0
2020-07-16,1026.6299050914924,1034.4667745960076,1018.7930355869772,1030.54833984375,4650.0
2020-07-17,1030.5484836462772,1034.4669189453125,1022.7116130482066,1034.4669189453125,4140.0
2020-07-20,1034.4669189453125,1034.4669189453125,1030.5484836462772,1034.4669189453125,6880.0
2020-07-21,1046.2220903701498,1057.9773947563313,1038.3852207793623,1054.0589599609375,30400.0
2020-07-22,1065.8143529647434,1069.7327880859375,1050.1406124799678,1069.7327880859375,14400.0
2020-07-23,1073.6510905533387,1089.3248291015625,1073.6510905533387,1089.3248291015625,106370.0
2020-07-24,1120.672385398519,1136.3461250544424,1104.9986457425957,1124.5908203125,115640.0
2020-07-27,1171.6121967341624,1175.5306321747448,1136.3462777689201,1152.02001953125,174080.0
2020-07-28,1183.367435835481,1183.367435835481,1112.835601911512,1140.2646484375,54630.0
2020-07-29,1140.2647132095026,1152.02001953125,1108.9172296848426,1152.02001953125,22790.0
2020-07-30,1159.8568686006827,1159.8568686006827,1116.7540795648465,1148.1015625,18150.0
2020-07-31,1120.6726132745612,1148.1016632498126,1116.754177563811,1144.1832275390625,29310.0
2020-08-03,1163.7753624225486,1163.7753624225486,1116.7541356580011,1136.3463134765625,24500.0
2020-08-04,1136.3462264054306,1140.2646616688976,1116.7540500880955,1120.6724853515625,5620.0
2020-08-05,1136.3461250544424,1136.3461250544424,1101.080210828615,1124.5908203125,7740.0
2020-08-06,1191.2043815104166,1191.2043815104166,1144.1831559244793,1175.5306396484375,115860.0
2020-08-07,1183.3674668689703,1183.3674668689703,1132.4278076991138,1167.6937255859375,21510.0
2020-08-10,1144.1831846039872,1163.7753624225486,1120.6725712217135,1136.3463134765625,30320.0
2020-08-11,1136.3461473253037,1136.3461473253037,1112.8355373806423,1128.50927734375,22720.0
2020-08-12,1128.509289421378,1128.509289421378,1093.2433741269601,1108.9171142578125,36540.0
2020-08-13,1093.2433523624502,1112.8355271359708,1089.3249174077462,1104.9986572265625,16940.0
2020-08-14,1104.9987357003347,1104.9987357003347,1089.324994768415,1097.161865234375,109480.0
2020-08-18,1097.161865234375,1104.9987357003347,1073.6512538364955,1097.161865234375,22840.0
2020-08-19,1097.1617653191727,1112.8355048237322,1085.406460690753,1101.0802001953125,6870.0
2020-08-20,1104.9987357003347,1104.9987357003347,1073.6512538364955,1097.161865234375,14590.0
2020-08-21,1097.1616983756744,1097.1616983756744,1065.8142212792266,1089.3248291015625,42170.0
2020-08-24,1089.324816535501,1089.324816535501,1061.8957743925207,1065.814208984375,35580.0
2020-08-25,1077.569512759938,1077.569512759938,1050.1404706169578,1065.814208984375,4600.0
2020-08-26,1057.9774827223557,1069.7327880859375,1054.0590476011619,1069.7327880859375,45320.0
2020-08-27,1069.73286691363,1081.4881731434502,1050.14068986393,1061.89599609375,12400.0
2020-08-28,1069.7327104048295,1089.3248845880682,1061.895840731534,1077.569580078125,11610.0
2020-08-31,1077.5695251903946,1097.1616983756744,1077.5695251903946,1089.3248291015625,15680.0
2020-09-01,1097.161865234375,1097.161865234375,1073.6512538364955,1097.161865234375,8000.0
2020-09-02,1097.1617767776268,1097.1617767776268,1065.8142974411232,1081.488037109375,13110.0
2020-09-03,1081.4881027385752,1097.161843357975,1081.4881027385752,1093.243408203125,13780.0
2020-09-04,1089.3248291015625,1093.2432637386185,1081.4879598274506,1089.3248291015625,3810.0
2020-09-07,1073.6510905533387,1089.3248291015625,1069.7326559162825,1089.3248291015625,14210.0
2020-09-08,1081.4880149147727,1081.4880149147727,1073.6511452414773,1077.569580078125,12990.0
2020-09-09,1073.6512232071314,1081.488093449519,1069.7327880859375,1069.7327880859375,23580.0
2020-09-10,1065.814208984375,1081.4879473517924,1065.814208984375,1065.814208984375,30090.0
2020-09-11,1065.814208984375,1081.4879473517924,1057.9773398006664,1065.814208984375,23810.0
2020-09-14,1065.8144390230145,1089.325051648522,1065.8144390230145,1085.4066162109375,57180.0
2020-09-15,1097.1619225236914,1097.1619225236914,1081.488180773353,1085.4066162109375,14960.0
2020-09-16,1073.6512451171875,1077.569680318345,1061.8959395137147,1073.6512451171875,69350.0
2020-09-17,1073.6510781680838,1073.6510781680838,1061.8957743925207,1065.814208984375,57430.0
2020-09-18,1085.406482453042,1120.672397045379,1085.406482453042,1104.9986572265625,184360.0
2020-09-21,1101.0802116946898,1104.9986466117527,1081.488037109375,1081.488037109375,44280.0
2020-09-22,1065.8141961348683,1069.7326306794819,1018.7929815995066,1042.3035888671875,99500.0
2020-09-23,1042.3035888671875,1050.1404579564144,1022.71141614412,1042.3035888671875,31600.0
2020-09-24,1034.4668843283582,1050.140625,1018.7931436567164,1050.140625,32590.0
2020-09-25,1061.8959660385594,1061.8959660385594,1030.5484836462772,1034.4669189453125,16160.0
2020-09-28,1034.4667859839685,1061.8958295517252,1034.4667859839685,1054.0589599609375,3260.0
2020-09-29,1050.1404579564144,1050.1404579564144,1030.548285233347,1042.3035888671875,26010.0
2020-10-05,1042.303789543383,1042.303789543383,1030.5484836462772,1034.4669189453125,17000.0
2020-10-06,1034.4667197779604,1046.2220234118008,1034.4667197779604,1042.3035888671875,6480.0
2020-10-07,1042.303789543383,1054.0590954404888,1034.4669189453125,1034.4669189453125,45850.0
2020-10-08,1034.4668627106741,1046.22216796875,1034.4668627106741,1046.22216796875,10620.0
2020-10-12,1073.6511565031828,1077.5695913809318,1057.9774169921875,1057.9774169921875,33790.0
2020-10-13,1046.2220903701498,1054.0589599609375,1038.3852207793623,1054.0589599609375,17000.0
2020-10-14,1057.9773398006664,1065.814208984375,1054.0589052088121,1065.814208984375,22300.0
2020-10-15,1073.6512451171875,1081.4881155195028,1057.977504312557,1073.6512451171875,30930.0
2020-10-16,1081.4880262586805,1081.4880262586805,1057.9774169921875,1057.9774169921875,10630.0
2020-10-19,1069.7328008395523,1069.7328008395523,1046.2221898320895,1050.140625,28170.0
2020-10-20,1042.3036774811922,1057.9774169921875,1042.3036774811922,1057.9774169921875,6600.0
2020-10-21,1073.6511452414773,1081.4880149147727,1065.8142755681818,1077.569580078125,23820.0
2020-10-22,1081.488037109375,1089.324906943501,1065.8142974411232,1081.488037109375,59260.0
2020-10-23,1081.488180773353,1085.4066162109375,1065.8144390230145,1085.4066162109375,23510.0
2020-10-26,1085.4065285707131,1089.324963691907,1057.9774827223557,1069.7327880859375,24050.0
2020-10-27,1069.7326991425127,1077.5695687333005,1038.3852207793623,1054.0589599609375,19920.0
2020-10-28,1065.81443150369,1065.81443150369,1050.14068986393,1061.89599609375,17360.0
2020-10-29,1057.9773947563313,1057.9773947563313,1046.2220903701498,1054.0589599609375,15880.0
2020-10-30,1065.8143433988764,1069.7327784849017,1046.22216796875,1046.22216796875,27250.0
2020-11-02,1054.05912527387,1061.89599609375,1042.3038190440498,1061.89599609375,10820.0
2020-11-03,1065.81443150369,1065.81443150369,1054.05912527387,1061.89599609375,25100.0
2020-11-04,1057.9774827223557,1073.6512232071314,1057.9774827223557,1069.7327880859375,20070.0
2020-11-05,1077.5696583283252,1077.5696583283252,1065.8143529647434,1069.7327880859375,12600.0
2020-11-06,1073.651167275249,1081.488037109375,1073.651167275249,1081.488037109375,22160.0
2020-11-09,1081.4879598274506,1093.2432637386185,1081.4879598274506,1089.3248291015625,24600.0
2020-11-10,1089.3249174077462,1108.9170921812668,1085.406482453042,1104.9986572265625,36660.0
2020-11-11,1104.9986350714526,1104.9986350714526,1097.1617653191727,1101.0802001953125,19440.0
2020-11-12,1101.0802001953125,1104.9986350714526,1089.3248955668928,1101.0802001953125,18960.0
2020-11-13,1101.0801330127304,1101.0801330127304,1085.4063944645065,1089.3248291015625,23190.0
2020-11-16,1101.0801330127304,1101.0801330127304,1085.4063944645065,1089.3248291015625,19940.0
2020-11-17,1104.9988080193016,1132.4278564453125,1097.1619370404412,1132.4278564453125,74320.0
2020-11-18,1132.4278779128504,1140.2647490402749,1124.5910067854256,1136.3463134765625,104260.0
2020-11-19,1136.3462132195018,1140.2646484375,1128.5093427835052,1140.2646484375,40650.0
2020-11-20,1136.346356117562,1155.9385346713132,1136.346356117562,1144.1832275390625,10490.0
2020-11-23,1152.019997866894,1152.019997866894,1136.3462563993173,1148.1015625,9220.0
2020-11-24,1148.1016201676994,1148.1016201676994,1128.509442349138,1136.3463134765625,26160.0
2020-11-25,1136.3461473253037,1136.3461473253037,1120.672407362196,1128.50927734375,21070.0
2020-11-26,1136.3462919347426,1136.3462919347426,1120.672549977022,1132.4278564453125,28930.0
2020-11-27,1124.590842352973,1136.3461473253037,1120.672407362196,1128.50927734375,14050.0
2020-11-30,1140.2647490402749,1140.2647490402749,1116.7541356580011,1136.3463134765625,27210.0
2020-12-01,1140.2647490402749,1140.2647490402749,1124.5910067854256,1136.3463134765625,20060.0
2020-12-02,1136.3462563993173,1163.7753039675767,1132.4278210324233,1148.1015625,59660.0
2020-12-03,1140.2647918283121,1144.1832275390625,1136.346356117562,1144.1832275390625,12770.0
2020-12-04,1136.3462132195018,1148.1015188734966,1136.3462132195018,1140.2646484375,11380.0
2020-12-07,1148.101598403033,1148.101598403033,1128.5094209558824,1132.4278564453125,13820.0
2020-12-08,1128.50927734375,1128.50927734375,1120.672407362196,1128.50927734375,24130.0
2020-12-09,1132.4277123345269,1140.2645823160806,1128.50927734375,1128.50927734375,26220.0
2020-12-10,1128.5092552264807,1128.5092552264807,1120.672385398519,1124.5908203125,41600.0
2020-12-11,1124.5909854664521,1132.4278564453125,1120.672549977022,1132.4278564453125,25430.0
2020-12-14,1132.4278564453125,1140.2647274241729,1132.4278564453125,1132.4278564453125,16310.0
2020-12-15,1140.2647490402749,1140.2647490402749,1128.509442349138,1136.3463134765625,4590.0
2020-12-16,1144.1831846039872,1144.1831846039872,1136.3463134765625,1136.3463134765625,18080.0
2020-12-17,1132.4278564453125,1144.183162913603,1128.5094209558824,1132.4278564453125,16660.0
2020-12-18,1144.183162913603,1144.183162913603,1128.5094209558824,1132.4278564453125,30570.0
2020-12-21,1140.2647490402749,1140.2647490402749,1132.4278779128504,1136.3463134765625,58150.0
2020-12-22,1144.1831846039872,1144.1831846039872,1136.3463134765625,1136.3463134765625,46210.0
2020-12-23,1144.1830923163932,1167.6937038023464,1144.1830923163932,1163.7752685546875,97270.0
2020-12-24,1171.6121609066956,1171.6121609066956,1159.8568549444212,1167.6937255859375,40310.0
2020-12-28,1175.5305962274538,1175.5305962274538,1159.8568549444212,1167.6937255859375,79720.0
2020-12-29,1219.9160734701654,1219.9160734701654,1186.4937152929008,1199.027099609375,18190.0
2020-12-30,1207.3828125,1219.9161980968859,1207.3828125,1207.3828125,10380.0
2021-01-04,1215.7384041479079,1282.5831274000263,1215.7384041479079,1232.4495849609375,67740.0
2021-01-05,1244.9829709859007,1253.338561395202,1190.671633325442,1240.80517578125,36020.0
2021-01-06,1236.62744140625,1249.1608276367188,1219.916259765625,1244.9830322265625,25170.0
2021-01-07,1244.9830322265625,1249.1608276367188,1228.2718505859375,1236.62744140625,13950.0
2021-01-08,1244.982972198587,1282.583129077068,1244.982972198587,1265.8719482421875,169720.0
2021-01-11,1282.5831269664568,1282.5831269664568,1219.9161989387799,1224.093994140625,28340.0
2021-01-12,1253.338623046875,1265.8720092773438,1224.0940551757812,1228.2718505859375,32800.0
2021-01-13,1253.338623046875,1253.338623046875,1236.62744140625,1253.338623046875,10480.0
2021-01-14,1253.338561807588,1270.049742631689,1232.4495857774614,1249.1607666015625,6730.0
2021-01-15,1236.62744140625,1261.6942138671875,1236.62744140625,1244.9830322265625,13130.0
2021-01-18,1240.8051749480055,1270.0497413609214,1194.849427727709,1224.093994140625,103790.0
2021-01-19,1228.271790571436,1261.6941522196385,1219.9162001593854,1249.1607666015625,11810.0
2021-01-20,1249.1608276367188,1261.6942138671875,1224.0940551757812,1244.9830322265625,19860.0
2021-01-21,1240.805176189512,1253.338561807588,1228.271790571436,1249.1607666015625,8880.0
2021-01-22,1244.9830322265625,1270.0498046875,1236.62744140625,1244.9830322265625,25180.0
2021-01-25,1236.6273809834865,1265.8719474256636,1236.6273809834865,1249.1607666015625,20000.0
2021-01-26,1249.1608276367188,1249.1608276367188,1228.2718505859375,1228.2718505859375,16440.0
2021-01-27,1228.2718505859375,1240.8052368164062,1224.0940551757812,1228.2718505859375,9150.0
2021-01-28,1203.2050185381356,1253.3385609772245,1203.2050185381356,1232.4495849609375,15080.0
2021-01-29,1207.3827493157185,1228.2717242173746,1169.7825944927376,1186.4937744140625,50980.0
2021-02-01,1207.3828735351562,1282.5831909179688,1207.3828735351562,1219.916259765625,8420.0
2021-02-02,1224.0939953654108,1253.338561807588,1215.7384049533603,1249.1607666015625,10500.0
2021-02-03,1253.338561395202,1253.338561395202,1219.9161997579965,1240.80517578125,12770.0
2021-02-04,1240.80517578125,1244.9829709859007,1228.271790167298,1240.80517578125,6910.0
2021-02-05,1240.8052368164062,1240.8052368164062,1232.4496459960938,1236.62744140625,2670.0
2021-02-08,1240.8052368164062,1240.8052368164062,1224.0940551757812,1236.62744140625,5550.0
2021-02-09,1244.9829701498506,1249.1607653516958,1224.093994140625,1224.093994140625,5040.0
2021-02-10,1228.2717893424701,1232.4495845443153,1211.5606085350896,1224.093994140625,24140.0
2021-02-15,1224.093994140625,1228.2717893424701,1211.5606085350896,1224.093994140625,18230.0
2021-02-16,1224.0940551757812,1244.9830322265625,1215.7384643554688,1228.2718505859375,21570.0
2021-02-17,1232.4496459960938,1236.62744140625,1224.0940551757812,1228.2718505859375,7120.0
2021-02-18,1240.8052368164062,1244.9830322265625,1190.6716918945312,1219.916259765625,8650.0
2021-02-19,1215.7384049533603,1253.338561807588,1211.5606097473349,1249.1607666015625,19270.0
2021-02-22,1253.338623046875,1253.338623046875,1215.7384643554688,1236.62744140625,16750.0
2021-02-23,1236.62744140625,1265.8720092773438,1224.0940551757812,1253.338623046875,42970.0
2021-02-24,1232.4496459960938,1257.5164184570312,1224.0940551757812,1228.2718505859375,40470.0
2021-02-25,1240.8051753674522,1240.8051753674522,1219.9161993511652,1232.4495849609375,11660.0
2021-02-26,1211.5606689453125,1265.8720092773438,1211.5606689453125,1261.6942138671875,60230.0
2021-03-02,1265.8718978697996,1466.4060599085797,1257.5163077848504,1387.0279541015625,751810.0
2021-03-03,1407.9168859962526,1800.6296079061865,1378.6723215987042,1541.6063232421875,5546310.0
2021-03-04,1504.0062835960277,1508.184078828239,1420.450378951804,1432.9837646484375,645180.0
2021-03-05,1453.8727418741046,1512.3618751678905,1420.4503799919414,1458.050537109375,374250.0
2021-03-08,1470.5839245299444,1545.7842388524982,1458.0505388095187,1499.8284912109375,244430.0
2021-03-09,1516.5396700372614,1520.717465271524,1432.9837653520128,1449.6949462890625,144200.0
2021-03-10,1449.6949452151302,1458.0505356774652,1424.628173828125,1424.628173828125,123650.0
2021-03-11,1428.8059697690217,1478.9395125679348,1416.2725840692935,1441.33935546875,159130.0
2021-03-12,1462.2283935546875,1504.00634765625,1432.9838256835938,1470.583984375,160870.0
2021-03-15,1478.9394577689793,1662.7624412204907,1453.8726872983186,1537.4285888671875,744550.0
2021-03-16,1545.784239201004,1554.1398296831717,1487.295105825831,1508.18408203125,219630.0
2021-03-17,1491.4729010669148,1537.4286487188365,1491.4729010669148,1508.18408203125,124900.0
2021-03-18,1508.18408203125,1529.0730582366689,1504.006286790166,1508.18408203125,97130.0
2021-03-19,1495.6506361144684,1520.717406552141,1495.6506361144684,1512.36181640625,61680.0
2021-03-22,1541.6062107837106,1600.09533531209,1508.183853910351,1591.73974609375,373710.0
2021-03-23,1570.8509600435323,1775.5629202619714,1558.3175747240361,1679.4736328125,981750.0
2021-03-24,1671.1179841062653,1737.9627034705159,1608.4510597022804,1700.362548828125,339370.0
2021-03-25,1712.8961736505682,2159.9202970179117,1700.3627870141006,1884.185791015625,2983660.0
2021-03-26,1888.363347404234,2147.386638419859,1821.5186271421371,1942.6746826171875,2593880.0
2021-03-29,1976.0969853783458,1992.8081649587125,1930.141241532338,1980.2747802734375,559310.0
2021-03-30,1951.0302734375,1980.274838563972,1896.7189382026231,1951.0302734375,272230.0
2021-03-31,1976.0972290039062,2406.41015625,1905.07470703125,2105.60888671875,2497510.0
2021-04-01,2139.03119047619,2293.6096163504462,2068.0086704799105,2193.342529296875,1294600.0
2021-04-02,2239.2979177167335,2794.9446025233115,2230.942328471522,2590.232666015625,5252220.0
2021-04-05,2594.4105867524154,3317.169091596486,2498.3213057615853,3053.968017578125,3186200.0
2021-04-06,3233.613456715806,3254.5024325343834,2874.3230726362717,3104.101806640625,2197450.0
2021-04-07,3053.9679490831163,3175.1239963107637,2932.811901855469,3008.01220703125,852370.0
2021-04-08,3083.2126839073903,3133.3462234831204,2690.4999572308393,2861.78955078125,1126850.0
2021-04-09,2861.78955078125,2861.78955078125,2861.78955078125,2861.78955078125,0.0
2021-04-12,2861.78955078125,2861.78955078125,2861.78955078125,2861.78955078125,0.0
2021-04-13,2861.78955078125,2861.78955078125,2861.78955078125,2861.78955078125,0.0
2021-04-14,2966.234357715708,3003.8345115459074,2673.788716814159,2832.544921875,909410.0
2021-04-15,2832.5448712904677,3216.9019924685253,2778.23353895009,2903.5673828125,1003058.0
2021-04-16,2991.3012475258834,3714.05978917669,2928.6343219492237,3429.9697265625,4384090.0
2021-04-19,4282.2402366674005,4449.35205078125,3968.905585203932,4449.35205078125,6151518.0
2021-04-20,4971.576090136288,5326.688668003166,4198.684008896614,4741.79736328125,4793614.0
2021-04-21,4929.797798295454,5013.353693181818,4344.906534090909,4595.57421875,1534296.0
2021-04-22,4553.7969970703125,4553.7969970703125,3839.3939819335938,4144.373046875,1924716.0
2021-04-23,3973.0833143840955,4219.573236096673,3760.01575493763,4019.0390625,1534292.0
2021-04-26,3935.48301854155,3968.9053796331978,3634.681768716718,3726.59326171875,843322.0
2021-04-27,3676.4597688840886,3676.4597688840886,3400.7252862177816,3505.170166015625,833430.0
2021-04-28,3555.3032997532896,3743.304061784897,3425.791663687071,3651.392578125,1555440.0
2021-04-29,4512.0189164467365,4745.975452855087,4027.3946624580135,4353.2626953125,4298921.0
2021-04-30,4110.950620307561,4136.017392382607,3776.726992640279,3964.727783203125,1069100.0
2021-05-03,3881.171567842558,5147.04345703125,3530.236786681336,5147.04345703125,2570587.0
2021-05-04,5581.534188304228,6684.472081801471,5147.043502987132,5681.80126953125,10518004.0
2021-05-06,5757.0020751953125,6893.3624267578125,5188.8218994140625,5848.91357421875,6446862.0
2021-05-07,5907.402462672368,6408.7378909048175,5606.601205732898,5832.2021484375,2246297.0
2021-05-10,5832.201866620852,5974.246897756318,5381.000003014082,5414.42236328125,1077723.0
2021-05-11,5247.310777041245,5389.355813999368,4829.531256576179,4963.220703125,782361.0
2021-05-12,4971.576097892992,6383.670821496212,4888.020197088068,5514.689453125,4868992.0
2021-05-13,5514.68994140625,5514.68994140625,5013.3544921875,5013.3544921875,679401.0
2021-05-14,5055.1324462890625,5280.7333984375,4846.24267578125,5080.19921875,407730.0
2021-05-17,5046.776725889718,5046.776725889718,4637.352786206612,4754.3310546875,434152.0
2021-05-18,4821.174889873258,4929.7975477040245,4512.018094508768,4645.70751953125,243697.0
2021-05-20,4654.064207683448,4971.576667094528,4603.930661460647,4704.19775390625,303941.0
2021-05-21,4428.462939698493,4503.663253768845,4115.128297738694,4156.90625,683191.0
2021-05-24,4152.728762272202,4186.151126556083,3864.4608703237295,4069.1728515625,350879.0
2021-05-25,3684.8152059354925,4545.440979657387,3622.148280664481,3902.060546875,2012791.0
2021-05-26,3893.705073860535,4027.3945184566046,3826.8603515625,3826.8603515625,602179.0
2021-05-27,3826.860341574929,3835.2159318403765,3638.8595606023614,3676.459716796875,527544.0
2021-05-28,3734.9484780240223,3822.6821671051234,3668.1037625336594,3684.81494140625,459272.0
2021-05-31,3760.0156763980262,3764.1934715940242,3567.8370973821275,3572.014892578125,376179.0
2021-06-01,3572.014725448301,3968.9052504981123,3446.680875432571,3734.94873046875,1430265.0
2021-06-02,3780.9044236146688,3981.438580889259,3734.9486792392418,3822.682373046875,884073.0
2021-06-03,3876.9938943614134,3918.771845809273,3822.682557479195,3843.571533203125,390754.0
2021-06-04,3826.8603526239813,3906.238460374915,3760.015630307405,3843.571533203125,340255.0
2021-06-07,3851.926990483431,3881.171555487101,3705.7041654650793,3734.94873046875,279759.0
2021-06-08,3755.83781851835,3755.83781851835,3576.192628088663,3592.90380859375,317850.0
2021-06-09,3684.8149414062505,3739.12627274217,3580.3700734525582,3684.81494140625,299282.0
2021-06-10,3672.2821043529966,3801.7937599103834,3601.259583563462,3663.926513671875,401102.0
2021-06-11,3668.1038762105773,3693.170645296299,3617.9703380391343,3626.325927734375,154597.0
2021-06-14,3626.3259321935643,3697.348444690443,3605.4369579297763,3659.748291015625,158359.0
2021-06-15,3659.748291015625,3693.1706498376852,3601.259163077019,3659.748291015625,212551.0
2021-06-16,3659.74829761402,4019.038655598958,3638.8593233125703,3709.8818359375,776411.0
2021-06-17,3676.459470426655,3701.5262395432005,3638.859316751837,3659.748291015625,209713.0
2021-06-18,3659.7481647359914,3676.4593435704023,3613.7924229413616,3634.681396484375,162303.0
2021-06-21,3592.90380859375,3663.9263257403704,3555.3036524573035,3592.90380859375,176770.0
2021-06-22,3609.6149281358885,3638.8594935258784,3546.948002300196,3597.08154296875,163908.0
2021-06-23,3601.2595167780496,3605.437312041133,3417.4365252023717,3467.570068359375,285867.0
2021-06-24,3505.170110942042,3701.526481876817,3446.6809791742367,3592.90380859375,283069.0
2021-06-25,3634.6820683661645,3705.7045915411354,3597.081909038239,3605.4375,138749.0
2021-06-28,3609.614997897982,3747.48223740103,3605.4372027615264,3726.59326171875,281069.0
2021-06-29,3730.7707965992113,3755.837565669307,3592.9035667136864,3609.61474609375,205571.0
2021-06-30,3643.03711817286,3818.5045023050393,3613.7925541508303,3709.8818359375,382087.0
2021-07-01,3760.0154937535594,3801.7934436841547,3626.326053975655,3668.10400390625,185329.0
2021-07-02,3634.681757537412,3697.3486843915052,3551.1258550652874,3559.4814453125,217773.0
2021-07-05,3567.8372185882026,3655.5709206846336,3492.6369025055474,3530.237060546875,189616.0
2021-07-06,3530.2367575252756,3563.6591173598345,3492.636602711397,3551.125732421875,83907.0
2021-07-07,3584.548212541853,3584.548212541853,3475.925539434524,3509.347900390625,121682.0
2021-07-08,3492.636839937876,3538.5925878317958,3404.903139413121,3467.570068359375,123796.0
2021-07-09,3455.036678948414,3455.036678948414,3287.9248686002443,3367.302978515625,157060.0
2021-07-12,3367.3028558379974,3438.3253726484763,3329.7026998795086,3358.947265625,92162.0
2021-07-13,3413.2586020094836,3413.2586020094836,3225.2578222170396,3358.947265625,100878.0
2021-07-14,3363.1251820346765,3363.1251820346765,3258.680300605028,3333.880615234375,72524.0
2021-07-15,3338.0585327148438,3342.236328125,3275.3916015625,3308.81396484375,102765.0
2021-07-16,3308.8135939498084,3308.8135939498084,3246.146669821971,3267.03564453125,143835.0
2021-07-19,3267.035513559977,3267.035513559977,3158.4128494262695,3208.54638671875,158726.0
2021-07-20,3154.2354203217083,3467.570064724527,3124.9908535107784,3367.302978515625,390464.0
2021-07-21,3363.124872555523,3446.6807700103186,3279.5689751007276,3321.346923828125,92278.0
2021-07-22,3287.9248046875,3325.524961284943,3258.6802384450443,3287.9248046875,75415.0
2021-07-23,3287.9246192405294,3333.8803636009434,3225.257695112692,3267.03564453125,80225.0
2021-07-26,3258.680052769521,3333.880361679587,3216.90210337504,3250.324462890625,78799.0
2021-07-27,3258.680419921875,3459.214599609375,3216.9024658203125,3325.525146484375,222871.0
2021-07-28,3354.7693344234494,3413.2584635416665,3233.61328125,3233.61328125,114401.0
2021-07-29,3221.0800790700605,3308.813777721774,3212.7244887222782,3237.791259765625,50018.0
2021-07-30,3296.280326483761,3296.280326483761,3179.3020639469487,3191.83544921875,89470.0
2021-08-02,3191.8353281046016,3246.146662221565,3116.6350193272683,3200.19091796875,79829.0
2021-08-03,3246.1465396881104,3246.1465396881104,3108.279312133789,3208.54638671875,78331.0
2021-08-04,3137.524053436479,3225.257748672386,3137.524053436479,3196.01318359375,59945.0
2021-08-05,3196.013243022718,3233.6133988229853,3141.7019068667764,3175.124267578125,54903.0
2021-08-06,3191.8357554510653,3196.013550942493,3137.5244140625,3137.5244140625,41186.0
2021-08-09,3137.5241052576016,3154.2352855785475,3066.5015888935814,3091.568359375,90173.0
2021-08-10,3091.5683553507038,3104.1017405750986,3037.2570193783267,3041.434814453125,94639.0
2021-08-11,3041.434628392981,3066.5013973083073,2999.656680200769,3020.545654296875,83798.0
2021-08-12,3020.545773813415,3024.723568797943,2966.234439014557,2995.47900390625,60429.0
2021-08-13,2991.3012566061584,2991.3012566061584,2807.478274356618,2840.900634765625,151426.0
2021-08-17,2840.900628882718,2886.856374349939,2715.5667776084806,2774.055908203125,65358.0
2021-08-18,2715.566659188485,2836.7227101368944,2715.566659188485,2782.411376953125,57678.0
2021-08-19,2794.9448693147892,2845.0784095715567,2623.6552734375,2623.6552734375,92576.0
2021-08-20,2590.2328308627134,2652.899754190037,2385.5208813267895,2444.010009765625,226932.0
2021-08-23,2485.788087160241,2544.277218622835,2444.010136115531,2502.499267578125,66800.0
2021-08-24,2531.74366404378,2761.5223794272915,2531.74366404378,2615.299560546875,105224.0
2021-08-25,2594.4104699243476,2665.4329787628562,2594.4104699243476,2640.3662109375,36842.0
2021-08-26,2669.6111432756697,2711.3890954396084,2602.766419813368,2632.010986328125,44367.0
2021-08-27,2673.788812099359,2690.49999217498,2606.944091796875,2606.944091796875,40083.0
2021-08-30,2665.43303414677,2673.7886235955057,2598.588318556882,2602.76611328125,41669.0
2021-08-31,2602.76611328125,2669.6108288711375,2556.8103713132023,2602.76611328125,43162.0
2021-09-01,2602.766419813368,2657.077757626488,2565.1662628658232,2632.010986328125,26016.0
2021-09-02,2669.6110828309547,2669.6110828309547,2627.833131612943,2652.89990234375,26140.0
2021-09-03,2661.2553301621615,3137.5239449792516,2661.2553301621615,2815.833740234375,968578.0
2021-09-06,2815.8341673900463,2878.501099898727,2748.989439380787,2820.011962890625,78471.0
2021-09-07,2849.25634765625,2849.25634765625,2627.8332004043714,2849.25634765625,122829.0
2021-09-08,2840.900757903608,2895.2120959223535,2786.5894198848628,2865.967529296875,49864.0
2021-09-09,2865.967186143663,3300.4578382703994,2803.3002651638453,3008.01220703125,1168588.0
2021-09-10,3041.4347681781046,3317.1692389195264,3028.9013831444036,3196.01318359375,940390.0
2021-09-13,3258.68022872741,3275.3914093875505,3028.901494650477,3120.81298828125,231084.0
2021-09-14,3099.9237558620766,3150.05729369273,3008.0122698392115,3020.545654296875,124132.0
2021-09-15,3020.5460815429688,3024.723876953125,2903.5678100585938,2941.16796875,105499.0
2021-09-16,2991.301272228937,3091.5683539796273,2949.5233214994823,3024.7236328125,129567.0
2021-09-17,3024.7237565458954,3091.568480447462,3008.012575570504,3066.501708984375,77987.0
2021-09-23,3066.5018310546875,3066.5018310546875,2840.90087890625,2924.456787109375,70142.0
2021-09-24,3008.0126953125,3016.3682861328125,2891.034423828125,2907.74560546875,41550.0
2021-09-27,2936.9901733398438,2982.9459228515625,2849.2564697265625,2941.16796875,32060.0
2021-09-28,2966.2344862994028,2974.5900764016546,2824.1894545611212,2840.900634765625,78200.0
2021-09-29,2740.6336736761527,3012.1903639032107,2732.278083207628,2899.389892578125,257807.0
2021-09-30,3070.6796264648438,3091.568603515625,2878.5010375976562,2891.034423828125,101516.0
2021-10-01,2849.2560924518507,2907.7452204493957,2757.344605598565,2765.7001953125,88707.0
2021-10-05,2757.3449082485463,2757.3449082485463,2627.8332534671754,2694.677978515625,54722.0
2021-10-06,2682.1441477129533,2732.277683184224,2527.565746676537,2590.232666015625,58866.0
2021-10-07,2590.233034922121,2652.899963186366,2577.6996492692724,2648.72216796875,68821.0
2021-10-08,2703.0335073500783,2757.3448452102807,2590.2330364096574,2682.14453125,61131.0
2021-10-12,2615.2995740685096,2732.277829777644,2615.2995740685096,2715.566650390625,22603.0
2021-10-13,2657.077533232276,2911.9230199102144,2657.077533232276,2799.12255859375,123212.0
2021-10-14,2790.7672151170736,2903.5676863867757,2769.878238956018,2865.967529296875,98392.0
2021-10-15,2891.034423828125,2957.879150390625,2828.3674926757812,2941.16796875,73288.0
2021-10-18,3049.7901624669144,3087.3903151548625,2936.9897044030695,3058.145751953125,113370.0
2021-10-19,3058.145998733108,3112.4573347761825,3016.368047930743,3091.568359375,100815.0
2021-10-20,3008.012753828229,3141.702209553928,3008.012753828229,3137.5244140625,80397.0
2021-10-21,3137.5242281297897,3141.7020233736375,3049.790528008983,3066.501708984375,83899.0
2021-10-22,3066.5017069555056,3087.3906831609243,2966.2346211694944,3016.3681640625,43521.0
2021-10-25,3008.012390559986,3079.034905337097,2932.8120807959867,3012.190185546875,30202.0
2021-10-26,3045.6124183921547,3083.212571705638,2987.123291015625,2987.123291015625,23178.0
2021-10-27,2987.123276176397,3024.7234293030933,2857.611637628889,2886.856201171875,67695.0
2021-10-28,2924.456469690286,2924.456469690286,2794.9448260325735,2811.656005859375,60399.0
2021-10-29,2820.011840272912,2840.9008168675264,2728.10034325661,2794.945068359375,40693.0
2021-11-01,2840.90087890625,2924.456787109375,2807.478515625,2874.3232421875,39339.0
2021-11-02,2874.32281679631,2891.03399596373,2840.9004584614686,2886.856201171875,21496.0
2021-11-03,2886.8565061707427,2932.812253736413,2849.256349071558,2882.6787109375,24643.0
2021-11-04,2853.4341443048006,2911.9232775701994,2840.9007586050725,2882.6787109375,23801.0
2021-11-05,2811.6560180489923,2974.5900220666904,2807.47822307418,2928.63427734375,65012.0
2021-11-08,2941.167784334764,2945.345579482967,2865.967471667114,2920.27880859375,42418.0
2021-11-09,2924.456787109375,2936.9901733398438,2874.3232421875,2874.3232421875,32136.0
2021-11-10,2916.101001162929,2920.278796293535,2736.455810546875,2736.455810546875,66712.0
2021-11-11,2736.4556334899353,2807.4781461148646,2694.6776848870354,2782.411376953125,35814.0
2021-11-12,2757.344970703125,2903.5678100585938,2757.344970703125,2874.3232421875,36674.0
2021-11-15,2874.3232421875,2916.1011962890625,2832.5452880859375,2857.612060546875,35649.0
2021-11-16,2803.3003534573227,2899.3896353194964,2769.877994548741,2799.12255859375,62132.0
2021-11-17,2807.4783277671754,2807.4783277671754,2707.211244632633,2736.455810546875,38617.0
2021-11-18,2815.8337895139157,2815.8337895139157,2673.7887615562404,2711.388916015625,34239.0
2021-11-19,2711.3888555438702,2828.3671112530046,2682.1442916165865,2715.566650390625,22954.0
2021-11-22,2740.633291682842,2786.589032854353,2677.9663719035084,2690.499755859375,43189.0
2021-11-23,2790.7670838525687,2790.7670838525687,2686.3222079598827,2723.92236328125,18716.0
2021-11-24,2753.1666847787255,2786.589042105326,2682.144175459699,2740.63330078125,51066.0
2021-11-25,2740.633541907793,2753.1669270079815,2677.9666164068526,2707.211181640625,17359.0
2021-11-26,2686.322265625,2715.5668315027215,2661.255494872667,2686.322265625,37894.0
2021-11-29,2590.2327915959468,2715.5666363505893,2581.877201945637,2615.299560546875,78963.0
2021-11-30,2548.4549584326805,2640.36644873681,2548.4549584326805,2573.521728515625,86611.0
2021-12-01,2573.52197265625,2615.2999267578125,2527.5662231445312,2556.810791015625,60620.0
2021-12-02,2556.8105530951434,2673.7888136942674,2506.677012838376,2623.6552734375,63368.0
2021-12-03,2623.6552824242713,2757.344723566909,2611.121897317149,2723.92236328125,43351.0
2021-12-06,2719.7443090511274,2794.9446125271957,2590.232675286788,2640.3662109375,42275.0
2021-12-07,2715.5668930101247,2715.5668930101247,2640.3665790498444,2682.14453125,25253.0
2021-12-08,2623.6553966630518,2761.5226388443907,2623.6553966630518,2648.72216796875,30663.0
2021-12-09,2648.7222289074844,2723.9225445547,2632.0110476525474,2644.54443359375,29616.0
2021-12-10,2627.832965032572,3062.323630157194,2627.832965032572,2765.7001953125,558508.0
2021-12-13,2878.5006610016326,2882.6784558652053,2765.700199685168,2799.12255859375,122252.0
2021-12-14,2774.0558420271823,2828.3671762837384,2715.566712827814,2728.10009765625,76584.0
2021-12-15,2690.500244140625,2865.9676513671875,2690.500244140625,2857.612060546875,124222.0
2021-12-16,2857.6117503830797,2865.9673402964804,2799.122620989274,2811.656005859375,42420.0
2021-12-17,2811.6558190991063,2840.9003818534807,2765.7000776279474,2790.766845703125,27640.0
2021-12-20,2765.700199685168,2799.12255859375,2732.277840776586,2799.12255859375,30811.0
2021-12-21,2799.12255416824,2799.12255416824,2723.922246742825,2765.7001953125,26865.0
2021-12-22,2794.9451921172954,2794.9451921172954,2707.211486535138,2719.744873046875,26411.0
2021-12-23,2715.5668359967754,2757.3447873198024,2686.322270070656,2753.1669921875,32583.0
2021-12-24,2769.878171591722,2769.878171591722,2719.744630024451,2736.455810546875,19289.0
2021-12-27,2748.9888901129,2757.3444794445504,2719.7443274521247,2740.63330078125,37259.0
2021-12-28,2740.633547863328,2774.055908203125,2723.92236769343,2774.055908203125,36362.0
2021-12-29,2873.5931676462155,2873.5931676462155,2808.6776593409545,2830.316162109375,42080.0
2021-12-30,2830.315957765968,2830.315957765968,2743.7619529413205,2761.07275390625,48110.0
2022-01-04,2726.450936314397,2726.450936314397,2683.1739373252794,2709.14013671875,34995.0
2022-01-05,2713.468047351372,2713.468047351372,2639.897143356199,2661.53564453125,38837.0
2022-01-06,2661.535729134437,2661.535729134437,2605.275624290945,2622.58642578125,25005.0
2022-01-07,2622.586594402107,2661.535900259564,2605.275791798793,2644.22509765625,18657.0
2022-01-10,2652.8802846867175,2652.8802846867175,2579.3093795649,2592.29248046875,34849.0
2022-01-11,2605.2756453804345,2605.2756453804345,2536.0324388586955,2587.96484375,41525.0
2022-01-12,2587.96484375,2592.2925441576085,2574.981742527174,2587.96484375,19201.0
2022-01-13,2561.9987678271814,2587.9649715551595,2540.360264720533,2579.3095703125,19339.0
2022-01-14,2574.9815269704563,2600.9477272424274,2527.376826471843,2536.0322265625,24769.0
2022-01-17,2536.0322546344187,2566.326155287048,2484.099853515625,2484.099853515625,38079.0
2022-01-18,2501.4107716878257,2536.0323740641275,2449.4783681233725,2492.75537109375,48533.0
2022-01-19,2492.7551529255315,2514.3936525168992,2432.167354069703,2440.82275390625,49467.0
2022-01-20,2440.8230816798227,2501.410888671875,2432.1676806809583,2501.410888671875,30285.0
2022-01-21,2466.789053142694,2527.376854447953,2440.822852583297,2484.099853515625,23118.0
2022-01-24,2488.4278555639385,2501.4109574190547,2259.059722790219,2397.546142578125,47023.0
2022-01-25,2397.54594525899,2397.54594525899,2181.1609321489727,2211.454833984375,87962.0
2022-01-26,2211.454833984375,2211.454833984375,2211.454833984375,2211.454833984375,0.0
2022-01-27,2246.076316728573,2280.6979169864317,2172.505416180624,2202.79931640625,34319.0
2022-01-28,2181.1608162450884,2211.4547164707146,2146.53921598723,2202.79931640625,36628.0
2022-02-03,2207.126989675804,2280.697889331664,2207.126989675804,2254.731689453125,25923.0
2022-02-04,2254.731743499523,2276.3702439169847,2220.1101428315837,2267.71484375,26665.0
2022-02-07,2293.6809714304704,2345.613370783613,2259.0593718617083,2289.353271484375,13698.0
2022-02-08,2289.353271484375,2289.353271484375,2289.353271484375,2289.353271484375,0.0
2022-02-09,2289.353271484375,2289.353271484375,2289.353271484375,2289.353271484375,0.0
2022-02-10,2328.3027000933944,2328.3027000933944,2267.7148974887336,2280.697998046875,17692.0
2022-02-11,2280.697934699781,2293.681034897313,2237.4209340413413,2285.025634765625,19603.0
2022-02-14,2276.370348326553,2276.370348326553,2168.177841276812,2194.14404296875,17886.0
2022-02-15,2233.0932647143404,2233.0932647143404,2116.245361328125,2116.245361328125,72523.0
2022-02-16,2146.539349838469,2207.127154067781,2146.539349838469,2176.833251953125,42604.0
2022-02-17,2176.833188495939,2207.1270897274926,2159.5223877921935,2181.160888671875,20467.0
2022-02-18,2176.8332470968016,2726.4511842365505,2146.5393450497286,2393.21826171875,2169599.0
2022-02-21,2393.21826171875,2393.21826171875,2393.21826171875,2393.21826171875,0.0
2022-02-22,2393.21826171875,2393.21826171875,2393.21826171875,2393.21826171875,0.0
2022-02-23,2393.21826171875,2393.21826171875,2393.21826171875,2393.21826171875,0.0
2022-02-24,2523.0492242945857,2523.0492242945857,2328.3027147006637,2362.92431640625,117132.0
2022-02-25,2367.252026547365,2432.1675300175852,2341.285825159277,2345.613525390625,77024.0
2022-02-28,2345.613525390625,2345.613525390625,2345.613525390625,2345.613525390625,0.0
2022-03-02,2393.218169842508,2492.75527274735,2371.5796692110202,2449.478271484375,53443.0
2022-03-03,2505.7384307005696,3159.2211647865556,2458.1337282174845,2778.383544921875,6726249.0
2022-03-04,2778.383544921875,2778.383544921875,2778.383544921875,2778.383544921875,0.0
2022-03-07,2791.3668524050245,2925.5255693423205,2648.552734375,2648.552734375,473121.0
2022-03-08,2622.5862831931768,2730.778786625239,2440.8228774273134,2549.015380859375,361588.0
2022-03-10,2549.015380859375,2549.015380859375,2549.015380859375,2549.015380859375,0.0
2022-03-11,2475.4445499785957,2531.7046533872003,2475.4445499785957,2527.376953125,105315.0
2022-03-14,2557.670810428401,2704.812616781304,2471.1168066913992,2497.0830078125,226513.0
2022-03-15,2479.7722070650993,2527.3769091204504,2475.4445068782493,2497.0830078125,62983.0
2022-03-16,2497.0830078125,2497.0830078125,2497.0830078125,2497.0830078125,0.0
2022-03-17,2587.9647365260766,2613.9309378959038,2531.7046335581185,2561.99853515625,45341.0
2022-03-18,2583.637218147265,2583.637218147265,2492.755506956155,2566.326416015625,51178.0
2022-03-21,2566.326416015625,2566.326416015625,2566.326416015625,2566.326416015625,0.0
2022-03-22,2432.1676584629004,2756.7451929552803,2432.1676584629004,2635.569580078125,315457.0
2022-03-23,2631.241837105482,2657.2080394453383,2553.3432300859117,2605.275634765625,86356.0
2022-03-24,2626.913980062906,2717.7956828327924,2579.3092786120133,2665.86328125,146398.0
2022-03-25,2665.8634189293034,2709.1404224833504,2609.603314309042,2639.897216796875,112788.0
2022-03-28,2639.8971837828676,2661.535685289284,2592.29248046875,2592.29248046875,67952.0
2022-03-29,2609.6029328377017,2735.1062247983873,2605.2752331149195,2683.173828125,150588.0
2022-03-30,2726.4508894764745,2774.0555875466985,2639.8968929851576,2678.84619140625,185529.0
2022-03-31,2678.8463535187348,2726.451054469795,2678.8463535187348,2717.795654296875,54373.0
2022-04-01,2704.8123267389115,2743.7616242439517,2648.552230342742,2683.173828125,55741.0
2022-04-04,2752.417283887987,2761.072684151786,2657.2078809862014,2665.86328125,106171.0
2022-04-05,2665.8634616845625,2674.5188625341875,2626.914157861249,2670.191162109375,47405.0
2022-04-06,2683.174111069433,2700.48491178601,2592.2924073074037,2613.930908203125,57465.0
2022-04-07,2657.2079746126137,2657.2079746126137,2570.6539689249066,2609.603271484375,54338.0
2022-04-08,2596.6201706312186,2635.569473190687,2561.998568356136,2609.603271484375,26499.0
2022-04-11,2609.6033130756227,2639.8972155491374,2536.0324070685156,2540.360107421875,39309.0
2022-04-12,2561.9985451211733,2592.292446837133,2514.393842424665,2544.687744140625,37638.0
2022-04-13,2514.3938950798433,2574.9816997805624,2514.3938950798433,2557.6708984375,19463.0
2022-04-14,2557.6708881794902,2600.9478913635767,2518.7215853138127,2574.981689453125,14868.0
2022-04-15,2596.6200791396104,2665.86328125,2574.9815784801135,2665.86328125,111520.0
2022-04-18,2700.484921875,3462.16015625,2652.8802197265622,3462.16015625,7231011.0
2022-04-19,4241.146559495192,4500.80859375,3591.991473858173,4500.80859375,24820516.0
2022-04-20,5158.618169247788,5851.050138274337,4890.30078125,4890.30078125,18978446.0
2022-04-21,5028.78717505531,5297.104563053098,4210.8519116427,4890.30078125,9943211.0
2022-04-22,4587.361997716567,5539.455997242647,4431.564797794118,4708.53759765625,8346077.0
2022-04-25,4725.848506055759,5496.179123343236,4561.395902365173,4734.50390625,8699999.0
2022-04-26,4847.024187853107,5167.274000264831,4535.429775776836,4596.017578125,3430953.0
2022-04-27,4414.254210335867,4457.531212397984,3756.443778991699,3877.619384765625,1772800.0
2022-04-28,3881.9473536849714,3881.9473536849714,3570.3529172687863,3743.4609375,1262011.0
2022-04-29,3721.8224349710986,4007.450668352601,3674.2177294075145,3743.4609375,1192282.0
2022-05-02,4050.7269274076957,4864.33447265625,3955.5175338147797,4864.33447265625,10138658.0
2022-05-03,5106.686806640625,5210.551623046875,4267.112874023437,4327.70068359375,4347693.0
2022-05-04,4362.3218346940175,4405.598837022331,3868.964008151242,3942.534912109375,1213769.0
2022-05-06,3920.896366592872,4115.6428748673525,3591.991152618194,3695.85595703125,1033653.0
2022-05-10,4544.084920247396,4544.084920247396,3830.014432779948,3894.929931640625,3513854.0
2022-05-11,3894.9300822805853,4068.0380859375,3765.099079537899,4068.0380859375,2041246.0
2022-05-12,3938.20705078125,4003.122551618304,3717.4943479352683,3786.737548828125,822561.0
2022-05-13,3747.7882314205744,3791.0652317833988,3574.6802299692777,3587.663330078125,755332.0
2022-05-16,3877.619410569106,4509.4636448805895,3873.2917103340956,4258.45703125,9325937.0
2022-05-17,4284.42335504974,4327.700358636102,3661.234503406142,3752.1162109375,2764196.0
2022-05-18,3721.8221103135725,3985.81181813814,3661.2343085177704,3782.409912109375,2054519.0
2022-05-19,3652.5789304603695,3756.4437341701428,3591.991128296335,3630.9404296875,666177.0
2022-05-20,3639.5960326314244,4258.457189190633,3622.285231049349,3799.720947265625,4907090.0
2022-05-23,3734.8051032067483,3747.7882032178954,3600.6464030915577,3639.595703125,641919.0
2022-05-24,3609.3019980396502,3708.839103501175,3483.7986911533794,3509.764892578125,489502.0
2022-05-25,4145.936825139736,4241.14623030996,3700.183700933689,3726.14990234375,5682896.0
2022-05-26,3903.5853579409486,4180.558154956714,3791.0651591532937,3842.99755859375,3396575.0
2022-05-27,4665.260706694574,4699.88230748637,3977.1563909576194,4167.5751953125,5615651.0
2022-05-30,4167.5752980270545,4215.180000289046,3990.1395895959963,4094.00439453125,1719417.0
2022-05-31,4184.886150055261,4189.21385031385,3907.9133335055853,4007.450439453125,758286.0
2022-06-02,3920.8962756440837,4016.105677480916,3851.6530743082058,3968.5009765625,395436.0
2022-06-03,3955.5179045450623,3955.5179045450623,3799.7207004273137,3916.568603515625,540573.0
2022-06-07,3920.8965909290637,3981.48439696991,3808.376379710349,3847.32568359375,407664.0
2022-06-08,3812.704080700599,3847.3256841575853,3678.5453673047778,3747.78857421875,262850.0
2022-06-09,3678.5452058275255,3739.133009217626,3548.7141985630246,3609.302001953125,263471.0
2022-06-10,3527.075673756582,3808.376187614469,3527.075673756582,3544.386474609375,312476.0
2022-06-13,3622.2851585210756,4180.558498364826,3540.058852652616,3721.822265625,4811846.0
2022-06-14,3566.0247639134986,3617.9571633879673,3315.018166453568,3358.295166015625,862234.0
2022-06-15,3353.9677944456894,3687.2007237002936,3289.0522887467405,3319.34619140625,940533.0
2022-06-16,3349.6397661032133,3548.7139640886758,3289.0519667163335,3358.295166015625,612211.0
2022-06-17,3622.284795223516,3691.5279932206204,3340.9843033602797,3362.622802734375,620846.0
2022-06-20,3319.3462443562294,3596.319073089996,3310.6908434582992,3332.329345703125,812927.0
2022-06-21,3315.0185877144813,3423.211100368348,3202.4983745544596,3263.086181640625,295970.0
2022-06-22,3176.5320550416077,3336.6569678979286,3042.3733442700955,3055.3564453125,344551.0
2022-06-23,3064.0116302490233,3064.0116302490233,2769.72802734375,2769.72802734375,314496.0
2022-06-24,2704.8127647618544,2877.920781706613,2704.8127647618544,2869.265380859375,209107.0
2022-06-27,2908.2146739130435,3012.079483695652,2856.282269021739,2986.11328125,170893.0
2022-06-28,2934.180645556213,2999.0961465640944,2903.886745085869,2968.80224609375,144892.0
2022-06-29,3193.842532169118,3392.9167279411768,2942.8359375,2942.8359375,642585.0
2022-06-30,2929.852946951465,2938.50834709017,2838.971245495068,2851.954345703125,123511.0
2022-07-01,2795.694430816795,2851.9545354617153,2691.8296222415584,2739.434326171875,154375.0
2022-07-04,2739.4341547291747,2830.315856544835,2670.190953345815,2717.795654296875,102967.0
2022-07-05,2691.829550046532,2765.4004541474824,2687.5018498052996,2761.07275390625,77984.0
2022-07-06,2756.7451817075344,2756.7451817075344,2631.2418688825446,2652.88037109375,193600.0
2022-07-07,2696.1572168280254,2752.4173192658495,2661.5356153278262,2713.468017578125,101652.0
2022-07-08,2735.1064802439732,2813.005082529403,2709.1402794821634,2782.711181640625,174698.0
2022-07-11,2800.0220662306533,2800.0220662306533,2631.241756210568,2743.761962890625,97751.0
2022-07-12,2691.8295166405005,2782.711220578524,2687.5018164529756,2713.468017578125,76835.0
2022-07-13,2665.863146226889,2735.106344830185,2618.2584471871232,2691.829345703125,77134.0
2022-07-14,2665.863472420473,2696.1573755161603,2622.5864679980627,2652.88037109375,95979.0
2022-07-15,2626.9141038097505,2657.20800616011,2536.0323967586714,2557.6708984375,127722.0
2022-07-18,2609.603281673884,2631.2417831803004,2566.32627866105,2592.29248046875,73174.0
2022-07-19,2618.258554265027,2631.24165453411,2570.65385327839,2600.94775390625,49986.0
2022-07-20,2600.947987151343,2661.5357938403927,2600.947987151343,2618.2587890625,58827.0
2022-07-21,2618.2586720531453,2631.241772906302,2583.6370697780626,2609.603271484375,51919.0
2022-07-22,2609.603474661808,2622.586576525797,2561.9987678271814,2579.3095703125,85815.0
2022-07-25,2579.309336069468,2583.6370362977723,2531.7046335581185,2561.99853515625,56277.0
2022-07-26,2536.032512285255,2596.620319745995,2523.049410686525,2566.326416015625,88841.0
2022-07-27,2561.998500699225,2561.998500699225,2510.0660986580247,2514.393798828125,60231.0
2022-07-28,2531.704727726279,2540.3601285048308,2492.755424222798,2505.738525390625,62085.0
2022-07-29,2505.7385891713075,2527.377091668469,2492.7554876730105,2501.410888671875,71956.0
2022-08-01,2518.721637228261,2518.721637228261,2466.7892323369565,2488.427734375,75220.0
2022-08-02,2488.427388689159,2488.427388689159,2436.494991012168,2445.150390625,56367.0
2022-08-03,2436.4954179462634,2999.096491361919,2436.4954179462634,2631.241943359375,2668346.0
2022-08-04,2631.2419777684563,2631.2419777684563,2540.360264720533,2579.3095703125,200525.0
2022-08-05,2570.6540634931143,2613.931067929025,2510.0662572828387,2553.34326171875,133368.0
2022-08-08,2553.343294665063,2566.3263961633597,2501.410888671875,2501.410888671875,152159.0
2022-08-09,2570.6538269251278,2579.309227015785,2510.066026290529,2536.0322265625,76141.0
2022-08-10,2536.0323536494006,2553.343154698202,2497.0830512895977,2527.376953125,63489.0
2022-08-11,2561.9985451211733,2566.3262453663106,2510.066142179528,2544.687744140625,46180.0
2022-08-12,2527.3769431600763,2570.6539456114474,2527.3769431600763,2544.687744140625,69023.0
2022-08-16,2561.998715482715,2583.637218147265,2518.7217101536153,2566.326416015625,60065.0
2022-08-17,2574.9816162109373,2635.5694189453125,2527.3769140625,2596.6201171875,162982.0
2022-08-18,2613.930854175333,2665.8632552516638,2561.998453099002,2600.94775390625,169503.0
2022-08-19,2600.9478173828124,2613.93091796875,2574.9816162109373,2596.6201171875,48113.0
2022-08-22,2570.6539395960367,2778.3835508765246,2570.6539395960367,2661.53564453125,520780.0
2022-08-23,2639.897119140625,2730.7788232421876,2549.0154150390626,2596.6201171875,186807.0
2022-08-24,2600.947934375649,2631.241837105482,2561.998630865864,2605.275634765625,74223.0
2022-08-25,2609.6033666713397,2661.535771978232,2600.9479657868574,2652.88037109375,73006.0
2022-08-26,2635.569643924111,2683.174350136205,2622.5865422299034,2631.241943359375,58741.0
2022-08-29,2648.5527147456028,2735.1067250314068,2561.998704459799,2583.63720703125,310155.0
2022-08-30,2592.29256571107,2631.2418697033895,2553.34326171875,2553.34326171875,104640.0
2022-08-31,2570.6538269251278,2570.6538269251278,2536.0322265625,2536.0322265625,42365.0
2022-09-01,2536.0323295392136,2536.0323295392136,2462.46142578125,2462.46142578125,84942.0
2022-09-02,2501.410663377193,2501.410663377193,2449.4782620614037,2466.7890625,36384.0
2022-09-05,2436.4954365829412,2462.461640169971,2380.235328811044,2414.85693359375,76147.0
2022-09-06,2397.5460152385904,2445.150719512281,2397.5460152385904,2406.201416015625,55915.0
2022-09-07,2371.5797471178607,2423.51215033942,2280.6980414801324,2310.991943359375,136604.0
2022-09-08,2310.991923539841,2406.2013286294973,2306.664223308493,2345.613525390625,109551.0
2022-09-13,2362.9244331304176,2397.5460365462477,2358.5967327034386,2371.579833984375,76924.0
2022-09-14,2293.681164795367,2406.201372879668,2293.681164795367,2375.907470703125,57462.0
2022-09-15,2375.9073627956664,2384.5627630244303,2341.285761880611,2349.941162109375,33327.0
2022-09-16,2336.9579446337802,2358.59644412113,2319.6471450439003,2341.28564453125,47802.0
2022-09-19,2332.630223767511,2345.613323343211,2259.059326171875,2259.059326171875,55588.0
2022-09-20,2263.387187720692,2302.336489230226,2250.404087217514,2298.0087890625,21346.0
2022-09-21,2272.042588056144,2367.251991746116,2272.042588056144,2298.0087890625,44827.0
2022-09-22,2319.6472077546296,2761.072609230324,2285.0256076388887,2453.805908203125,3118561.0
2022-09-23,2440.8228844188084,2471.1167854665596,2306.6641797787674,2315.319580078125,383220.0
2022-09-26,2285.0257080544934,2393.21821317071,2263.38720703125,2263.38720703125,192991.0
2022-09-27,2263.387346893187,2289.3535497256134,2103.262429426556,2137.884033203125,150483.0
2022-09-28,2150.866935633406,2280.697937784316,2042.674433840981,2051.329833984375,166150.0
2022-09-29,2194.1439073350693,2194.1439073350693,2077.2960069444443,2103.26220703125,101924.0
2022-09-30,2103.262280121167,2124.900780945459,2042.6744778131497,2081.623779296875,57916.0
2022-10-04,2090.279296875,2198.4718070652175,2090.279296875,2189.81640625,72814.0
2022-10-05,2202.7994334599744,2224.437934770976,2137.883929526969,2211.454833984375,100011.0
2022-10-06,2267.714981373673,2272.042681719806,2228.765678258476,2241.748779296875,86844.0
2022-10-07,2202.799443532729,2276.370348326553,2172.5055415588017,2194.14404296875,55342.0
2022-10-11,2211.454897150122,2211.454897150122,2077.2961851899386,2107.590087890625,56499.0
2022-10-12,2085.9515534729517,2094.6069541097686,2051.3299509256826,2059.9853515625,62286.0
2022-10-13,2081.623815199908,2081.623815199908,1904.1881053803734,1912.843505859375,121532.0
2022-10-14,1930.1541533888433,1990.7419519257128,1930.1541533888433,1973.43115234375,42740.0
2022-10-17,1973.4314018619216,1986.4145031899607,1886.8773930083287,1964.7760009765625,11665.0
2022-10-18,1969.1034397934422,2025.3635380732549,1969.1034397934422,1999.3973388671875,27652.0
2022-10-19,2025.3637747703192,2029.69147514376,1982.0867710359107,2016.7083740234375,32285.0
2022-10-20,2042.674350671601,2042.674350671601,1973.43115234375,1973.43115234375,22214.0
2022-10-21,1999.397539813702,2012.3806407215832,1956.1205367874313,1969.1036376953125,9228.0
2022-10-24,1973.431370289029,2016.7083740234375,1973.431370289029,2016.7083740234375,11167.0
2022-10-25,2064.312888429303,2064.312888429303,1973.4311889387045,2021.035888671875,16286.0
2022-10-26,2021.0359113764189,2034.0190114495008,1977.7589111328125,1977.7589111328125,28870.0
2022-10-27,1999.3973388671875,1999.3973388671875,1964.7757399257644,1999.3973388671875,21631.0
2022-10-28,1999.39728381587,2021.035782558466,1977.758785073274,1986.4141845703125,31003.0
2022-10-31,2181.160893278302,2328.302699570886,2042.67448735587,2064.31298828125,1002742.0
2022-11-01,2064.3130080623664,2085.9515091950957,2008.0529051172707,2029.69140625,98851.0
2022-11-02,2029.6913964430826,2081.6237989107094,2012.3805956205404,2047.002197265625,38864.0
2022-11-03,1982.0865269848423,2029.6912252312031,1982.0865269848423,2025.363525390625,44094.0
2022-11-04,2012.3806053438166,2029.6914062499998,1990.7421042110873,2029.69140625,15781.0
2022-11-07,2034.0193323935232,2163.850353610131,2016.7085295646423,2146.53955078125,93611.0
2022-11-08,2094.606943766276,2094.606943766276,2068.6407419840493,2077.296142578125,70741.0
2022-11-09,2077.296069587629,2116.245370892397,2068.6406692976807,2098.9345703125,43351.0
2022-11-10,2077.296069587629,2124.9007711823456,2077.296069587629,2098.9345703125,29733.0
2022-11-11,2150.8673034545654,2168.1781067016846,2120.5733977721065,2159.522705078125,80986.0
2022-11-14,2159.522566328899,2194.144170598701,2155.1948657951734,2185.48876953125,40311.0
2022-11-15,2163.8501409948226,2198.4717432507396,2159.5224407128326,2194.14404296875,54686.0
2022-11-16,2233.0933890138617,2246.0764901127795,2185.4886849844966,2224.43798828125,94989.0
2022-11-17,2198.471733197774,2224.437934770976,2163.8501311001714,2211.454833984375,31877.0
2022-11-18,2228.765688647556,2237.421089380168,2176.833284251885,2224.43798828125,20233.0
2022-11-21,2194.144258560673,2194.144258560673,2146.53955078125,2146.53955078125,45483.0
2022-11-22,2168.177882549962,2168.177882549962,2120.573178541879,2124.90087890625,17814.0
2022-11-23,2124.9009952815986,2168.1780012954805,2124.9009952815986,2133.556396484375,36602.0
2022-11-24,2124.900984029175,2155.1948880784707,2124.900984029175,2150.8671875,30682.0
2022-11-25,2159.5225246689884,2159.5225246689884,2124.9009210670806,2155.19482421875,23896.0
2022-11-28,2150.8671988899277,2150.8671988899277,2059.985486260776,2133.556396484375,89289.0
2022-11-29,2137.883807146991,2137.883807146991,2081.623706958912,2103.26220703125,32326.0
2022-11-30,2085.9515230772927,2133.5562258861105,2085.9515230772927,2111.917724609375,21674.0
2022-12-01,2111.9178197163656,2163.8502251192267,2098.93471836565,2155.19482421875,47633.0
2022-12-02,2172.505636979694,2172.505636979694,2111.9178303706985,2137.884033203125,36082.0
2022-12-05,2137.884033203125,2155.1948350914095,2116.2455308427693,2137.884033203125,23034.0
2022-12-06,2137.8838338947103,2202.7993349239023,2120.5730336202596,2168.177734375,52335.0
2022-12-07,2146.539434147267,2185.488738395907,2137.884033203125,2137.884033203125,56145.0
2022-12-08,2155.1948880784707,2163.8502892354127,2111.9178822937624,2150.8671875,20262.0
2022-12-09,2150.86725148847,2155.194952195691,2107.5902444162675,2146.53955078125,24547.0
2022-12-12,2150.867016800051,2150.867016800051,2103.262314214939,2129.228515625,29795.0
2022-12-13,2129.228632258983,2142.2117336751962,2120.5732313148405,2137.884033203125,18849.0
2022-12-14,2124.9009317869118,2163.8502360355515,2120.5732313148405,2137.884033203125,27492.0
2022-12-15,2137.884033203125,2142.2117336751962,2120.5732313148405,2137.884033203125,11624.0
2022-12-16,2111.9177146849593,2133.5562158600105,2094.606913744919,2129.228515625,25905.0
2022-12-19,2133.556396484375,2150.8671988899277,2107.590192876046,2133.556396484375,25546.0
2022-12-20,2133.5562902054994,2137.883990591312,2107.590087890625,2107.590087890625,37779.0
2022-12-21,2111.917607060185,2142.2115071614585,2098.9345070167824,2103.26220703125,34402.0
2022-12-22,2111.9176612027095,2133.5561618297866,2098.9345608264634,2116.245361328125,27301.0
2022-12-23,2103.2622161485347,2111.9176162149897,2085.951416015625,2085.951416015625,47868.0
2022-12-26,2085.9514698775774,2103.262270457474,2085.9514698775774,2098.9345703125,21164.0
2022-12-27,2098.934676720023,2129.228579270621,2098.934676720023,2124.90087890625,23981.0
2022-12-28,2216.098261557335,2234.337753422004,2170.499531895661,2206.978515625,31164.0
2022-12-29,2206.9784738915596,2206.9784738915596,2106.6612705328525,2134.0205078125,23084.0
2023-01-02,2134.0205461090686,2184.179148688555,2079.3020705678105,2092.981689453125,23131.0
2023-01-03,2097.5415417994736,2138.580398052072,2033.7033209620981,2056.502685546875,40175.0
2023-01-04,2056.5026957417585,2111.221171016484,2029.1434581043957,2074.7421875,21721.0
2023-01-05,2065.6225676755676,2097.5416802003556,2065.6225676755676,2083.862060546875,32868.0
2023-01-06,2074.742236328125,2252.57728515625,2065.6224902343747,2165.939697265625,81121.0
2023-01-09,2179.6191841156374,2261.6968939777325,2179.6191841156374,2252.5771484375,95608.0
2023-01-10,2252.5773836096937,2261.697130102041,2202.4187779017857,2234.337890625,31099.0
2023-01-11,2248.017578125,2257.1373248922414,2225.2182112068963,2248.017578125,19773.0
2023-01-12,2252.5774515086205,2257.1373248922414,2220.658337823276,2248.017578125,20536.0
2023-01-13,2248.0173925384274,2257.137138552782,2211.5384084810084,2243.45751953125,32529.0
2023-01-16,2261.696973241018,2298.175956680389,2243.4574815213323,2284.496337890625,150733.0
2023-01-17,2407.6129488031916,2480.5709169487427,2334.6549806576404,2357.454345703125,438108.0
2023-01-18,2339.2149703238774,2434.972308290352,2307.295857668386,2348.334716796875,58033.0
2023-01-19,2348.3344535670653,2348.3344535670653,2193.2987809043852,2216.09814453125,149082.0
2023-01-20,2234.337753422004,2325.535212745351,2179.619277827996,2206.978515625,113297.0
2023-01-25,2206.9786331366704,2238.897745599391,2188.73914030083,2197.85888671875,75757.0
2023-01-26,2197.85880859375,2366.574111328125,2197.85880859375,2279.9365234375,128697.0
2023-01-27,2298.1760156249998,2316.4155078125,2270.81677734375,2279.9365234375,1511.0
2023-01-30,2289.0563695790815,2298.1761160714286,2211.5385243941328,2234.337890625,343.0
2023-01-31,2234.337831951693,2252.577324457421,2216.098339445965,2238.897705078125,45.0
2023-02-01,2243.457637117347,2307.2958625637752,2229.7780173788265,2234.337890625,1008.0
2023-02-02,2243.457344933712,2257.136962890625,2225.217854324495,2257.136962890625,106.0
2023-02-03,2284.496376595846,2284.496376595846,2243.45751953125,2243.45751953125,22244.0
2023-02-06,2252.577159222829,2289.056141558421,2225.2179224711344,2270.816650390625,61.0
2023-02-07,2270.8166716202445,2316.4153999660325,2270.8166716202445,2307.295654296875,78337.0
2023-02-08,2362.0140686637083,2425.8522867357,2298.175850591716,2311.85546875,214128.0
2023-02-09,2307.295654296875,2339.2147641389265,2279.936417289402,2307.295654296875,1011.0
2023-02-10,2307.2957906723022,2362.0142679214478,2270.8168058395386,2334.655029296875,79589.0
2023-02-13,2362.0141704457014,2416.7326454367217,2325.5351871183548,2380.253662109375,803.0
2023-02-14,2380.253720684381,2398.493212796905,2357.454355543726,2375.69384765625,52700.0
2023-02-15,2384.8135423488957,2384.8135423488957,2284.496337890625,2284.496337890625,367.0
2023-02-16,2289.056337754722,2320.97545003417,2284.4964645719433,2293.6162109375,226.0
2023-02-17,2293.6162109375,2307.295830485835,2279.936591389165,2293.6162109375,26176.0
2023-02-20,2298.1758871423194,2330.0949966859625,2266.256777598676,2270.816650390625,40045.0
2023-02-21,2275.3767182063866,2320.97545003417,2275.3767182063866,2293.6162109375,21475.0
2023-02-22,2289.0563166691704,2384.8136526254507,2275.3766972468447,2371.134033203125,36725.0
2023-02-23,2384.813465743166,2389.3733385266137,2330.094992341793,2366.573974609375,203.0
2023-02-24,2371.1340141296387,2371.1340141296387,2284.496425151825,2334.655029296875,4469.0
2023-02-27,2302.7359080877827,2352.894512026329,2279.936542661171,2316.41552734375,58525.0
2023-02-28,2293.6161523243736,2320.975390721881,2284.4964061918713,2298.176025390625,25417.0
2023-03-02,2298.176143083914,2307.2958896834534,2275.3767765850657,2289.056396484375,47424.0
2023-03-03,2289.05626953125,2298.1760156249998,2275.376650390625,2279.9365234375,28231.0
2023-03-06,2275.3765444548235,2320.9752728006115,2275.3765444548235,2307.295654296875,40002.0
2023-03-07,2307.2957715231273,2307.2957715231273,2270.8167869931176,2298.176025390625,32733.0
2023-03-08,2279.9365234375,2293.6161425781247,2275.376650390625,2279.9365234375,21840.0
2023-03-09,2284.496257828315,2284.496257828315,2225.2179118168015,2252.5771484375,65770.0
2023-03-10,2225.2179486146906,2252.5771856878223,2202.4185843870814,2211.538330078125,23446.0
2023-03-13,2188.7388746044303,2216.0981105369856,2147.700020705597,2161.379638671875,36615.0
2023-03-14,2161.379975161345,2161.379975161345,2074.7423812202787,2097.541748046875,70543.0
2023-03-15,2097.541514429553,2143.1402430041085,2097.541514429553,2115.781005859375,21637.0
2023-03-16,2115.781113537118,2115.781113537118,2070.1823826419213,2088.421875,11642.0
2023-03-17,2088.4217002355613,2115.7809364831887,2088.4217002355613,2102.101318359375,11837.0
2023-03-20,2106.661260144464,2129.4606244317415,2097.541514429553,2115.781005859375,11378.0
2023-03-21,2115.781241508152,2120.3411148734717,2088.422001316236,2097.541748046875,19565.0
2023-03-22,2097.5415521978025,2106.6612980769232,2047.3829498626376,2074.7421875,29191.0
2023-03-23,2065.6223727876104,2083.861863938053,2010.903899336283,2061.0625,45817.0
2023-03-24,2033.7032738401178,2097.5414931983278,2033.7032738401178,2079.302001953125,18895.0
2023-03-27,2079.302104404994,2088.421850476946,2033.7033740452357,2042.8231201171875,21084.0
2023-03-28,2047.3830473139044,2070.1824130969103,1997.224442591292,2029.1435546875,36081.0
2023-03-29,2033.7032632743362,2083.861863938053,2033.7032632743362,2061.0625,29714.0
2023-03-30,2042.8230194627192,2083.8618747644255,2033.7032738401178,2079.302001953125,21281.0
2023-03-31,2124.900988238791,2129.46086160411,2056.502887759001,2097.541748046875,79213.0
2023-04-03,2083.861963308853,2138.5804393694793,2083.861963308853,2129.460693359375,26749.0
2023-04-04,2138.5803910594877,2152.260009765625,2129.460645255396,2152.260009765625,17974.0
2023-04-05,2129.460645255396,2156.8198826676708,2111.2211536472128,2152.260009765625,23261.0
2023-04-06,2152.2599993322647,2152.2599993322647,2115.781016292735,2134.0205078125,24025.0
2023-04-07,2143.1404396821695,2161.379932785848,2120.341073302572,2138.58056640625,53988.0
2023-04-10,2120.3409373734476,2134.020556324244,2088.421826488256,2111.22119140625,31311.0
2023-04-11,2111.221181300211,2111.221181300211,2061.062578720724,2092.981689453125,33676.0
2023-04-12,2092.981583921371,2120.3408203125,2065.6223475302418,2120.3408203125,27597.0
2023-04-13,2152.260197491285,2526.1698080723977,2079.30222469497,2289.056396484375,3308682.0
2023-04-14,2279.9365035886685,2307.2957416317327,2211.5384084810084,2243.45751953125,268043.0
2023-04-17,2298.176005701865,2352.8944820281,2248.017402402816,2261.697021484375,309550.0
2023-04-18,2261.6970115599593,2279.9365035886685,2225.2180275025407,2243.45751953125,110157.0
2023-04-19,2243.457471390845,2275.376581756162,2202.418615206866,2266.2568359375,109355.0
2023-04-20,2234.3378118079477,2594.5677855484128,2225.218065637303,2316.41552734375,1062629.0
2023-04-21,2416.7326181001754,2694.8848628249125,2339.2147794063962,2439.531982421875,1994642.0
2023-04-24,2476.01099334366,2526.1695954187617,2352.894424613865,2380.253662109375,262104.0
2023-04-25,2425.852347995924,2494.250440514606,2307.295654296875,2307.295654296875,242099.0
2023-04-26,2366.574157826835,2580.888195240826,2284.496441370413,2485.130859375,889721.0
2023-04-27,2412.172668577416,2489.6905048076924,2302.7357233111443,2311.85546875,370311.0
2023-04-28,2389.373370556733,2690.3249782986113,2320.975277888124,2421.29248046875,1607470.0
2023-05-02,2384.81342939897,2434.9720292524858,2352.8943204012785,2407.61279296875,176184.0
2023-05-03,2384.8136526254507,2434.972257173978,2352.894540640024,2371.134033203125,91644.0
2023-05-04,2380.2535230059957,2416.7325042014895,2339.2146691610646,2352.894287109375,60795.0
2023-05-08,2662.9659019356345,3055.114990234375,2553.528947061567,3055.114990234375,4247417.0
2023-05-09,3802.934111742968,3971.6494140625,3565.8207138884904,3971.6494140625,19320440.0
2023-05-10,4213.322683976523,4486.915066052921,3406.22515685115,3629.658935546875,12152033.0
2023-05-11,3647.898478296345,3702.61695547079,3201.0309147050425,3492.86279296875,4304552.0
2023-05-12,3342.386974617904,3492.8627865720523,3032.3156045305677,3132.6328125,3623867.0
2023-05-15,3287.6682296909316,3342.3867023071466,3087.0338300981425,3114.39306640625,2460613.0
2023-05-16,3109.833358854937,3283.1085313424555,2945.677932287814,3082.47412109375,4329846.0
2023-05-17,3023.195617961437,3036.8752361422585,2872.7198179724064,2922.87841796875,1152009.0
2023-05-18,2795.2020061517214,2863.60009765625,2726.8039146471933,2863.60009765625,885806.0
2023-05-19,2795.2021583297455,2877.279872603702,2790.642285314526,2813.441650390625,656248.0
2023-05-22,2804.321819130101,3041.435208715085,2790.642200500198,2877.27978515625,2061098.0
2023-05-23,2868.159981256799,2950.2376913722555,2836.2408717674543,2881.839599609375,519162.0
2023-05-24,2922.8784429097345,3739.0956679968526,2849.9204786561377,3169.111572265625,15381600.0
2023-05-25,3087.0338927022267,3237.509695448421,3004.9561821133934,3014.075927734375,2863678.0
2023-05-26,3041.4353117766204,3055.1149308700683,2818.0015332503017,2831.68115234375,1212791.0
2023-05-30,2808.881591796875,2977.596882213246,2781.5223555131392,2808.881591796875,585735.0
2023-05-31,2818.001628371904,3027.7557948850235,2808.8818820017686,2900.079345703125,1196170.0
2023-06-01,2868.1599704232185,2890.959334258061,2827.1211155205015,2863.60009765625,252037.0
2023-06-02,2895.519173362038,2922.878409645774,2790.642100941051,2808.881591796875,305329.0
2023-06-05,2822.5613971840926,3096.1537781712423,2818.00152416764,2927.4384765625,2459534.0
2023-06-07,2927.4385848135316,2968.477443479142,2859.0404870375146,2900.079345703125,384006.0
2023-06-08,2982.1568393860352,3027.7555678170147,2836.2409084069022,2840.80078125,687601.0
2023-06-09,2904.639063556559,3055.114870616789,2886.399571791683,2950.23779296875,887402.0
2023-06-12,2968.4773834563875,2977.597129642121,2890.959540877649,2904.63916015625,284389.0
2023-06-13,2922.878507836465,3004.956219444977,2872.7199062979294,2973.037109375,736969.0
2023-06-14,2941.1180265184857,3009.5161201584506,2881.839678697183,2913.7587890625,657617.0
2023-06-15,2931.998311266921,3050.5550081455212,2904.639073525706,2968.477294921875,891295.0
2023-06-16,2968.477333710572,3000.3964448257398,2913.758857513142,2927.4384765625,288814.0
2023-06-19,2950.2377132415772,3009.5160598754883,2918.318603515625,2918.318603515625,350206.0
2023-06-20,2918.3186086429723,2927.4383542949818,2799.761915166852,2822.561279296875,255577.0
2023-06-21,2822.561310636638,2881.839658032884,2790.642200500198,2877.27978515625,204024.0
2023-06-22,2827.1212106846683,2909.198923252933,2813.441591923291,2818.00146484375,210725.0
2023-06-23,2808.8818988347457,2808.8818988347457,2658.4060828257416,2690.3251953125,239070.0
2023-06-26,2649.286220220872,2672.0855852830136,2544.40914093502,2585.447998046875,235427.0
2023-06-27,2576.328114120293,2590.0077324253566,2485.130658753203,2558.088623046875,180075.0
2023-06-28,2526.169598734575,2571.7683279536104,2494.25048828125,2494.25048828125,89244.0
2023-06-29,2517.0498918157527,2526.1696378005927,2439.5320509446155,2453.211669921875,108258.0
2023-06-30,2580.888024371603,3187.351111370584,2480.5708220108695,2726.803955078125,10687816.0
2023-07-03,2831.6809228599377,2849.9204135063787,2658.40576171875,2658.40576171875,1309867.0
2023-07-04,2672.0856747742755,2713.12453326057,2590.007957801687,2635.606689453125,562918.0
2023-07-05,2631.046718021481,2672.085574975022,2548.969004114398,2567.20849609375,306456.0
2023-07-06,2562.6484958152296,2590.0077324253566,2507.9300225949755,2558.088623046875,185559.0
2023-07-07,2517.0498152259443,2590.007780884667,2512.489942372274,2535.289306640625,108251.0
2023-07-10,2535.289394910163,2603.6874900965886,2535.289394910163,2585.447998046875,144644.0
2023-07-11,2585.447998046875,2608.2473631090165,2535.289394910163,2585.447998046875,166691.0
2023-07-12,2603.6875586794135,2608.2474318119516,2558.0888273540295,2599.127685546875,107095.0
2023-07-13,2580.888076888931,2649.2861707994152,2580.888076888931,2608.247314453125,206188.0
2023-07-14,2608.247321985594,2617.3670678666626,2476.011006710101,2512.489990234375,347412.0
2023-07-17,2539.849196283627,2539.849196283627,2444.091865723562,2457.771484375,149296.0
2023-07-18,2503.3701314137393,2590.0077133752347,2403.052931247797,2425.852294921875,326333.0
2023-07-19,2425.8522252333414,2530.729295121249,2343.774518364544,2412.172607421875,147416.0
2023-07-20,2444.0917746803975,2444.0917746803975,2384.81342939897,2407.61279296875,67588.0
2023-07-21,2434.9720882871798,2434.9720882871798,2389.3733600421015,2403.052978515625,54599.0
2023-07-24,2398.4932720477764,2403.0531451885518,2343.7747943584736,2371.134033203125,99571.0
2023-07-25,2389.3733049802763,2389.3733049802763,2311.85546875,2311.85546875,86401.0
2023-07-26,2307.2957313412526,2307.2957313412526,2161.379795762359,2225.218017578125,199116.0
2023-07-27,2225.2181702875996,2307.2958896834534,2225.2181702875996,2289.056396484375,75849.0
2023-07-28,2289.056355873899,2352.8945809381116,2252.5773701229205,2330.09521484375,65571.0
2023-07-31,2325.5353416248777,2362.0143273758563,2307.2958487493884,2330.09521484375,36046.0
2023-08-01,2357.454385111651,2357.454385111651,2307.2957811731053,2316.41552734375,50185.0
2023-08-02,2320.975310849472,2339.2148024867956,2266.2568359375,2266.2568359375,72222.0
2023-08-03,2248.017402402816,2279.93651359312,2216.0982912125123,2261.697021484375,71751.0
2023-08-04,2238.8976848932703,2320.975400429072,2238.8976848932703,2316.41552734375,32085.0
2023-08-07,2320.975214188856,2343.7745777859964,2279.936359714004,2311.85546875,119539.0
2023-08-08,2526.1696892685777,2580.888166292446,2307.2957811731053,2316.41552734375,912023.0
2023-08-09,2293.6162290927714,2348.3347077192393,2243.4576236851763,2330.09521484375,83668.0
2023-08-10,2316.4153414694283,2371.1338141025644,2289.0561051528603,2311.85546875,78362.0
2023-08-11,2307.2957426030584,2371.1339647304158,2307.2957426030584,2357.454345703125,55220.0
2023-08-14,2325.535086908284,2371.1338141025644,2307.295596030572,2311.85546875,55222.0
2023-08-16,2302.735819212148,2307.295692121479,2252.577217209507,2266.2568359375,60292.0
2023-08-17,2261.6970115599593,2261.6970115599593,2197.8587894594766,2243.45751953125,44671.0
2023-08-18,2229.7780173788265,2261.697130102041,2161.3799186862243,2234.337890625,55217.0
2023-08-21,2234.337773516895,2275.3766305814916,2234.337773516895,2243.45751953125,19334.0
2023-08-22,2252.577343162888,2352.89455277743,2206.978611519915,2275.376708984375,93151.0
2023-08-23,2270.816708846831,2298.175946302817,2248.017344300176,2266.2568359375,34885.0
2023-08-24,2389.3734466374267,2530.729509320175,2302.735859831871,2339.21484375,442236.0
2023-08-25,2348.334638012283,2544.4091806036,2348.334638012283,2430.412353515625,589484.0
2023-08-28,2485.1306039524607,2530.7293306304873,2393.933150596407,2466.89111328125,191771.0
2023-08-29,2526.1695882611075,2526.1695882611075,2462.3313676191297,2476.010986328125,74482.0
2023-08-30,2476.0109437077504,2489.690562181274,2380.253614393086,2403.052978515625,80429.0
2023-08-31,2407.61279296875,2462.3312655362215,2403.052920254794,2407.61279296875,35611.0
2023-09-01,2416.732774108421,2444.0920130605914,2362.014296204079,2389.37353515625,36526.0
2023-09-04,2425.852283824574,2462.3312655362215,2393.933174826882,2407.61279296875,47802.0
2023-09-05,2421.292587890625,2462.3314453125,2371.1339843749997,2393.933349609375,32840.0
2023-09-06,2393.933448724462,2626.4869837434094,2393.933448724462,2594.56787109375,483574.0
2023-09-07,2548.968931166034,2553.528804030374,2407.6128723714955,2439.531982421875,191243.0
2023-09-08,2507.930156835593,2621.9269821463017,2462.3314267113096,2585.447998046875,270382.0
2023-09-11,2585.447897206182,2585.447897206182,2371.133873980978,2517.0498046875,281412.0
2023-09-12,2562.6484393051064,2562.6484393051064,2448.6516226100393,2466.89111328125,81568.0
2023-09-13,2494.2504042899122,3032.315390955743,2494.2504042899122,2558.088623046875,6231347.0
2023-09-14,2548.969081088953,2612.80730494449,2498.8104766310307,2599.127685546875,399559.0
2023-09-15,2667.525855789945,2781.52268723396,2608.2475034390573,2745.043701171875,963322.0
2023-09-18,2690.324961858165,2749.603308475379,2612.807123974116,2708.564453125,186915.0
2023-09-19,2722.244140625,2845.360709798995,2617.3670631804857,2722.244140625,282664.0
2023-09-20,2781.5224746919016,2804.321839238556,2558.088702134683,2590.0078125,342071.0
2023-09-21,2517.049676846591,2553.5286576704543,2462.331205610795,2507.929931640625,97285.0
2023-09-22,2498.8103814752253,2708.5645375844597,2448.651778927365,2530.7294921875,177642.0
2023-09-25,2466.8912537047913,2667.5256625088778,2466.8912537047913,2608.247314453125,285820.0
2023-09-26,2567.208545096886,2576.328291260641,2485.130829623096,2544.4091796875,111105.0
2023-09-27,2471.4511134251266,2507.9300966491137,2453.211621813133,2476.010986328125,98316.0
2023-10-04,2425.8523807010133,2425.8523807010133,2357.4542872601955,2362.01416015625,96878.0
2023-10-05,2371.133905948359,2412.17276201285,2339.2147956759773,2362.01416015625,51440.0
2023-10-06,2357.454450009474,2466.891407069875,2357.454450009474,2444.092041015625,58548.0
2023-10-10,2544.4090523479654,2580.888035177327,2462.331340981902,2535.289306640625,210313.0
2023-10-11,2498.810255495592,2530.729364598638,2439.531910018507,2521.609619140625,80783.0
2023-10-12,2489.690567680027,2539.849168860394,2485.1306948454485,2517.0498046875,76714.0
2023-10-13,2498.810344290226,2631.046658130402,2498.810344290226,2571.768310546875,279270.0
2023-10-16,2571.768477544322,2672.0856876612993,2526.169745672969,2539.849365234375,346113.0
2023-10-17,2539.8493255507396,2580.88818359375,2507.93021373951,2580.88818359375,51781.0
2023-10-18,2603.687469864574,2631.0467077265484,2535.289375209638,2548.968994140625,128397.0
2023-10-19,2535.289263237847,2585.4478637695315,2462.331298828125,2462.331298828125,78314.0
2023-10-20,2425.8524016753804,2457.7715122237405,2389.37341819154,2398.4931640625,53963.0
2023-10-23,2380.2537794846753,2416.7327646108774,2334.655048076923,2371.134033203125,59157.0
2023-10-24,2393.933378251571,2448.65185546875,2362.01426654155,2448.65185546875,26030.0
2023-10-25,2448.6517386073747,2498.8103403293135,2430.412247072124,2457.771484375,47267.0
2023-10-26,2439.531999389177,2439.531999389177,2352.8944143641406,2362.01416015625,51728.0
2023-10-27,2362.014218712222,2389.373456766804,2352.894472694028,2357.454345703125,31914.0
2023-10-30,2357.454450009474,2448.651914226475,2357.454450009474,2444.092041015625,26172.0
2023-10-31,2439.5319611116875,2444.0918339361956,2384.813487217594,2403.052978515625,23981.0
2023-11-01,2412.1727930608786,2439.532030789357,2407.612920106132,2416.732666015625,11713.0
2023-11-02,2434.9721779521956,2457.771542914295,2425.852431967356,2453.211669921875,16536.0
2023-11-03,2439.531934950087,2471.45104437934,2439.531934950087,2462.331298828125,30180.0
2023-11-06,2466.891208914489,2476.010954603637,2398.4931162458806,2421.29248046875,115616.0
2023-11-07,2425.8524016753804,2448.6517663527807,2380.25367232058,2398.4931640625,36138.0
2023-11-08,2412.172960328782,2421.292706870668,2352.8946078065246,2384.813720703125,51708.0
2023-11-09,2384.8135246365227,2384.8135246365227,2362.01416015625,2362.01416015625,29765.0
2023-11-10,2380.2535929597184,2403.052956876957,2366.573974609375,2366.573974609375,51854.0
2023-11-13,2366.573974609375,2389.3733385266137,2339.2147379086887,2366.573974609375,39800.0
2023-11-14,2371.134033203125,2393.933398907001,2362.0142869215742,2371.134033203125,16182.0
2023-11-15,2375.693741568578,2403.052978515625,2362.0141230950544,2403.052978515625,31620.0
2023-11-16,2398.4931640625,2403.05303699798,2380.25367232058,2398.4931640625,18328.0
2023-11-17,2403.05303699798,2403.05303699798,2375.6937993850997,2398.4931640625,22980.0
2023-11-20,2375.6939156801645,2398.4932814736403,2352.8945498866888,2389.37353515625,43443.0
2023-11-21,2389.3732444027646,2412.172607421875,2371.133753987476,2412.172607421875,29647.0
2023-11-22,2407.6128619350284,2421.29248046875,2398.4931162458806,2421.29248046875,17623.0
2023-11-23,2421.2925389703714,2471.4511414725825,2393.933301241893,2416.732666015625,63095.0
2023-11-24,2407.6128039826126,2448.6516585959525,2403.052931247797,2425.852294921875,20138.0
2023-11-27,2434.9722945939247,2471.4512802807253,2425.852548172225,2444.092041015625,77585.0
2023-11-28,2425.8524899615923,2462.3314747730446,2425.8524899615923,2448.65185546875,50366.0
2023-11-29,2448.6516912123734,2480.57080078125,2430.4122000301586,2480.57080078125,60692.0
2023-11-30,2480.5709470893503,2544.409169992385,2466.891327895843,2526.169677734375,124126.0
2023-12-01,2521.6097386678057,2644.7263081868487,2507.9301198323565,2626.48681640625,264953.0
2023-12-04,2790.6421690935867,2790.6421690935867,2594.567637604985,2612.80712890625,427898.0
2023-12-05,2562.648672015009,2644.7263874887994,2444.091971886201,2544.4091796875,136201.0
2023-12-06,2535.289357503255,2662.9657999674478,2498.810373942057,2626.48681640625,150035.0
2023-12-07,2626.48672369462,3164.5517122292817,2576.3281230685075,2881.839599609375,2713628.0
2023-12-08,2804.321825371414,3032.3154697105533,2713.124367635758,2781.5224609375,870713.0
2023-12-11,2776.9626255492394,3615.979248046875,2735.923769014029,3615.979248046875,5163609.0
2023-12-12,3374.306146162975,4546.193550979035,3173.6717266613928,3242.06982421875,11438469.0
2023-12-13,3242.069817775156,3520.222080622251,3055.1150181566168,3109.83349609375,4198397.0
2023-12-14,3128.0729203997034,3169.111777955968,2849.9206636294675,2982.156982421875,1387318.0
2023-12-15,3000.3963418622907,3077.914180481833,2799.761936023475,2859.040283203125,991393.0
2023-12-18,3068.7945503730894,3073.3544234048472,2836.2410257534348,2945.677978515625,1240646.0
2023-12-19,2909.198766177713,2954.79749292031,2863.6000394351154,2868.159912109375,506126.0
2023-12-20,2881.8397366036443,2968.4773236217916,2859.040371598868,2909.198974609375,356961.0
2023-12-21,2890.9595420687806,2945.678019205729,2781.5225877948833,2790.642333984375,531932.0
2023-12-22,2790.642392721972,2813.441758675583,2740.483787624028,2786.08251953125,247155.0
2023-12-26,2790.642362154447,2849.920712984525,2740.4837576059194,2845.36083984375,212693.0
2023-12-27,2864.3299849606046,2888.041325895709,2750.515548472104,2783.71142578125,380265.0
2023-12-28,2797.938085615733,2921.237052100494,2755.2576741402386,2878.556640625,270099.0
2024-01-02,2845.360851753049,2978.144358168191,2769.4845623729675,2916.494873046875,149630.0
2024-01-03,2935.4640184573555,2935.4640184573555,2816.907313350031,2854.845458984375,159228.0
2024-01-04,2821.649501920735,2873.81445069574,2793.195893498005,2859.587646484375,151380.0
2024-01-05,2883.298991687192,2963.917549020551,2835.876310902863,2888.041259765625,199153.0
2024-01-08,2859.587646484375,2897.5257910480154,2826.39176999119,2859.587646484375,155637.0
2024-01-09,2878.556725994434,2921.2371387357025,2850.1031175002554,2902.26806640625,108556.0
2024-01-10,2902.2680566406248,2930.7216650390624,2826.391767578125,2845.36083984375,128292.0
2024-01-11,2859.5877251473808,2873.814529750104,2831.1341159419344,2840.61865234375,61840.0
2024-01-12,2845.3609225757887,2911.7526774358907,2821.649581554324,2854.845458984375,153868.0
2024-01-15,2892.7834444501646,2916.4947841587723,2873.814372683278,2878.556640625,39550.0
2024-01-16,2864.3299933482886,2897.525870754643,2821.649579540119,2840.61865234375,150274.0
2024-01-17,2873.8145318015468,2873.8145318015468,2797.9382405328593,2854.845458984375,291652.0
2024-01-18,2935.464012107399,2944.948548495468,2812.1650390625,2812.1650390625,335301.0
2024-01-19,2812.165043138303,2859.5877251473808,2802.6805067364876,2840.61865234375,103604.0
2024-01-22,2826.3918477410266,2873.814529750104,2764.7423611292256,2840.61865234375,214342.0
2024-01-23,2816.90714325776,2840.6184828474716,2769.4844640783363,2807.422607421875,82277.0
2024-01-24,2812.165032791765,2816.9073009752246,2764.742350957165,2769.484619140625,61329.0
2024-01-25,2774.2267112932354,2774.2267112932354,2684.1236215247372,2707.8349609375,120358.0
2024-01-26,2707.8350414610745,2726.8041135553726,2660.412361225329,2703.0927734375,45036.0
2024-01-29,2703.092696027058,2731.5463033536585,2679.381356588224,2722.061767578125,35918.0
2024-01-30,2703.0927759939464,2736.288652190363,2693.608239937827,2717.319580078125,28314.0
2024-01-31,2717.319493683291,2717.319493683291,2669.896814910459,2693.608154296875,45455.0
2024-02-01,2674.6391703287763,2741.0309227837456,2674.6391703287763,2731.54638671875,88243.0
2024-02-02,2736.288741856405,2783.711423691005,2731.5464736729455,2769.484619140625,37067.0
2024-02-05,2769.4845385950857,2793.195878822783,2750.5154664129273,2774.226806640625,47315.0
2024-02-06,2774.226887324085,2774.226887324085,2731.5464736729455,2769.484619140625,17469.0
2024-02-07,2755.257810388057,2764.7423467405115,2731.5464695069204,2741.031005859375,31120.0
2024-02-08,2741.0309227837456,2750.515458848741,2707.8350465562607,2731.54638671875,38202.0
2024-02-13,2741.0308479845626,2774.2267233061752,2731.546312178388,2764.7421875,52894.0
2024-02-14,2764.742198988971,2831.133949908088,2750.5153952205883,2821.6494140625,183366.0
2024-02-15,2826.3917601919416,2835.8762962999685,2788.453615759835,2802.680419921875,49465.0
2024-02-16,2821.6494140625,2826.3916819852943,2802.6803423713236,2821.6494140625,35803.0
2024-02-19,2816.907229016175,2831.134033203125,2797.9381567669075,2831.134033203125,26153.0
2024-02-20,2831.133949908088,2831.133949908088,2793.1958065257354,2821.6494140625,46669.0
2024-02-21,2821.6494921379285,2826.3917601919416,2793.1958838138485,2802.680419921875,32909.0
2024-02-22,2788.453538602941,2821.6494140625,2778.969002757353,2821.6494140625,77351.0
2024-02-23,2850.1031846147766,2859.5877210028457,2797.938234480396,2812.1650390625,81728.0
2024-02-26,2802.680417430644,2816.9072215800384,2764.7422730322596,2788.45361328125,48718.0
2024-02-27,2774.2268787730823,2778.9691469419254,2707.835124409282,2712.577392578125,52296.0
2024-02-28,2712.5773120500653,2741.0309202184226,2703.0927759939464,2717.319580078125,43217.0
2024-02-29,2731.5464652534965,2741.0310015911823,2698.350588071596,2712.577392578125,44795.0
2024-03-04,2693.60814821508,2741.0308268808385,2560.824647950956,2665.154541015625,58522.0
2024-03-05,2669.8968088822007,2679.381344615352,2646.1854695493216,2665.154541015625,29057.0
2024-03-06,2650.927897862026,2674.639238630022,2650.927897862026,2655.670166015625,18296.0
2024-03-07,2655.6700802364862,2655.6700802364862,2631.958740234375,2631.958740234375,35404.0
2024-03-08,2631.9588208801047,2646.1856253172946,2617.732016442915,2627.216552734375,17223.0
2024-03-11,2655.6701745520104,2717.3196607469677,2646.1856382143246,2712.577392578125,35429.0
2024-03-12,2703.0926870160397,2731.5462942477875,2674.6390797842923,2679.38134765625,41038.0
2024-03-13,2660.4124341692245,2688.8660430908203,2655.670166015625,2655.670166015625,45003.0
2024-03-14,2655.6700082964603,2693.608151272124,2650.927740424502,2679.38134765625,22830.0
2024-03-15,2679.3813506650254,2703.0926900514414,2665.1545470331757,2693.608154296875,22235.0
2024-03-18,2693.6083199027535,2712.577392578125,2688.866051733911,2712.577392578125,22637.0
2024-03-19,2712.577219681383,2745.7730947474142,2665.154541015625,2665.154541015625,53683.0
2024-03-20,2669.89697265625,2684.1237771286633,2655.6701681838367,2669.89697265625,12665.0
2024-03-21,2674.639242974271,2693.6083156194786,2660.4124384903653,2684.123779296875,14659.0
2024-03-22,2688.8659615746155,2698.350497594279,2646.1855494861297,2660.412353515625,45977.0
2024-03-25,2665.1547066516673,2703.0928519420827,2650.9279021677617,2684.123779296875,34803.0
2024-03-26,2688.865886419592,2707.8349579287246,2665.1545470331757,2693.608154296875,35080.0
2024-03-27,2674.6391627397484,2698.350502834959,2674.6391627397484,2688.865966796875,22195.0
2024-03-28,2693.608239937827,2731.5463841623036,2684.123703881708,2717.319580078125,45016.0
2024-03-29,2717.3194875479594,2717.3194875479594,2665.154541015625,2665.154541015625,51610.0
2024-04-01,2660.4122791558925,2693.608154296875,2660.4122791558925,2693.608154296875,19443.0
2024-04-02,2698.350422174158,2717.319493683291,2674.639082787742,2693.608154296875,40228.0
2024-04-03,2693.608234815917,2693.608234815917,2660.412358682622,2688.865966796875,28138.0
2024-04-04,2693.6083156194786,2717.3196564259883,2679.381511135573,2684.123779296875,20614.0
2024-04-05,2665.154544040376,2688.865883400166,2655.6700082964603,2679.38134765625,20308.0
2024-04-08,2684.123609402952,2688.8658772640874,2646.185466513864,2650.927734375,38832.0
2024-04-09,2650.9277374158974,2679.381344615352,2646.1854695493216,2665.154541015625,21301.0
2024-04-11,2641.443361554827,2669.896970476423,2636.701093401228,2655.670166015625,20614.0
2024-04-12,2650.9278148801523,2665.1546188956095,2612.9896708389338,2646.185546875,46938.0
2024-04-15,2612.989585393592,2674.63906744462,2503.917424841772,2622.47412109375,69717.0
2024-04-16,2636.700924643987,2641.4431924940664,2598.7627818433543,2622.47412109375,28198.0
2024-04-17,2627.2165505189428,2641.4433549441355,2608.247477952019,2612.98974609375,27611.0
2024-04-18,2594.0206757142655,2631.9588208801047,2594.0206757142655,2627.216552734375,18049.0
2024-04-19,2636.701089025835,2641.443357171565,2617.732016442915,2627.216552734375,26602.0
2024-04-22,2612.989673417307,2674.6391575451203,2612.989673417307,2660.412353515625,32615.0
2024-04-23,2660.4123561128654,2821.6494686045544,2636.7010160405584,2674.63916015625,341748.0
2024-04-24,2679.381433319627,2717.3195775082236,2679.381433319627,2703.0927734375,28837.0
2024-04-25,2712.577322048611,2802.680414913862,2703.092785957532,2774.226806640625,126741.0
2024-04-26,2760.0000827737053,2783.711423691005,2731.5464736729455,2769.484619140625,36614.0
2024-04-29,2750.515383790738,2769.4844554030874,2731.546312178388,2764.7421875,20009.0
2024-04-30,2769.484461216044,2807.4226045203736,2769.484461216044,2793.19580078125,42274.0
2024-05-02,2769.4844583244453,2802.680333681074,2769.4844583244453,2778.968994140625,46228.0
2024-05-03,2769.4844554030874,2797.938062821612,2750.515383790738,2764.7421875,39571.0
2024-05-07,2755.257734458467,2793.195878822783,2750.5154664129273,2774.226806640625,32993.0
2024-05-08,2788.4536107772437,2793.195878822783,2769.4845385950857,2774.226806640625,46427.0
2024-05-09,2778.9689912092626,2783.71125911235,2755.257651693825,2764.7421875,22590.0
2024-05-10,2783.71125911235,2793.195794918525,2759.9999195969126,2764.7421875,49933.0
2024-05-13,2760.0,2774.226804123711,2726.8041237113403,2760.0,27998.0
2024-05-14,2760.0000025040063,2774.226806640625,2750.5154664129273,2774.226806640625,47460.0
2024-05-16,2774.2268852194493,2778.9691533993114,2726.804203420826,2755.2578125,146697.0
2024-05-17,2755.257651693825,2788.4535270154374,2703.092704759863,2764.7421875,114355.0
2024-05-20,2783.711421579174,2783.711421579174,2731.546471600688,2755.2578125,29858.0
2024-05-21,2759.9999974700454,2764.7422655069354,2736.2886572855946,2745.773193359375,17072.0
2024-05-22,2741.0309227837456,2755.2577268812393,2726.8041186862524,2731.54638671875,37311.0
2024-05-23,2722.0619289158108,2726.8041970846534,2698.350588071596,2712.577392578125,34649.0
2024-05-24,2712.5772288200524,2726.80403246771,2674.639085759632,2707.8349609375,15492.0
2024-05-27,2731.5463841623036,2741.0309202184226,2707.8350440220056,2717.319580078125,38592.0
2024-05-28,2717.3194996903585,2731.5463033536585,2712.5772318025915,2722.061767578125,33404.0
2024-05-29,2741.031010039865,2826.3918373421448,2717.3196691225653,2769.484619140625,182159.0
2024-05-30,2788.4535210409445,2788.4535210409445,2736.28857421875,2736.28857421875,35701.0
2024-05-31,2736.2887376831477,2764.7423467405115,2726.804201330693,2741.031005859375,31063.0
2024-06-03,2741.0309227837456,2750.515458848741,2717.319582621257,2731.54638671875,26771.0
2024-06-04,2731.5462973151407,2741.030833069707,2693.608154296875,2693.608154296875,37901.0
2024-06-05,2703.0928541025924,2712.5773904327766,2674.6392451120387,2698.3505859375,27021.0
2024-06-07,2707.8349579287246,2722.0617615605743,2674.639082787742,2693.608154296875,25318.0
2024-06-10,2679.3814552089875,2840.6185693277585,2665.1546510220373,2831.134033203125,392309.0
2024-06-11,2826.391845703125,2935.4640142453595,2816.907309308148,2826.391845703125,405972.0
2024-06-12,2840.61865234375,2902.268138955551,2812.165043138303,2840.61865234375,175896.0
2024-06-13,2835.876220703125,2911.75250754468,2831.1339527755276,2835.876220703125,115730.0
2024-06-14,2835.8763901559932,2944.9485590081467,2826.391853734067,2883.299072265625,596813.0
2024-06-17,2949.6907398230205,2963.9175440343856,2859.587646484375,2859.587646484375,181404.0
2024-06-18,2883.2989085667214,2925.9793200422155,2831.133961207784,2878.556640625,135741.0
2024-06-19,2850.103182517876,2864.329987089513,2764.7423550880562,2797.938232421875,126803.0
2024-06-20,2774.226889407208,2802.6804985293334,2769.4846212201874,2783.71142578125,29814.0
2024-06-21,2788.4536939682707,2816.907303090396,2778.9691575942293,2783.71142578125,28342.0
2024-06-24,2783.711250119093,2793.1957858946266,2722.061767578125,2722.061767578125,66860.0
2024-06-25,2707.8349639148246,2741.0308391291924,2693.6081602515246,2722.061767578125,50144.0
2024-06-26,2703.0926900514414,2722.0617615605743,2679.3813506650254,2693.608154296875,38477.0
2024-06-27,2698.350416081656,2712.577219681383,2655.670005282473,2665.154541015625,52338.0
2024-06-28,2674.6390767487765,2674.6390767487765,2636.7009338161697,2665.154541015625,63954.0
2024-07-01,2665.1547023228236,2669.896970476423,2641.443361554827,2655.670166015625,32325.0
2024-07-02,2655.6700855057934,2712.5773016237745,2631.9587454566345,2660.412353515625,56389.0
2024-07-03,2660.4123482369087,2665.154616237331,2631.958740234375,2631.958740234375,31583.0
2024-07-04,2641.443357171565,2660.4124297544845,2617.732016442915,2627.216552734375,19840.0
2024-07-05,2636.7009215198864,2665.1545285866478,2608.247314453125,2608.247314453125,42996.0
2024-07-08,2608.247394943932,2646.1855388703893,2594.0205909715105,2603.505126953125,26028.0
2024-07-09,2608.2474002322633,2650.9278122360643,2598.762864231419,2631.958740234375,27388.0
2024-07-10,2612.989591485912,2655.670002236136,2603.5050557636405,2650.927734375,36453.0
2024-07-11,2669.8968869007617,2674.639154905914,2622.4742068492383,2646.185546875,17446.0
2024-07-12,2622.4742823772117,2650.9278912275977,2608.247477952019,2612.98974609375,18219.0
2024-07-15,2617.7318563118256,2660.4122670125616,2608.2473206005507,2636.700927734375,19801.0
2024-07-16,2636.701089025835,2650.9278934630247,2617.732016442915,2627.216552734375,17622.0
2024-07-17,2641.443357171565,2650.9278934630247,2617.732016442915,2627.216552734375,6386.0
2024-07-18,2627.216466907161,2631.9587348979676,2589.2783229807033,2603.505126953125,50309.0
2024-07-19,2603.5051322318413,2636.7010082347974,2584.536060230152,2631.958740234375,14940.0
2024-07-22,2631.9587375806727,2631.9587375806727,2565.5669856417007,2617.73193359375,36358.0
2024-07-23,2617.7318470063983,2627.216382683958,2584.5359721349405,2594.0205078125,16448.0
2024-07-24,2575.051436457381,2608.2473113288393,2575.051436457381,2594.0205078125,31039.0
2024-07-25,2570.309165505802,2584.5359690049113,2522.8864871754363,2579.793701171875,50857.0
2024-07-26,2532.3710259083637,2598.7627756512798,2527.628758069584,2594.0205078125,32819.0
2024-07-29,2560.824632941042,2608.2473113288393,2560.824632941042,2594.0205078125,11305.0
2024-07-30,2598.762769321858,2598.762769321858,2551.340091049561,2565.56689453125,8655.0
2024-07-31,2560.82470703125,2579.7937789351854,2541.855635127315,2560.82470703125,18564.0
2024-08-01,2551.3401737669774,2608.2473895387316,2551.3401737669774,2575.051513671875,11199.0
2024-08-02,2551.340078198842,2570.3091494122164,2503.9174001654064,2508.65966796875,35097.0
2024-08-05,2508.6598071289063,2508.6598071289063,2276.288671875,2371.134033203125,65134.0
2024-08-06,2371.1340380280385,2432.7835230167675,2323.7113572674775,2399.587646484375,28655.0
2024-08-07,2404.3300048828123,2465.9794921875,2399.587736628606,2465.9794921875,9993.0
2024-08-08,2447.0103344963595,2465.9794068567962,2432.7835302260314,2442.26806640625,36706.0
2024-08-09,2456.4949537974494,2480.2062950503205,2442.2681490457267,2451.752685546875,13358.0
2024-08-12,2428.041344294004,2480.2062950503205,2428.041344294004,2451.752685546875,16546.0
2024-08-13,2465.979336825284,2579.793767755682,2432.7834611372514,2503.91748046875,64139.0
2024-08-14,2518.1442898525283,2570.309237476592,2518.1442898525283,2532.37109375,12287.0
2024-08-16,2522.8866404063665,2584.5361259802066,2522.8866404063665,2541.855712890625,35456.0
2024-08-19,2584.5360413740636,2584.5360413740636,2527.628825784176,2532.37109375,14017.0
2024-08-20,2537.1132844265508,2565.566891354699,2527.628748783835,2551.340087890625,9896.0
2024-08-21,2560.824623533341,2560.824623533341,2537.1132844265508,2551.340087890625,3672.0
2024-08-22,2556.082517253819,2556.082517253819,2503.9175679221084,2541.855712890625,12076.0
2024-08-23,2541.8555393001425,2556.0823426917477,2470.7215223421163,2494.432861328125,29061.0
2024-08-26,2480.206298828125,2503.917640117113,2470.72176231253,2480.206298828125,14303.0
2024-08-27,2565.5670488465507,2565.5670488465507,2465.97941848467,2513.402099609375,38122.0
2024-08-28,2470.7216865971404,2527.6289039467865,2465.97941848467,2513.402099609375,31115.0
2024-08-29,2513.401932516932,2537.1132715029407,2494.432861328125,2494.432861328125,17940.0
2024-08-30,2480.2062969501203,2499.175369966947,2399.587736628606,2465.9794921875,13200.0
2024-09-02,2480.2060579365198,2508.6596647197302,2461.2369867477128,2494.432861328125,6879.0
2024-09-03,2475.4640305703274,2513.402176632708,2465.979494054732,2480.206298828125,10047.0
2024-09-04,2451.7525977713653,2470.7216700945482,2390.1031127210217,2413.814453125,23046.0
2024-09-05,2399.5877272199878,2442.268141340501,2371.134117806312,2394.845458984375,20854.0
2024-09-06,2390.103015434451,2413.814354873285,2333.19580078125,2333.19580078125,22552.0
2024-09-09,2295.2578222851953,2366.391845703125,2295.2578222851953,2366.391845703125,7219.0
2024-09-10,2347.4226928710937,2390.10310546875,2323.7113525390623,2371.134033203125,17146.0
2024-09-11,2352.1650390625,2375.8763801820814,2333.1959661668348,2352.1650390625,10676.0
2024-09-12,2342.6803510616987,2409.072101901504,2342.6803510616987,2404.329833984375,9809.0
2024-09-13,2385.360926320175,2461.2372182110753,2385.360926320175,2423.299072265625,13594.0
2024-09-19,2437.525798316141,2447.0103344963595,2409.0721897754856,2442.26806640625,10291.0
2024-09-20,2442.2681490457267,2456.4949537974494,2399.5877347905584,2451.752685546875,10195.0
2024-09-23,2456.4948706765776,2465.9794068567962,2432.7835302260314,2442.26806640625,5947.0
2024-09-24,2437.5258807951523,2456.4949537974494,2437.5258807951523,2451.752685546875,6975.0
2024-09-25,2447.0103344963595,2470.7216749469053,2428.0412621359224,2442.26806640625,9429.0
2024-09-26,2447.01025390625,2461.2370577080305,2432.7834501044695,2447.01025390625,15644.0
2024-09-27,2447.010256728685,2475.463864365065,2432.7834529104953,2461.237060546875,20443.0
2024-09-30,2442.2681527657446,2489.69083534372,2442.2681527657446,2480.206298828125,16771.0
2024-10-02,2484.948479217233,2484.948479217233,2423.2989940458133,2442.26806640625,14145.0
2024-10-04,2437.5258807951523,2461.2372220480233,2428.041344294004,2451.752685546875,12688.0
2024-10-07,2456.4948753898752,2484.9484839851248,2437.5258029930424,2470.7216796875,24167.0
2024-10-08,2461.2370577080305,2484.9483973776646,2447.01025390625,2447.01025390625,7285.0
2024-10-10,2437.525720849892,2461.237060546875,2437.525720849892,2461.237060546875,1914.0
2024-10-11,2437.5258029930424,2484.9484839851248,2437.5258029930424,2470.7216796875,5915.0
2024-10-14,2475.4640286959134,2484.9485652043268,2451.7526874248797,2465.9794921875,12546.0
2024-10-15,2461.237066127232,2575.0514969308038,2461.237066127232,2489.690673828125,56351.0
2024-10-16,2489.6906653115916,2503.917469113372,2442.267985972323,2447.01025390625,35603.0
2024-10-17,2461.237054835983,2461.237054835983,2428.0411793372323,2432.783447265625,15055.0
2024-10-18,2437.5257935289783,2437.5257935289783,2399.587648882613,2413.814453125,22013.0
2024-10-21,2404.329839695267,2432.783447265625,2404.329839695267,2432.783447265625,17158.0
2024-10-22,2409.0720989893352,2413.814366900732,2390.10302734375,2390.10302734375,15140.0
2024-10-23,2390.10310791501,2394.84537598627,2371.13403562997,2385.36083984375,35551.0
2024-10-24,2366.3917651367187,2380.6185693359375,2366.3917651367187,2371.134033203125,10788.0
2024-10-25,2352.1648782630523,2390.103021460843,2352.1648782630523,2361.6494140625,37135.0
2024-10-28,2347.422613269555,2390.10302441991,2347.422613269555,2375.876220703125,11827.0
2024-10-29,2380.6184886087203,2399.5875602311003,2342.6803453639595,2375.876220703125,23904.0
2024-10-30,2361.649494623994,2375.876298808476,2352.164958501006,2356.9072265625,10915.0
2024-10-31,2347.4226904395123,2361.649494623994,2337.938154316524,2356.9072265625,24067.0
2024-11-01,2352.164956034919,2366.3917602044853,2337.938151865353,2342.680419921875,30169.0
2024-11-04,2342.680422378018,2361.649494623994,2333.19588625503,2356.9072265625,10958.0
2024-11-05,2361.6494140625,2371.1339498619477,2347.422610363328,2361.6494140625,14076.0
2024-11-06,2375.8763801820814,2385.3609166299143,2337.938234390751,2352.1650390625,26217.0
2024-11-07,2361.649579416708,2380.61865234375,2333.1959700261455,2380.61865234375,36806.0
2024-11-08,2380.6184915209574,2409.0720989893352,2366.391687786768,2390.10302734375,24347.0
2024-11-11,2390.103092783505,2390.103092783505,2281.0309278350514,2300.0,61928.0
2024-11-12,2299.9999949031185,2318.969067026031,2257.319582626566,2271.54638671875,61581.0
2024-11-13,2252.5773884136793,2257.3196565998137,2214.639242924607,2224.123779296875,58589.0
2024-11-14,2219.3813538370255,2285.7731037381327,2209.896818136867,2247.8349609375,38367.0
2024-11-15,2262.061926890228,2262.061926890228,2209.8969767942267,2238.3505859375,24446.0
2024-11-18,2238.3504190037393,2243.092686840612,2214.639079819378,2219.38134765625,60060.0
2024-11-19,2228.8659615352235,2228.8659615352235,2190.927817509092,2200.412353515625,44162.0
2024-11-20,2181.4432018649195,2209.8968088457664,2171.958666204637,2205.154541015625,44855.0
2024-11-21,2205.1546215188914,2209.896889522158,2181.4432815025593,2200.412353515625,19920.0
2024-11-22,2190.927899929587,2228.866045382913,2181.4433635662554,2209.89697265625,18096.0
2024-11-25,2209.896815079286,2238.3504221403928,2209.896815079286,2233.608154296875,19049.0
2024-11-26,2219.3814255286907,2252.5773015515556,2190.927817509092,2200.412353515625,52308.0
2024-11-27,2209.8968119825054,2219.38134765625,2195.6700084718887,2219.38134765625,17331.0
2024-11-28,2224.1236186098395,2243.0926899839105,2209.896815079286,2233.608154296875,6050.0
2024-11-29,2238.350579609881,2238.350579609881,2195.670166015625,2195.670166015625,19931.0
2024-12-02,2200.412270021645,2200.412270021645,2176.7009309050322,2190.927734375,28991.0
2024-12-03,2186.1854696950604,2219.3813445060487,2181.4432018649195,2205.154541015625,13295.0
2024-12-04,2181.443198728355,2247.83494825487,2176.7009309050322,2190.927734375,30008.0
2024-12-05,2186.185625406011,2195.6701617418285,2162.474284566466,2167.216552734375,23208.0
2024-12-06,2148.24748216712,2181.443359375,2124.536141304348,2181.443359375,35622.0
2024-12-09,2143.5051186865126,2200.412334226862,2091.3401711078586,2100.82470703125,44841.0
2024-12-10,2105.5669073807567,2171.9586567125825,2096.0823717619246,2162.47412109375,19995.0
2024-12-11,2176.701013499293,2209.896889522158,2157.7319414862272,2200.412353515625,37374.0
2024-12-12,2219.3815069013226,2219.3815069013226,2162.474288775648,2195.670166015625,22704.0
2024-12-13,2176.7010186377993,2228.865966796875,2176.7010186377993,2228.865966796875,14467.0
2024-12-16,2238.3505079766283,2266.8041161288734,2228.86597192588,2257.319580078125,25615.0
2024-12-17,2228.8658864533572,2262.0617613579816,2228.8658864533572,2233.608154296875,11242.0
2024-12-18,2233.608239951254,2271.546384154248,2209.8968998243827,2257.319580078125,14172.0
2024-12-19,2247.835049071253,2285.773193359375,2224.123708891176,2285.773193359375,5769.0
2024-12-20,2276.288577251553,2290.515380859375,2243.0927021666344,2290.515380859375,13703.0
2024-12-23,2290.515546293474,2323.7114237759884,2285.7732780816864,2309.484619140625,15378.0
2024-12-24,2328.4536082474224,2328.4536082474224,2295.2577319587626,2300.0,20255.0
2024-12-26,2295.2577319587626,2318.9690721649486,2257.319587628866,2300.0,12947.0
2024-12-27,2370.0,2395.0,2345.0,2390.0,15287.0
2024-12-30,2390.0,2390.0,2340.0,2370.0,8707.0
2025-01-02,2350.0,2390.0,2330.0,2345.0,1933.0
2025-01-03,2295.0,2335.0,2275.0,2320.0,66332.0
2025-01-06,2320.0,2335.0,2290.0,2320.0,19329.0
2025-01-07,2360.0,2360.0,2305.0,2320.0,3937.0
2025-01-08,2320.0,2345.0,2320.0,2345.0,26785.0
2025-01-09,2350.0,2370.0,2315.0,2330.0,11146.0
2025-01-10,2330.0,2350.0,2300.0,2330.0,7525.0
2025-01-13,2330.0,2330.0,2265.0,2280.0,23424.0
2025-01-14,2295.0,2295.0,2265.0,2280.0,12204.0
2025-01-15,2300.0,2300.0,2260.0,2265.0,8549.0
2025-01-16,2290.0,2335.0,2280.0,2285.0,16899.0
2025-01-17,2290.0,2310.0,2280.0,2295.0,10192.0
2025-01-20,2285.0,2285.0,2250.0,2270.0,52445.0
2025-01-21,2300.0,2300.0,2250.0,2275.0,14185.0
2025-01-22,2290.0,2290.0,2260.0,2280.0,3660.0
2025-01-23,2290.0,2295.0,2255.0,2290.0,5378.0
2025-01-24,2290.0,2300.0,2275.0,2300.0,2224.0
2025-01-31,2270.0,2300.0,2255.0,2270.0,1916.0
2025-02-03,2255.0,2275.0,2240.0,2270.0,8110.0
2025-02-04,2275.0,2300.0,2245.0,2255.0,5722.0
2025-02-05,2250.0,2265.0,2235.0,2245.0,21032.0
2025-02-06,2250.0,2270.0,2230.0,2245.0,18832.0
2025-02-07,2235.0,2245.0,2225.0,2240.0,11506.0
2025-02-10,2230.0,2245.0,2210.0,2235.0,17349.0
2025-02-11,2245.0,2245.0,2215.0,2240.0,8345.0
2025-02-12,2240.0,2240.0,2220.0,2235.0,6527.0
2025-02-13,2225.0,2245.0,2220.0,2240.0,13933.0
2025-02-14,2245.0,2250.0,2225.0,2245.0,13129.0
2025-02-17,2245.0,2260.0,2235.0,2260.0,6529.0
2025-02-18,2245.0,2270.0,2245.0,2260.0,6338.0
2025-02-19,2265.0,2305.0,2255.0,2260.0,27014.0
2025-02-20,2270.0,2295.0,2250.0,2255.0,11916.0
2025-02-21,2295.0,2300.0,2250.0,2270.0,5472.0
2025-02-24,2270.0,2300.0,2260.0,2280.0,14383.0
2025-02-25,2290.0,2300.0,2265.0,2280.0,10848.0
2025-02-26,2260.0,2295.0,2250.0,2275.0,9339.0
2025-02-27,2275.0,2300.0,2250.0,2260.0,10606.0
2025-02-28,2250.0,2250.0,2220.0,2230.0,17413.0
2025-03-04,2245.0,2275.0,2235.0,2240.0,3261.0
2025-03-05,2240.0,2270.0,2230.0,2260.0,5702.0
2025-03-06,2250.0,2270.0,2240.0,2265.0,5682.0
2025-03-07,2250.0,2290.0,2245.0,2265.0,3819.0
2025-03-10,2255.0,2280.0,2230.0,2235.0,10903.0
2025-03-11,2230.0,2275.0,2225.0,2270.0,11759.0
2025-03-12,2270.0,2270.0,2245.0,2250.0,6700.0
2025-03-13,2265.0,2265.0,2250.0,2265.0,2063.0
2025-03-14,2265.0,2290.0,2255.0,2280.0,5209.0
2025-03-17,2260.0,2290.0,2255.0,2285.0,4834.0
2025-03-18,2260.0,2295.0,2260.0,2290.0,4368.0
2025-03-19,2290.0,2310.0,2270.0,2305.0,8522.0
2025-03-20,2305.0,2340.0,2280.0,2325.0,25742.0
2025-03-21,2320.0,2360.0,2300.0,2360.0,20442.0
2025-03-24,2360.0,2365.0,2295.0,2305.0,22234.0
2025-03-25,2260.0,2300.0,2260.0,2290.0,12948.0
2025-03-26,2300.0,2320.0,2290.0,2290.0,5089.0
2025-03-27,2285.0,2300.0,2260.0,2270.0,17343.0
2025-03-28,2270.0,2285.0,2255.0,2265.0,8148.0
2025-03-31,2270.0,2280.0,2240.0,2270.0,18628.0
2025-04-01,2280.0,2310.0,2270.0,2305.0,7824.0
2025-04-02,2310.0,2335.0,2265.0,2285.0,3944.0
2025-04-03,2260.0,2285.0,2240.0,2260.0,11654.0
2025-04-04,2260.0,2360.0,2250.0,2310.0,16684.0
2025-04-07,2320.0,2325.0,2235.0,2265.0,12559.0
2025-04-08,2320.0,2355.0,2265.0,2295.0,38764.0
2025-04-09,2320.0,2350.0,2280.0,2330.0,41484.0
2025-04-10,2355.0,2550.0,2285.0,2410.0,527530.0
2025-04-11,2520.0,2555.0,2410.0,2455.0,398521.0
2025-04-14,2550.0,2680.0,2400.0,2635.0,647384.0
2025-04-15,2590.0,2670.0,2470.0,2590.0,380469.0
2025-04-16,2495.0,3365.0,2485.0,3365.0,5541657.0
2025-04-17,4340.0,4370.0,3625.0,3625.0,11672003.0
2025-04-18,3625.0,3795.0,3100.0,3260.0,9063713.0
2025-04-21,3260.0,4235.0,3115.0,4235.0,9396567.0
2025-04-22,3930.0,3995.0,3565.0,3645.0,1027744.0
2025-04-23,3670.0,3900.0,3585.0,3865.0,642200.0
2025-04-24,3805.0,4385.0,3800.0,4320.0,804036.0
2025-04-25,4735.0,5500.0,4010.0,4825.0,9615679.0
2025-04-28,5300.0,5970.0,4775.0,5270.0,9463222.0
2025-04-29,5000.0,5190.0,4055.0,4690.0,4460346.0
2025-04-30,4480.0,4550.0,3550.0,3590.0,3289996.0
2025-05-02,4390.0,4610.0,3575.0,3670.0,5346532.0
2025-05-07,3310.0,3630.0,2980.0,3145.0,2426653.0
2025-05-08,2715.0,2985.0,2700.0,2785.0,1879091.0
2025-05-09,2730.0,2935.0,2565.0,2615.0,2292928.0
2025-05-12,2270.0,2340.0,2230.0,2300.0,1938881.0
2025-05-13,2310.0,2315.0,2270.0,2295.0,509980.0
2025-05-14,2295.0,2315.0,2275.0,2305.0,362666.0
2025-05-15,2310.0,2320.0,2280.0,2305.0,344400.0
2025-05-16,2305.0,2315.0,2285.0,2305.0,211976.0
2025-05-19,2300.0,2310.0,2280.0,2285.0,244843.0
2025-05-20,2300.0,2315.0,2275.0,2295.0,235124.0
2025-05-21,2295.0,2315.0,2285.0,2300.0,210710.0
2025-05-22,2300.0,2300.0,2270.0,2275.0,163227.0
2025-05-23,2275.0,2280.0,2265.0,2265.0,168901.0
2025-05-26,2265.0,2300.0,2265.0,2295.0,121247.0
2025-05-27,2290.0,2305.0,2280.0,2290.0,117542.0
2025-05-28,2300.0,2330.0,2295.0,2325.0,111153.0
2025-05-29,2330.0,2360.0,2320.0,2350.0,115435.0
2025-05-30,2350.0,2395.0,2340.0,2365.0,192206.0
2025-06-02,2355.0,2410.0,2355.0,2380.0,97900.0
2025-06-04,2375.0,2460.0,2375.0,2445.0,181788.0
2025-06-05,2455.0,2525.0,2445.0,2500.0,207427.0
2025-06-09,2530.0,2555.0,2510.0,2550.0,183272.0
2025-06-10,2560.0,2560.0,2500.0,2520.0,190812.0
2025-06-11,2520.0,2560.0,2505.0,2535.0,93174.0
2025-06-12,2535.0,2570.0,2530.0,2535.0,98766.0
2025-06-13,2550.0,2555.0,2440.0,2475.0,330623.0
2025-06-16,2475.0,2525.0,2465.0,2510.0,160318.0
2025-06-17,2500.0,2530.0,2465.0,2490.0,104645.0
2025-06-18,2470.0,2500.0,2470.0,2495.0,164949.0
2025-06-19,2510.0,2510.0,2465.0,2470.0,47292.0
2025-06-20,2470.0,2500.0,2450.0,2480.0,101183.0
2025-06-23,2460.0,2470.0,2440.0,2450.0,94948.0
2025-06-24,2490.0,2495.0,2455.0,2490.0,62701.0
2025-06-25,2500.0,2510.0,2475.0,2485.0,45347.0
2025-06-26,2500.0,2500.0,2450.0,2475.0,47610.0
2025-06-27,2470.0,2480.0,2450.0,2460.0,27804.0
2025-06-30,2470.0,2475.0,2450.0,2470.0,39343.0
2025-07-01,2455.0,2585.0,2455.0,2540.0,141897.0
2025-07-02,2570.0,2570.0,2490.0,2520.0,62739.0
2025-07-03,2525.0,2560.0,2520.0,2555.0,107848.0
2025-07-04,2560.0,2580.0,2510.0,2535.0,85977.0
2025-07-07,2510.0,2550.0,2510.0,2525.0,52555.0
2025-07-08,2525.0,2565.0,2510.0,2560.0,116360.0
2025-07-09,2555.0,2635.0,2550.0,2625.0,130463.0
2025-07-10,2620.0,2710.0,2620.0,2690.0,219814.0
2025-07-11,2700.0,2750.0,2645.0,2700.0,185612.0
2025-07-14,2690.0,2800.0,2665.0,2700.0,136458.0
2025-07-15,2700.0,2700.0,2600.0,2655.0,153442.0
2025-07-16,2650.0,2650.0,2580.0,2600.0,108457.0
2025-07-17,2600.0,2650.0,2590.0,2635.0,48608.0
2025-07-18,2670.0,2695.0,2575.0,2585.0,75202.0
2025-07-21,2585.0,2595.0,2570.0,2585.0,46743.0
2025-07-22,2600.0,2600.0,2515.0,2535.0,71887.0
2025-07-23,2540.0,2565.0,2510.0,2545.0,41122.0
2025-07-24,2550.0,2570.0,2510.0,2515.0,48553.0
2025-07-25,2520.0,2540.0,2505.0,2525.0,37688.0
2025-07-28,2525.0,2525.0,2465.0,2480.0,43021.0
2025-07-29,2490.0,2495.0,2450.0,2495.0,15527.0
2025-07-30,2470.0,2500.0,2470.0,2480.0,34075.0
2025-07-31,2490.0,2530.0,2470.0,2485.0,22697.0
2025-08-01,2480.0,2480.0,2400.0,2400.0,69702.0
2025-08-04,2405.0,2480.0,2405.0,2455.0,26539.0
2025-08-05,2460.0,2500.0,2450.0,2495.0,22198.0
2025-08-06,2495.0,2495.0,2465.0,2485.0,15402.0
2025-08-07,2485.0,2505.0,2480.0,2495.0,18404.0
2025-08-08,2505.0,2505.0,2475.0,2495.0,15376.0
2025-08-11,2495.0,2505.0,2465.0,2485.0,23944.0
2025-08-12,2480.0,2515.0,2475.0,2500.0,77889.0
2025-08-13,2500.0,2510.0,2470.0,2495.0,32662.0
2025-08-14,2495.0,2525.0,2480.0,2495.0,28638.0
2025-08-18,2490.0,2490.0,2465.0,2465.0,14467.0
2025-08-19,2465.0,2485.0,2450.0,2450.0,16817.0
2025-08-20,2440.0,2455.0,2415.0,2445.0,23642.0
2025-08-21,2445.0,2485.0,2445.0,2450.0,10841.0
2025-08-22,2445.0,2465.0,2440.0,2455.0,12962.0
2025-08-25,2455.0,2475.0,2445.0,2470.0,25299.0
2025-08-26,2470.0,2475.0,2445.0,2455.0,13545.0
2025-08-27,2465.0,2465.0,2435.0,2450.0,18045.0
2025-08-28,2435.0,2450.0,2435.0,2440.0,8682.0
2025-08-29,2450.0,2455.0,2430.0,2440.0,9970.0
2025-09-01,2440.0,2447.0,2430.0,2430.0,36425.0
2025-09-02,2425.0,2445.0,2415.0,2425.0,18085.0
2025-09-03,2425.0,2430.0,2415.0,2430.0,7665.0
2025-09-04,2430.0,2460.0,2430.0,2450.0,10665.0
2025-09-05,2465.0,2530.0,2435.0,2470.0,12817.0
2025-09-08,2470.0,2470.0,2450.0,2465.0,4054.0
2025-09-09,2470.0,2475.0,2455.0,2475.0,9364.0
2025-09-10,2475.0,2510.0,2465.0,2500.0,75596.0
2025-09-11,2500.0,2520.0,2485.0,2500.0,14892.0
2025-09-12,2500.0,2530.0,2495.0,2525.0,46939.0
2025-09-15,2530.0,2535.0,2490.0,2505.0,21608.0
2025-09-16,2510.0,2530.0,2495.0,2510.0,38269.0
2025-09-17,2510.0,2535.0,2505.0,2520.0,10520.0
2025-09-18,2510.0,2530.0,2505.0,2525.0,20757.0
2025-09-22,2510.0,2525.0,2440.0,2485.0,64365.0
2025-09-23,2485.0,2490.0,2440.0,2455.0,27917.0
2025-09-24,2460.0,2470.0,2450.0,2465.0,18881.0
2025-09-25,2465.0,2480.0,2445.0,2480.0,17868.0
2025-09-26,2480.0,2480.0,2450.0,2460.0,3300.0
2025-09-29,2465.0,2530.0,2460.0,2500.0,48104.0
2025-09-30,2520.0,2520.0,2470.0,2495.0,45067.0
2025-10-01,2510.0,2555.0,2480.0,2495.0,65036.0
2025-10-02,2525.0,2530.0,2490.0,2505.0,42645.0
2025-10-10,2500.0,2500.0,2455.0,2480.0,26222.0
2025-10-13,2470.0,2505.0,2460.0,2470.0,39354.0
2025-10-14,2475.0,2485.0,2455.0,2465.0,21346.0
2025-10-15,2475.0,2570.0,2475.0,2505.0,97450.0
2025-10-16,2505.0,2520.0,2490.0,2505.0,26242.0
2025-10-17,2485.0,2500.0,2460.0,2470.0,56084.0
2025-10-20,2470.0,2475.0,2440.0,2455.0,41803.0
2025-10-21,2480.0,2480.0,2445.0,2455.0,31087.0
2025-10-22,2445.0,2475.0,2435.0,2475.0,31985.0
2025-10-23,2475.0,2475.0,2445.0,2455.0,25666.0
2025-10-24,2450.0,2465.0,2435.0,2450.0,52394.0
2025-10-27,2450.0,2470.0,2435.0,2450.0,45810.0
2025-10-28,2450.0,2465.0,2445.0,2460.0,18218.0
2025-10-29,2460.0,2470.0,2440.0,2455.0,33938.0
2025-10-30,2450.0,2460.0,2440.0,2440.0,26466.0
2025-10-31,2440.0,2455.0,2420.0,2445.0,26804.0
2025-11-03,2435.0,2445.0,2385.0,2405.0,59678.0
2025-11-04,2400.0,2435.0,2400.0,2420.0,19364.0
2025-11-05,2420.0,2420.0,2380.0,2390.0,48817.0
2025-11-06,2400.0,2450.0,2400.0,2445.0,37990.0
2025-11-07,2430.0,2445.0,2405.0,2420.0,19817.0
2025-11-10,2420.0,2455.0,2420.0,2450.0,11896.0
2025-11-11,2450.0,2460.0,2420.0,2435.0,22145.0
2025-11-12,2440.0,2475.0,2425.0,2470.0,18382.0
2025-11-13,2470.0,2485.0,2455.0,2485.0,17296.0
2025-11-14,2460.0,2490.0,2445.0,2460.0,16851.0
2025-11-17,2450.0,2490.0,2435.0,2480.0,9197.0
2025-11-18,2480.0,2490.0,2440.0,2450.0,15269.0
2025-11-19,2480.0,2480.0,2445.0,2460.0,18187.0
2025-11-20,2465.0,2485.0,2460.0,2475.0,9507.0
2025-11-21,2470.0,2480.0,2445.0,2460.0,32078.0
2025-11-24,2470.0,2475.0,2455.0,2460.0,9306.0
2025-11-25,2475.0,2480.0,2450.0,2465.0,18086.0
2025-11-26,2470.0,2477.0,2450.0,2470.0,37079.0
2025-11-27,2470.0,2475.0,2455.0,2465.0,19228.0
2025-11-28,2465.0,2475.0,2460.0,2470.0,20148.0
2025-12-01,2470.0,2500.0,2465.0,2480.0,42701.0
2025-12-02,2490.0,2490.0,2470.0,2475.0,41133.0
2025-12-03,2485.0,2495.0,2470.0,2490.0,49048.0
2025-12-04,2490.0,2500.0,2475.0,2495.0,34154.0
2025-12-05,2485.0,2515.0,2480.0,2500.0,30441.0
2025-12-08,2500.0,2510.0,2485.0,2505.0,16200.0
2025-12-09,2505.0,2505.0,2490.0,2500.0,3511.0
2025-12-10,2490.0,2520.0,2490.0,2505.0,21138.0
2025-12-11,2510.0,2515.0,2485.0,2495.0,25941.0
2025-12-12,2505.0,2520.0,2500.0,2515.0,33153.0
2025-12-15,2515.0,3075.0,2515.0,2855.0,3785754.0
2025-12-16,2825.0,2840.0,2635.0,2700.0,954407.0
2025-12-17,2770.0,2975.0,2690.0,2730.0,1325340.0
2025-12-18,2665.0,2765.0,2645.0,2720.0,376296.0
2025-12-19,2720.0,2765.0,2645.0,2695.0,224228.0
2025-12-22,2690.0,2730.0,2655.0,2680.0,178899.0
2025-12-23,2680.0,2690.0,2645.0,2670.0,122596.0
2025-12-24,2700.0,2775.0,2655.0,2745.0,339607.0
2025-12-26,2720.0,2785.0,2710.0,2730.0,224615.0
2025-12-29,2615.0,2650.0,2605.0,2610.0,129855.0
2025-12-30,2615.0,2650.0,2520.0,2535.0,160007.0
2026-01-02,2520.0,2540.0,2495.0,2530.0,77283.0
2026-01-05,2530.0,2570.0,2470.0,2505.0,81463.0
2026-01-06,2505.0,2530.0,2470.0,2505.0,51128.0
2026-01-07,2520.0,2600.0,2485.0,2500.0,33718.0
2026-01-08,2495.0,2500.0,2400.0,2460.0,103536.0
2026-01-09,2470.0,2520.0,2450.0,2510.0,34576.0
2026-01-12,2510.0,2520.0,2455.0,2490.0,48575.0
2026-01-13,2505.0,2530.0,2480.0,2505.0,37434.0
2026-01-14,2495.0,2520.0,2450.0,2485.0,83700.0
2026-01-15,2485.0,2495.0,2435.0,2450.0,102507.0
2026-01-16,2450.0,2465.0,2420.0,2450.0,60404.0
2026-01-19,2440.0,2460.0,2420.0,2430.0,62543.0
2026-01-20,2420.0,2480.0,2410.0,2465.0,46529.0
2026-01-21,2465.0,2485.0,2420.0,2465.0,33066.0
2026-01-22,2460.0,2480.0,2435.0,2465.0,22840.0
2026-01-23,2470.0,2510.0,2440.0,2495.0,59327.0
2026-01-26,2475.0,2500.0,2470.0,2495.0,52825.0
2026-01-27,2480.0,2500.0,2440.0,2470.0,48166.0
