Date,Open,High,Low,Close,Volume
2019-03-22,11884.038879107982,15434.7578125,11884.038879107982,15434.7578125,961174.0
2019-03-25,18091.758702754196,18284.995110794294,14685.967011047464,14758.4306640625,5478508.0
2019-03-26,15169.057146066294,16642.484671400758,14565.19340617512,15120.748046875,2863240.0
2019-03-27,15169.057156415052,15217.366255639305,13671.475080463248,13719.7841796875,1013858.0
2019-03-28,13803.382002314815,13827.68373119213,12831.312847222223,13122.93359375,811576.0
2019-03-29,13730.477548275354,13973.49485001474,12612.597960274175,12879.9169921875,707090.0
2019-04-01,12977.1240234375,13293.046518390098,12661.2015284849,12977.1240234375,439458.0
2019-04-02,13122.934043390287,14289.417069469424,13074.330583970324,13511.76171875,1366592.0
2019-04-03,13438.856473516471,13463.158203125,13050.028799780008,13463.158203125,319618.0
2019-04-04,14167.90845033382,14386.624018177738,13511.761746802063,13536.0634765625,744448.0
2019-04-05,13365.951200232532,13536.06330641731,13122.93390568285,13390.2529296875,274312.0
2019-04-08,13851.986049107143,14483.831026785716,13463.158370535715,14459.529296875,1138160.0
2019-04-09,14167.90887920673,14240.81407069493,13900.58984375,13900.58984375,486504.0
2019-04-10,13706.174950571178,14022.097422836116,13463.157664213533,13827.68359375,353130.0
2019-04-11,13900.58984375,13997.796765734267,13681.874269285403,13900.58984375,224966.0
2019-04-12,13997.795955882353,14362.321892233456,13779.08039407169,14046.3994140625,502518.0
2019-04-15,13997.796292372881,14532.434345206568,13949.192833024365,14338.0205078125,484810.0
2019-04-16,14240.81407069493,14313.71926218313,13779.081191269668,13900.58984375,240806.0
2019-04-17,13924.891094805744,13973.494554124436,13438.856501618806,13487.4599609375,233284.0
2019-04-18,13463.158146512682,13681.873712069746,13365.95122848732,13414.5546875,147342.0
2019-04-19,13487.459989040019,13730.477286139838,13414.554799910073,13511.76171875,72660.0
2019-04-22,13171.537080493299,13341.649183008896,13074.330164770103,13147.2353515625,242044.0
2019-04-23,13171.537838590524,13195.839568920028,12807.011883647983,12952.822265625,134468.0
2019-04-24,12977.12348300971,13025.726941747573,12442.485436893205,12515.390625,151082.0
2019-04-25,12442.485,12442.485,12077.959072265625,12150.8642578125,114726.0
2019-04-26,12077.95881291746,12879.915836712786,12077.95881291746,12734.10546875,217738.0
2019-04-29,12734.106304190751,12952.821870484104,12588.295926661849,12612.59765625,114742.0
2019-04-30,12539.692181360511,12636.899097495088,12199.467974889489,12369.580078125,132578.0
2019-05-02,12418.183763751209,12636.899329061896,12150.864739482591,12563.994140625,135922.0
2019-05-03,12734.107086849908,13730.47806120267,12466.788044950388,13317.3486328125,616696.0
2019-05-07,12782.709445629613,13511.761315152213,12758.407716645526,13171.537109375,145588.0
2019-05-08,12977.12348300971,13171.537317961165,12199.468143203883,12515.390625,252712.0
2019-05-09,12345.27799610161,12612.597007828219,12029.355527697435,12077.958984375,171400.0
2019-05-10,12102.26068312122,12393.881422473538,11932.148585165702,12053.6572265625,88798.0
2019-05-13,12296.675247850359,12296.675247850359,11762.037193595996,11834.9423828125,80604.0
2019-05-14,11519.019730216996,11932.149129823934,11203.097248164631,11689.1318359375,130760.0
2019-05-15,11810.640255177515,12418.183478180474,11591.92469489645,12320.9765625,181506.0
2019-05-16,12393.881778266485,12879.916357806347,12175.166217473548,12345.2783203125,122150.0
2019-05-17,12491.088546843936,12636.898918986082,12175.166073869284,12223.76953125,66336.0
2019-05-20,12053.657343750001,12369.579814453125,12053.657343750001,12150.8642578125,59296.0
2019-05-21,11932.149254432092,12636.8994140625,11932.149254432092,12636.8994140625,60050.0
2019-05-22,12636.899156066536,13220.1406555773,12418.18359375,12418.18359375,281536.0
2019-05-23,12661.200464505784,12661.200464505784,12053.657256036218,12077.958984375,78402.0
2019-05-24,11859.243941658004,12199.468153099013,11616.22664777157,11689.1318359375,93988.0
2019-05-27,11616.226842661374,12150.864898181353,11591.92511286501,11859.244140625,29750.0
2019-05-28,11859.244196428572,12005.054575892858,11713.433816964287,11907.84765625,34038.0
2019-05-29,11932.149823387634,11932.149823387634,11421.8134765625,11421.8134765625,76002.0
2019-05-30,11446.114612332962,11591.924989560133,10692.760996659243,10911.4765625,121762.0
2019-05-31,10911.475706660458,11227.398165873345,10862.872251396937,11008.6826171875,59878.0
2019-06-03,10935.777374064579,11154.49292154587,10814.268736574972,10960.0791015625,36714.0
2019-06-04,10984.381489701706,11130.191863458807,10692.7607421875,10692.7607421875,73672.0
2019-06-05,10765.666044218047,10984.38160719313,10741.364314998593,10789.9677734375,53078.0
2019-06-07,10911.477155486995,11470.416965233546,10862.873693769905,11446.115234375,78426.0
2019-06-10,11616.227322972074,11664.830784574468,11397.511745761303,11421.8134765625,61904.0
2019-06-11,11664.829963235294,11713.43342141544,11446.114401424633,11567.623046875,42126.0
2019-06-12,11567.623518318966,12296.675420734027,11470.416597996958,11980.7529296875,126060.0
2019-06-13,12126.563282043953,12126.563282043953,11713.433871633639,11956.451171875,64082.0
2019-06-14,11883.545583812762,12005.054229864018,11616.2265625,11616.2265625,44862.0
2019-06-17,11543.32210321162,11786.339410647655,11348.908257262794,11397.51171875,35086.0
2019-06-18,11324.606279721467,11519.020121433425,10838.571675441577,11178.7958984375,59114.0
2019-06-19,11203.096826381437,11591.924481960838,11203.096826381437,11324.60546875,41674.0
2019-06-20,11300.303769489426,11543.32105485479,11251.700312416355,11348.9072265625,24296.0
2019-06-21,11567.623408246145,11567.623408246145,11008.683621713244,11032.9853515625,40696.0
2019-06-24,10595.553563660093,10692.760477088168,10449.743193517981,10474.044921875,247376.0
2019-06-25,10474.045925564236,10546.951117621527,9429.071506076389,9623.4853515625,319354.0
2019-06-26,9623.485297033629,9793.597410870083,9429.071452649112,9574.8818359375,83502.0
2019-06-27,9526.278067885118,9696.39017624021,9258.959040469974,9307.5625,70072.0
2019-06-28,9258.958574591281,9356.165488760218,8627.113632493189,8918.734375,152402.0
2019-07-01,8991.639791666666,9234.657083333334,8918.734604166666,9113.1484375,65712.0
2019-07-02,9113.147492104388,9380.466485206116,8991.63885887633,9137.44921875,130660.0
2019-07-03,9331.863911290322,9331.863911290322,8870.131061512937,9040.2431640625,52572.0
2019-07-04,9040.243076727642,9137.449991531166,8724.320603616192,8967.337890625,45230.0
2019-07-05,9064.544805428523,9088.846534129403,8748.622332317073,8967.337890625,37150.0
2019-07-08,8870.131019592285,8991.639663696289,7484.93247680664,7776.55322265625,456072.0
2019-07-09,7703.648205341737,8213.984521783934,7679.346475987346,7922.36376953125,180486.0
2019-07-10,7825.156767003677,8481.30345243566,7825.156767003677,8262.587890625,128954.0
2019-07-11,8262.58797603863,8384.09662274508,8019.570682625729,8335.4931640625,71318.0
2019-07-12,8262.58797603863,8554.20872813411,8116.777599990889,8335.4931640625,55904.0
2019-07-15,8262.587890625,8457.001723345587,8213.984432444853,8262.587890625,41128.0
2019-07-16,8359.794806985294,8432.699994255514,8019.570599724265,8262.587890625,65430.0
2019-07-17,8165.380974264705,8262.587890625,7752.251579733455,8262.587890625,91904.0
2019-07-18,8262.58759469697,8262.58759469697,7873.759943181818,8019.5703125,53250.0
2019-07-19,8019.570856668864,8165.381235881025,7946.665667062783,8068.17431640625,37998.0
2019-07-22,8068.174113669591,8457.001781798246,7970.967196637427,8311.19140625,77180.0
2019-07-23,8359.794599286786,8457.001513231982,8043.872128964902,8092.4755859375,60044.0
2019-07-24,8043.872502196523,8165.381150265957,7995.26904296875,7995.26904296875,33162.0
2019-07-25,7946.665324401855,8043.872239685058,7679.346307373046,7776.55322265625,60622.0
2019-07-26,7727.950026292067,7752.251755934495,7484.932729867789,7582.1396484375,63882.0
2019-07-29,7484.932559742647,7533.536017922794,6998.897977941177,7023.19970703125,75008.0
2019-07-30,7096.10509264147,7412.027579642631,7071.80336287215,7193.31201171875,61632.0
2019-07-31,7047.501794676117,7412.027749573158,6974.596603696709,7339.12255859375,54436.0
2019-08-01,7630.7432066642195,7630.7432066642195,7217.6137973862205,7241.91552734375,17932.0
2019-08-02,6974.596305506336,7266.217056956078,6828.785929781465,7071.80322265625,33436.0
2019-08-05,7047.501118201336,7047.501118201336,6245.544094406011,6367.052734375,124370.0
2019-08-06,6026.829057173296,6731.579229181463,5978.2255970348015,6415.65673828125,101744.0
2019-08-07,6415.656625600962,6731.579110952524,6196.941058819111,6318.44970703125,65778.0
2019-08-08,6269.8462477463945,6488.561814528245,6245.544518103967,6318.44970703125,73976.0
2019-08-09,6318.449872239192,6610.070635573308,6294.148141961348,6464.26025390625,54400.0
2019-08-12,6391.354462368798,6464.25964635019,6294.147550393606,6367.052734375,45722.0
2019-08-13,6367.052965856482,6925.992730034723,6367.052965856482,6561.466796875,114888.0
2019-08-14,6658.6737123842595,6682.975441261574,6512.86333912037,6561.466796875,43500.0
2019-08-16,6415.656220294677,6488.561404616207,6269.845851651616,6391.3544921875,43988.0
2019-08-19,6415.656654094828,6512.863573096265,6318.449735093391,6342.75146484375,29880.0
2019-08-20,6391.354535628892,7241.915025161255,6391.354535628892,6828.78564453125,467712.0
2019-08-21,6780.182808402536,7047.501843859266,6391.355120465472,6950.294921875,124140.0
2019-08-22,6950.294375137543,7169.009932397117,6901.69091796875,6901.69091796875,67264.0
2019-08-23,6804.484003631162,6998.8978323063375,6707.277089293573,6901.69091796875,77934.0
2019-08-26,6755.881017240366,6780.18274751821,6415.656793350564,6464.26025390625,81034.0
2019-08-27,6634.372221848061,6634.372221848061,6294.148005343032,6342.75146484375,86424.0
2019-08-28,6415.656765919812,6464.260226267688,6294.148115050118,6439.95849609375,32040.0
2019-08-29,6464.260226267688,6998.898290094339,6439.95849609375,6439.95849609375,149004.0
2019-08-30,6512.863507699276,6707.27734375,6439.958319180254,6707.27734375,81468.0
2019-09-02,6658.673940535072,6950.294697054856,6610.070481115108,6755.880859375,65726.0
2019-09-03,6780.182187986544,7047.501198982429,6755.880459714191,6828.78564453125,73432.0
2019-09-04,6804.484308792373,7169.01025390625,6780.1825791181145,7169.01025390625,108152.0
2019-09-05,7363.423740234375,7484.932382812501,7217.613369140626,7290.5185546875,195498.0
2019-09-06,7387.726046823433,7630.743350995256,7314.820855571886,7363.42431640625,195276.0
2019-09-09,7412.027777240614,7679.3468118296205,7193.312203485973,7363.42431640625,77322.0
2019-09-10,7387.726046823433,7484.932968492162,7241.915664320339,7363.42431640625,33744.0
2019-09-11,7339.122158263782,7995.268841287365,7339.122158263782,7825.15673828125,292976.0
2019-09-16,7825.15673828125,7898.061925283871,7703.648093276883,7825.15673828125,68564.0
2019-09-17,7776.553337191358,8068.174087336034,7655.044691297743,7873.76025390625,106096.0
2019-09-18,7873.7601084933385,8141.079124522434,7752.25146484375,7752.25146484375,106760.0
2019-09-19,7752.251897673502,7898.0622781940065,7557.838056979495,7703.6484375,83908.0
2019-09-20,7703.64806482428,7946.665353935456,7703.64806482428,7800.85498046875,63526.0
2019-09-23,7582.139219247611,7752.251317115346,7509.234034447153,7630.74267578125,135794.0
2019-09-24,7630.742934283088,7752.251579733455,7363.423914292279,7436.3291015625,117054.0
2019-09-25,7436.328895798495,7484.932352633779,7096.104697951505,7266.216796875,134992.0
2019-09-26,7266.217340310943,7412.0277217218645,7193.312149605482,7314.82080078125,80280.0
2019-09-27,7314.82066056535,7679.3466071051525,7047.501633102829,7193.31201171875,92328.0
2019-09-30,7144.708381600216,7169.010110789332,6998.898006465518,7047.50146484375,31596.0
2019-10-01,7071.8031940328665,7169.010110789332,6950.294548087285,7047.50146484375,29654.0
2019-10-02,6974.596652371067,7047.501843859266,6877.389730386801,6950.294921875,46972.0
2019-10-04,7193.311660981513,7193.311660981513,6853.087460799956,6901.69091796875,31492.0
2019-10-07,6901.691061580882,7144.708352481617,6901.691061580882,7023.19970703125,37080.0
2019-10-08,7023.1997923132485,7144.708439239083,6998.898062928082,7096.10498046875,33574.0
2019-10-10,7169.009883204431,7557.837537886706,7096.104697951505,7266.216796875,124774.0
2019-10-11,7314.820179899661,7776.553015175719,7314.820179899661,7606.44091796875,261240.0
2019-10-14,7606.441814201108,7776.553931451613,7533.53662109375,7533.53662109375,77076.0
2019-10-15,7533.536326892745,7946.665738367508,7509.2345968059935,7703.6484375,160360.0
2019-10-16,7873.760078862028,7946.665264777417,7727.94970703125,7727.94970703125,118168.0
2019-10-17,7946.665264777417,7946.665264777417,7606.4410638389345,7727.94970703125,63404.0
2019-10-18,7727.949558830871,7800.8547433481435,7533.535733451478,7606.44091796875,49288.0
2019-10-21,7509.234259733606,7582.139446721311,7266.21696977459,7412.02734375,90384.0
2019-10-22,7412.027965914818,7727.95046938004,7339.122772807459,7533.53662109375,163240.0
2019-10-23,7533.53662109375,7606.441814201108,7387.726234879032,7533.53662109375,55900.0
2019-10-24,7582.13971903238,8068.17431640625,7484.932799557606,8068.17431640625,251610.0
2019-10-25,8311.191172342815,8311.191172342815,7849.45832943488,8116.77734375,194772.0
2019-10-28,8165.381207515105,8262.58812665219,7970.967369240936,8043.87255859375,93550.0
2019-10-29,8068.174028289985,8141.079215292605,7800.855009280377,7825.15673828125,74158.0
2019-10-30,7727.94970703125,7898.061807500491,7703.647978392787,7727.94970703125,44936.0
2019-10-31,7703.647978392787,7922.363536138954,7703.647978392787,7727.94970703125,52800.0
2019-11-01,7727.949934696127,8189.682792429543,7727.949934696127,7922.36376953125,117226.0
2019-11-04,8019.570510864258,8043.872239685058,7752.251493835449,7776.55322265625,57460.0
2019-11-05,7873.760333393895,8627.113945539608,7825.156874545784,8359.794921875,504298.0
2019-11-06,8286.889443768712,8675.717100954342,7849.45832943488,8116.77734375,281984.0
2019-11-07,8116.777736619972,8554.208872126437,8068.174277119253,8457.001953125,175888.0
2019-11-08,8529.906998792821,8675.717374840562,8238.28624669734,8335.4931640625,136076.0
2019-11-11,8457.001781798246,8457.001781798246,8019.570655153509,8311.19140625,54670.0
2019-11-12,8335.493459065756,8457.002110072544,8092.476157052177,8165.38134765625,60146.0
2019-11-13,8165.380800898204,8262.587715194612,8019.570429453593,8116.77734375,26750.0
2019-11-14,8019.570627520161,8408.398294309018,8019.570627520161,8286.8896484375,62190.0
2019-11-15,8165.380974264705,8262.587890625,8141.079245174632,8262.587890625,38008.0
2019-11-18,8262.588268461683,8384.096919468471,8141.079617454892,8165.38134765625,32706.0
2019-11-19,8165.381809701493,8238.287004430971,7995.269688666045,8141.080078125,26624.0
2019-11-20,8141.079549668711,8213.984739665744,7679.3466796875,7679.3466796875,106808.0
2019-11-21,7752.251396484376,7752.251396484376,7193.311640625,7290.5185546875,81396.0
2019-11-22,7193.31188889954,7922.36376953125,7193.31188889954,7922.36376953125,104982.0
2019-11-25,7922.36368336397,8335.49307789522,7922.36368336397,8262.587890625,212646.0
2019-11-26,8262.587685341592,8286.88941382789,7825.156572588213,8092.4755859375,139154.0
2019-11-27,8068.174174550841,8068.174174550841,7776.553421253822,7946.66552734375,56520.0
2019-11-28,7825.15682391827,8019.570658052885,7776.553365384616,7898.06201171875,34972.0
2019-11-29,7922.3637652605685,8359.79489340379,7727.949930530248,8335.4931640625,189334.0
2019-12-02,8457.00181076895,8481.30354011024,8165.38105867347,8335.4931640625,212188.0
2019-12-03,8311.191348805147,8335.49307789522,8116.777516084559,8262.587890625,74744.0
2019-12-04,8165.38134765625,8262.588268461683,7970.967506045387,8165.38134765625,75916.0
2019-12-05,8116.777776143637,8262.5881553558,7849.458747588009,8068.17431640625,55518.0
2019-12-06,8068.174203267912,8068.174203267912,7873.760367044589,7970.96728515625,35948.0
2019-12-09,8043.872328814338,8043.872328814338,7630.742934283088,7849.45849609375,145200.0
2019-12-10,7849.458438290985,7873.760167202103,7606.441149179809,7800.85498046875,81202.0
2019-12-11,7727.950139685522,7825.157059681566,7533.536299693434,7679.3466796875,62226.0
2019-12-12,7679.346102486023,7703.647830658447,7533.535733451478,7606.44091796875,63310.0
2019-12-13,7606.44094751443,7800.8547736489845,7582.139219247611,7630.74267578125,67060.0
2019-12-16,7655.044663373162,7922.36368336397,7655.044663373162,7849.45849609375,61688.0
2019-12-17,7800.855009280377,7873.760196282998,7727.9498222777565,7825.15673828125,40724.0
2019-12-18,8019.570570288238,8092.475757290858,7825.15673828125,7825.15673828125,74130.0
2019-12-19,7849.458260478671,7946.665173921131,7630.742705233135,7655.04443359375,60460.0
2019-12-20,7679.3466796875,7776.553599683544,7630.743219689478,7679.3466796875,39248.0
2019-12-23,7800.8552152193515,7800.8552152193515,7582.1396484375,7582.1396484375,49972.0
2019-12-24,7557.837490980792,7873.759958449443,7557.837490980792,7630.74267578125,46284.0
2019-12-26,7606.441787077772,7679.3469799251625,7387.726208535599,7509.23486328125,99734.0
2019-12-27,7509.234569694422,7703.6484096865115,7436.329379697389,7679.3466796875,36990.0
2019-12-30,7727.949765014648,7800.85495147705,7655.044578552246,7776.55322265625,51046.0
2020-01-02,7873.761030783582,8165.381809701493,7873.761030783582,8141.080078125,146944.0
2020-01-03,8165.381086482558,8408.39838072311,8043.8724393622815,8359.794921875,197714.0
2020-01-06,8311.19140625,8432.700052540205,8141.079301443713,8311.19140625,139848.0
2020-01-07,8384.096651299054,8529.907027843386,8189.6828159066135,8359.794921875,168198.0
2020-01-08,8311.191728864398,8384.096919468471,8043.8726966494605,8165.38134765625,166434.0
2020-01-09,8359.795407458563,8821.528293335636,8311.191945787294,8797.2265625,413466.0
2020-01-10,9113.1490353402,9210.35595838383,8578.510958600242,8772.9248046875,388016.0
2020-01-13,8845.830024171271,8845.830024171271,8724.321369993095,8797.2265625,96828.0
2020-01-14,8797.225703338456,8918.734345649762,8675.717061027151,8894.4326171875,124382.0
2020-01-15,9015.941715580007,9404.769390645451,8845.829607738875,9283.2607421875,306894.0
2020-01-16,9356.16634032588,9744.994032391372,9307.562878817695,9647.787109375,248448.0
2020-01-17,9720.691197519083,10085.21711742605,9526.277373568702,9550.5791015625,234104.0
2020-01-20,9526.278153335492,9550.57988331849,9234.657393539508,9380.4677734375,163840.0
2020-01-21,9258.95901249591,9429.071120337043,9161.752093729549,9283.2607421875,93700.0
2020-01-22,9429.071091699476,9429.071091699476,9210.355525139435,9258.958984375,74110.0
2020-01-23,9283.260482992628,9283.260482992628,8991.639734835791,9064.544921875,116802.0
2020-01-28,8772.924777560764,8870.13170030382,8602.812662760416,8748.623046875,147992.0
2020-01-29,8845.829071969696,8943.035984848484,8748.622159090908,8821.52734375,41770.0
2020-01-30,8797.226110910406,8894.433029263006,8262.588059971098,8408.3984375,161072.0
2020-01-31,8408.398294309018,8651.415586052053,8286.8896484375,8286.8896484375,110538.0
2020-02-03,8019.570655153509,8432.700052540205,7873.760279605263,8311.19140625,119840.0
2020-02-04,8408.39863115262,8602.81247233534,8311.191710561261,8578.5107421875,67510.0
2020-02-05,8578.510984979283,8894.43348584254,8529.907523308011,8797.2265625,112304.0
2020-02-06,8918.735189252944,8918.735189252944,8700.019612404778,8772.9248046875,53258.0
2020-02-07,8845.830024171271,8845.830024171271,8578.510984979283,8797.2265625,61062.0
2020-02-10,8797.226169630028,8943.036548132184,8262.588115122127,8457.001953125,186326.0
2020-02-11,8505.605355852602,8505.605355852602,8238.286330382947,8408.3984375,202562.0
2020-02-12,8311.191602122135,8578.510630260565,8286.889872291367,8481.3037109375,81442.0
2020-02-13,8627.113796898046,8627.113796898046,8238.2861328125,8238.2861328125,96102.0
2020-02-14,8262.587947733919,8554.208698830409,8141.079301443713,8311.19140625,112962.0
2020-02-17,8311.191348805147,8384.096536075367,8262.587890625,8262.587890625,35280.0
2020-02-18,8311.191728864398,8311.191728864398,7800.855394635882,8165.38134765625,91182.0
2020-02-19,8189.682965749718,8189.682965749718,7922.363937194089,8068.17431640625,54616.0
2020-02-20,8043.872128964902,8238.285956855292,7946.665215019707,8092.4755859375,61228.0
2020-02-21,7922.364045642671,8189.683077857609,7898.062315441313,8165.38134765625,126732.0
2020-02-24,8481.303483374326,8505.605212553048,7873.76025390625,7873.76025390625,140872.0
2020-02-25,7849.458747588009,8189.682965749718,7825.157017719315,8068.17431640625,78772.0
2020-02-26,7970.967369240936,8262.58812665219,7825.15699053531,8043.87255859375,45604.0
2020-02-27,8068.17393833268,8238.286039442104,7727.949736113833,7752.25146484375,109400.0
2020-02-28,7630.743147566512,7703.648336874472,7169.0102819494305,7193.31201171875,214728.0
2020-03-02,7241.915637287872,7412.027749573158,7096.1052553290565,7339.12255859375,88620.0
2020-03-03,7412.027749573158,7655.0450528378515,7290.519097940811,7339.12255859375,111154.0
2020-03-04,7339.122746637338,7557.83832517951,7339.122746637338,7509.23486328125,41944.0
2020-03-05,7630.742705233135,7655.04443359375,7509.23406343006,7655.04443359375,56870.0
2020-03-06,7606.441787077772,7606.441787077772,7314.821015688208,7509.23486328125,89212.0
2020-03-09,7436.329507657797,7484.932968492162,7144.708742651609,7363.42431640625,132762.0
2020-03-10,7193.311865868506,7533.536075740666,7047.50149020901,7484.9326171875,193436.0
2020-03-11,7509.234527896149,7509.234527896149,7071.8033903488,7217.61376953125,128312.0
2020-03-12,7144.708142869016,7193.311599623227,6682.975303704012,6853.08740234375,156284.0
2020-03-13,6537.164830331583,6537.164830331583,5783.811262523855,6367.052734375,288414.0
2020-03-16,6318.449444409861,6439.958087571588,6002.526972189367,6099.73388671875,162802.0
2020-03-17,5540.794314056016,6148.337550246369,5540.794314056016,5856.716796875,135590.0
2020-03-18,5832.414981617647,5978.225356158088,5710.90633616728,5783.8115234375,118192.0
2020-03-19,5759.510139891338,5832.415331535533,4763.139187420686,4787.44091796875,215694.0
2020-03-20,4797.161294450431,5030.457892356835,4763.138873922414,4933.2509765625,355308.0
2020-03-23,4767.9991116811,4884.6474079913405,4544.4232104198045,4840.904296875,238524.0
2020-03-24,4981.854548799819,5079.061466825181,4860.345901268116,5030.4580078125,81474.0
2020-03-25,5224.871782182573,5492.190803596565,5103.363136085304,5394.98388671875,123736.0
2020-03-26,5443.58759469697,5978.225662033279,5346.380673363095,5613.69970703125,258550.0
2020-03-27,5759.509851074218,5905.320227050781,5589.397745768229,5832.4150390625,171496.0
2020-03-30,5917.228400735294,6385.675649126838,5744.642572380514,6287.05517578125,117220.0
2020-03-31,6410.331028695342,6632.227102765565,6287.055431989663,6484.29638671875,113280.0
2020-04-01,6484.296439916708,6582.9169180903455,6163.779885852384,6336.36572265625,86240.0
2020-04-02,6558.261744742158,6656.882222106701,6213.090073966255,6484.29638671875,59074.0
2020-04-03,6558.2614774816175,6558.2614774816175,6213.089820772058,6287.05517578125,62934.0
2020-04-06,6361.020913799157,6656.882351650281,6361.020913799157,6582.9169921875,65704.0
2020-04-07,6755.502523932659,7149.984423140405,6632.226930430238,7002.0537109375,207702.0
2020-04-08,6977.398723578892,8382.740515960506,6804.812889426764,8037.56884765625,639994.0
2020-04-09,8037.568767306171,8160.844361896757,7717.052221370649,7791.017578125,229564.0
2020-04-10,7791.017289238344,7864.9826432501,7421.190519179562,7667.74169921875,129108.0
2020-04-13,7667.742398131128,7717.052638633579,7445.846315870098,7544.466796875,93176.0
2020-04-14,7495.1560477346275,7766.362352093447,7495.1560477346275,7618.431640625,74622.0
2020-04-16,7618.43189631802,7889.638209779179,7569.1216575069,7815.6728515625,89534.0
2020-04-17,7889.638209779179,7963.6035679958595,7741.70749334582,7815.6728515625,82378.0
2020-04-20,7889.6376953125,7938.947930908203,7815.672341918945,7889.6376953125,52410.0
2020-04-21,7889.638209779179,7938.948448590299,7495.156299290221,7815.6728515625,109840.0
2020-04-22,7791.017634249281,9122.394065418463,7692.3971578663795,8579.9814453125,648892.0
2020-04-23,8925.15249476482,9936.012307707797,8653.946203487436,9566.185546875,1474190.0
2020-04-24,9393.600268554686,9492.220743815104,8851.187654622396,8875.8427734375,393126.0
2020-04-27,9147.048848157052,9837.392157451923,9122.39372996795,9615.49609375,630782.0
2020-04-28,9566.18546875,9689.4610546875,9147.0484765625,9245.6689453125,223948.0
2020-04-29,9418.2546831837,9418.2546831837,8900.497226778314,8925.15234375,156352.0
2020-05-04,8777.223052226027,9319.635712756848,8777.223052226027,8999.119140625,165590.0
2020-05-06,9171.704159902598,9788.082127637987,9122.393922483767,9492.220703125,339116.0
2020-05-07,9837.392473493304,10404.460210060586,9221.014498963648,9664.806640625,885878.0
2020-05-08,9566.185619934538,9936.012383591802,9368.944679317332,9886.7021484375,325082.0
2020-05-11,10207.218720332277,10355.14942642405,9738.771484375,9738.771484375,385150.0
2020-05-12,9862.04675572519,9960.667223282444,9418.254651717558,9689.4609375,190004.0
2020-05-13,9467.564885496184,9812.736521946565,9467.564885496184,9689.4609375,83222.0
2020-05-14,9812.737916861008,10083.944241196361,9738.772555678637,9911.3583984375,190816.0
2020-05-15,10108.59852376706,10626.356009130737,9936.0126953125,9936.0126953125,526286.0
2020-05-18,10231.874377192284,10256.529496173469,9615.496402662628,9664.806640625,165306.0
2020-05-19,9566.18621478303,9615.496453003563,9048.428713467454,9516.8759765625,275506.0
2020-05-20,9566.186980498722,9640.15234375,9418.256253996164,9640.15234375,76662.0
2020-05-21,9615.496296672078,9615.496296672078,9467.565584415584,9492.220703125,54026.0
2020-05-22,9492.22048201651,9566.185836421833,9048.428355584569,9147.048828125,160094.0
2020-05-25,9196.358977235639,9442.91015625,9023.773151925587,9442.91015625,114938.0
2020-05-26,9541.530989755112,9541.530989755112,9245.669563716194,9344.2900390625,81292.0
2020-05-27,9344.289773205863,9418.255127611186,9122.393709989892,9147.048828125,89270.0
2020-05-28,9147.04923930921,9221.014597039473,8703.257092927632,8900.498046875,144260.0
2020-05-29,9048.42935180664,9048.42935180664,8506.016693115234,8678.6025390625,117756.0
2020-06-01,8604.635823118093,9023.77281163674,8604.635823118093,8925.15234375,78906.0
2020-06-02,8900.498255354634,8949.808494996489,8752.567536429073,8777.22265625,117500.0
2020-06-03,8875.843233471074,9122.394434400827,8826.532993285124,8949.80859375,80204.0
2020-06-04,9073.083723958332,9073.083723958332,8826.532535807291,8875.8427734375,43320.0
2020-06-05,8999.118778053014,9393.600697090955,8999.118778053014,9097.7392578125,134980.0
2020-06-08,9097.738899128686,9245.669612935657,8949.808185321715,9196.359375,60188.0
2020-06-09,9171.703833276099,9245.669186770261,8875.84241929945,8974.462890625,75136.0
2020-06-10,8974.463404605263,9122.39412006579,8900.498046875,8900.498046875,34866.0
2020-06-11,8875.8427734375,8999.11836751302,8752.567179361979,8875.8427734375,59564.0
2020-06-12,8579.98093616453,8949.80770065438,8136.188818776709,8653.9462890625,84792.0
2020-06-15,8629.29203684737,8752.56763737376,8062.224274425971,8086.87939453125,91842.0
2020-06-16,8333.429647756177,8506.015468863554,8259.464295853015,8481.3603515625,34318.0
2020-06-17,8333.429647756177,8579.980820766714,8259.464295853015,8481.3603515625,46168.0
2020-06-18,8481.360662030347,8629.291371251806,8432.050425623194,8530.6708984375,30086.0
2020-06-19,8530.671512276786,8629.2919921875,8382.740792410714,8629.2919921875,28766.0
2020-06-22,8777.222550101902,9245.669821034307,8653.946952488111,9073.083984375,168444.0
2020-06-23,9048.429382491438,9171.704987157535,8752.567931292808,8999.119140625,97382.0
2020-06-24,9097.739103897758,9097.739103897758,8900.498147715693,9073.083984375,83696.0
2020-06-25,9073.083493589744,10330.494521233975,8999.118139022436,9615.49609375,1620708.0
2020-06-26,9886.702278475848,9960.667632180157,9368.944802545691,9442.91015625,339766.0
2020-06-29,9442.910311381022,9788.081967671711,9270.324483235676,9467.5654296875,157624.0
2020-06-30,9541.530627855744,9738.771571067231,9171.703859334204,9442.91015625,156636.0
2020-07-01,9516.876397315493,9541.531517515792,9171.704714511303,9270.3251953125,87330.0
2020-07-02,9368.945676113697,9368.945676113697,9196.359834711602,9270.3251953125,128280.0
2020-07-03,9368.944846236738,9368.944846236738,9221.014138138262,9294.9794921875,45476.0
2020-07-06,9418.254651717558,10059.287690839696,9418.254651717558,9689.4609375,310098.0
2020-07-07,9837.392999879497,9985.323721682198,9566.186676574549,9590.841796875,145924.0
2020-07-08,9590.841535644531,9936.013210449219,9516.876176757813,9862.0478515625,182254.0
2020-07-09,9862.047295232274,10231.874068803483,9788.081940518032,10083.943359375,328478.0
2020-07-10,10108.599267797084,11094.804074411435,10108.599267797084,10996.18359375,1225646.0
2020-07-13,11094.803659539473,11316.699732730263,10848.252467105263,11242.734375,511268.0
2020-07-14,11119.45797390408,11612.560323079428,10552.390272352432,10651.0107421875,656542.0
2020-07-15,10675.666170884937,10946.872470838134,10453.770107286866,10700.3212890625,269866.0
2020-07-16,10700.320977105035,10823.596564398871,10330.494215223525,10651.0107421875,198780.0
2020-07-17,10798.941446940104,10798.941446940104,10379.804450141059,10651.0107421875,159038.0
2020-07-20,10798.9423828125,11341.355013912671,10651.011665239726,10798.9423828125,480250.0
2020-07-21,10996.183130819696,11020.838249947094,10749.63193954571,10922.2177734375,152270.0
2020-07-22,10798.941825713087,11218.078837213367,10700.321352418903,11020.837890625,188070.0
2020-07-23,11020.838150326235,11316.699577180632,10872.907436899039,11218.0791015625,228294.0
2020-07-24,11094.803817958049,11267.389655126284,10700.321904430652,10798.9423828125,163720.0
2020-07-27,10798.94259255918,10946.873313005197,10626.356752038828,10675.6669921875,107946.0
2020-07-28,10651.011617647058,10700.321856617646,10429.11554227941,10478.42578125,85276.0
2020-07-29,10503.081325301206,10552.39156626506,10207.219879518072,10231.875,73522.0
2020-07-30,10404.460843373494,10404.460843373494,10059.289156626506,10231.875,74824.0
2020-07-31,10305.840361445784,10330.495481927712,10157.909638554218,10231.875,55424.0
2020-08-03,10207.218793083639,10231.873910941329,9862.04714307598,10059.2880859375,114068.0
2020-08-04,10108.59832165288,10231.873910941329,9936.01249664905,10059.2880859375,104730.0
2020-08-05,10059.288950892857,10478.425990513393,10034.633830915178,10355.150390625,105816.0
2020-08-06,10355.149926933454,10429.115283554407,10207.219213691547,10281.1845703125,53212.0
2020-08-07,10231.874692607445,10379.805411054782,10108.599093901332,10182.564453125,78634.0
2020-08-10,10108.599093901332,10281.184932089891,10009.97861493644,10182.564453125,58148.0
2020-08-11,10182.56367522595,10256.52902879902,10059.2880859375,10059.2880859375,36206.0
2020-08-12,10256.529856220657,10996.183451621186,10231.874736373973,10503.0810546875,253650.0
2020-08-13,10675.666360994665,10675.666360994665,10108.5986328125,10108.5986328125,87422.0
2020-08-14,10231.874163649243,10281.184400582493,9763.426912783374,9788.08203125,104832.0
2020-08-18,9763.426781502696,10108.598435394206,9097.738591854784,9147.048828125,105706.0
2020-08-19,9097.7385480562,9566.185790368037,9097.7385480562,9294.9794921875,53838.0
2020-08-20,9319.635128741196,9541.531203235036,8629.291785871479,8752.5673828125,162646.0
2020-08-21,8752.567179361979,8925.153011067709,8629.291585286457,8875.8427734375,58102.0
2020-08-24,9073.084503424658,9073.084503424658,8703.25768942637,8999.119140625,53248.0
2020-08-25,8999.118271694388,9171.7041015625,8925.152916036626,9171.7041015625,49020.0
2020-08-26,9270.324396306818,9960.667702414772,9147.048805930397,9763.4267578125,255702.0
2020-08-27,9763.4267578125,10157.908647017046,9566.185813210228,9763.4267578125,203590.0
2020-08-28,10108.59845753205,10108.59845753205,9615.49609375,9615.49609375,96668.0
2020-08-31,9566.18574575718,9763.426688968668,9245.66921303851,9442.91015625,66708.0
2020-09-01,9393.601105220734,9418.256226231813,9147.049895109954,9319.6357421875,58290.0
2020-09-02,9566.185857371795,9640.151211939103,9467.565384615385,9615.49609375,49544.0
2020-09-03,9763.426802884616,9763.426802884616,9492.220502804488,9615.49609375,46014.0
2020-09-04,9023.773194006963,9516.875554335213,9023.773194006963,9294.9794921875,73290.0
2020-09-07,9467.5659375,9936.013210449219,9442.910817871094,9862.0478515625,150644.0
2020-09-08,10355.150082236842,12105.663548519737,9960.668174342105,11242.734375,2432508.0
2020-09-09,10872.907485384187,11341.354746659243,10601.701176224944,11070.1484375,561368.0
2020-09-10,11292.044512887287,11957.732726529113,10946.872846554488,11538.595703125,1091368.0
2020-09-11,11439.975222717148,11538.595698775056,11020.838199471047,11070.1484375,270298.0
2020-09-14,10996.182915391899,11045.493152680652,10552.390779793122,10577.0458984375,282034.0
2020-09-15,10601.700579353932,11045.492696629213,10379.804520716292,10971.52734375,313116.0
2020-09-16,10848.252155172413,11094.803340517241,10527.735614224139,10724.9765625,253596.0
2020-09-17,10601.70137867647,11168.769126838235,10355.150183823529,10478.42578125,342140.0
2020-09-18,10453.770197719194,10675.666263236819,10330.494605764958,10404.4599609375,110748.0
2020-09-21,10305.84032474347,10453.771047108208,9763.42767607276,9911.3583984375,133778.0
2020-09-22,10231.874645996093,10256.529765625,9714.117133789063,9862.0478515625,133338.0
2020-09-23,9960.667543512658,10108.59824960443,9492.220307555379,9738.771484375,89304.0
2020-09-24,9492.221277115194,9640.151998316987,9073.084233710106,9270.3251953125,109376.0
2020-09-25,9418.254765625,9492.2201171875,9122.393359375,9245.6689453125,75668.0
2020-09-28,9467.565584415584,9516.875821834416,9245.669516030845,9492.220703125,39040.0
2020-09-29,9492.221617247442,9640.15234375,9442.911375079922,9640.15234375,59056.0
2020-10-05,9714.116878587372,9714.116878587372,9418.255450813138,9664.806640625,32686.0
2020-10-06,9664.806438916876,9911.357623583122,9566.185965050377,9788.08203125,83986.0
2020-10-07,9689.461862664473,9837.392578125,9640.151624177632,9837.392578125,35084.0
2020-10-08,9886.702661255496,10009.97825553549,9763.427066975502,9812.7373046875,40172.0
2020-10-12,9837.391913283198,9985.322618746104,9714.116325397445,9886.7021484375,43284.0
2020-10-13,9886.702348188921,9911.357466264204,9738.771639737215,9763.4267578125,50586.0
2020-10-14,9615.496708439086,9862.04790609137,9590.841588673857,9714.1171875,53690.0
2020-10-15,9664.806947969542,9812.737666560914,9467.565989847715,9714.1171875,94680.0
2020-10-16,9640.151521643815,9837.392473493304,9393.60033183195,9664.806640625,56954.0
2020-10-19,9960.667223282444,11094.80260019084,9640.150703721374,9689.4609375,562660.0
2020-10-20,9714.116366693037,9911.357308148734,9516.875425237342,9738.771484375,71410.0
2020-10-21,9862.0478515625,9936.013210449219,9738.772253417968,9862.0478515625,62796.0
2020-10-22,9911.357190318944,9960.66742509665,9516.875312097294,9566.185546875,46440.0
2020-10-23,9590.84154312254,9689.462021715059,9393.6005859375,9393.6005859375,36582.0
2020-10-26,9418.255497488079,9418.255497488079,8875.842877213896,9048.4287109375,126358.0
2020-10-27,8875.842377533783,9147.048672402872,8875.842377533783,9122.3935546875,41132.0
2020-10-28,9048.429113509806,9270.3251953125,9048.429113509806,9270.3251953125,17846.0
2020-10-29,8925.152612964526,9344.289614125844,8925.152612964526,9122.3935546875,28896.0
2020-10-30,9221.014025548986,9344.289614125844,9023.773083826014,9122.3935546875,27822.0
2020-11-02,9122.394474110704,9319.635435713099,8974.463752908909,9270.3251953125,14884.0
2020-11-03,9319.6357421875,9467.566468253968,9245.670379154266,9319.6357421875,30344.0
2020-11-04,9442.910670230263,9442.910670230263,9319.635074013158,9368.9453125,23266.0
2020-11-05,9442.910670230263,9566.186266447368,9245.669716282895,9368.9453125,52638.0
2020-11-06,9368.945984209657,9442.91134724289,9270.325500165345,9319.6357421875,27614.0
2020-11-09,9368.944802545691,9516.875509954307,9319.63456674282,9442.91015625,51180.0
2020-11-10,9442.910405640961,9442.910405640961,9147.048983009912,9171.7041015625,70836.0
2020-11-11,9171.703946260108,9196.359064395216,9122.393709989892,9147.048828125,37672.0
2020-11-12,9294.979694325437,9294.979694325437,9147.048983009912,9171.7041015625,35370.0
2020-11-13,9147.049290294954,9221.0146484375,8974.46345462901,9221.0146484375,56182.0
2020-11-16,9221.014954911901,9344.290555913398,9171.704714511303,9270.3251953125,47770.0
2020-11-17,9294.9791796875,9368.94453125,9147.0484765625,9245.6689453125,27978.0
2020-11-18,9245.6700751122,9294.9803155128,9171.704714511303,9270.3251953125,33484.0
2020-11-19,9368.944607764175,9714.11625120812,9245.66902081991,9566.185546875,197486.0
2020-11-20,9566.186059253247,9566.186059253247,9368.945109577922,9492.220703125,57974.0
2020-11-23,9418.25565245478,9566.186369509043,9418.25565245478,9541.53125,48746.0
2020-11-24,9393.599725153028,9590.840664263853,9393.599725153028,9566.185546875,33938.0
2020-11-25,9516.875554335213,9541.530672351624,9147.048784089026,9294.9794921875,111188.0
2020-11-26,9294.980151491116,9862.04790609137,9221.01479219543,9714.1171875,182882.0
2020-11-27,9788.082759278599,9788.082759278599,9467.56619537275,9590.841796875,70718.0
2020-11-30,9689.461810334358,9689.461810334358,9492.220857452234,9516.8759765625,42582.0
2020-12-01,9418.25565245478,9664.80684754522,9368.945413436692,9541.53125,51518.0
2020-12-02,9615.496608527132,9615.496608527132,9442.910771963823,9541.53125,46676.0
2020-12-03,9566.186980498722,9714.117707001278,9467.566496163683,9640.15234375,67532.0
2020-12-04,9566.186164700255,9689.461759606187,9516.875926737883,9664.806640625,78600.0
2020-12-07,9738.771684695514,9738.771684695514,9516.875620993591,9615.49609375,35128.0
2020-12-08,9615.496139526367,9615.496139526367,9418.255193074543,9467.5654296875,49150.0
2020-12-09,9418.2548828125,9541.530470283868,9270.324177846858,9418.2548828125,65604.0
2020-12-10,9294.979295341132,9418.2548828125,9221.013942858312,9418.2548828125,29758.0
2020-12-11,9393.6005859375,9393.6005859375,9319.63522699311,9393.6005859375,32086.0
2020-12-14,9467.565633245382,9467.565633245382,9245.669563716194,9344.2900390625,37962.0
2020-12-15,9270.324835526317,9541.531147203948,9270.324835526317,9368.9453125,55838.0
2020-12-16,9640.1517824188,9738.77226101132,9344.29034664124,9393.6005859375,86782.0
2020-12-17,9418.256226231813,9418.256226231813,9294.980621176423,9319.6357421875,38052.0
2020-12-18,9319.634920225924,9344.2900390625,9171.704207206465,9344.2900390625,56116.0
2020-12-21,9393.600381011172,9615.496453003563,9368.945261900906,9516.8759765625,131184.0
2020-12-22,9418.255916514296,9516.876397315493,9147.049594311004,9270.3251953125,95782.0
2020-12-23,9270.3251953125,9393.600796313996,9147.049594311004,9270.3251953125,87026.0
2020-12-24,9196.359834711602,9294.9803155128,9097.739353910405,9270.3251953125,73608.0
2020-12-28,9270.324887199198,9270.324887199198,9097.739051533255,9221.0146484375,94168.0
2020-12-29,9245.669060352584,9492.22023529532,9196.358825364037,9418.2548828125,73450.0
2020-12-30,9442.910825233761,9442.910825233761,9319.63522699311,9393.6005859375,45892.0
2021-01-04,9368.9453125,9418.255550986842,9319.635074013158,9368.9453125,39586.0
2021-01-05,9270.324835526317,9442.910670230263,9245.669716282895,9368.9453125,72262.0
2021-01-06,9294.9803155128,9368.945676113697,9245.6700751122,9270.3251953125,42712.0
2021-01-07,9294.98010734498,9393.6005859375,9245.66986804872,9393.6005859375,60202.0
2021-01-08,9418.255082269563,9418.255082269563,9221.014138138262,9294.9794921875,56948.0
2021-01-11,9270.32441880054,9294.979536935647,9023.77323744946,9147.048828125,85372.0
2021-01-12,9147.049030908469,9147.049030908469,8925.152962773223,9023.7734375,56532.0
2021-01-13,9073.08336195055,9097.738479781938,8974.462890625,8974.462890625,45632.0
2021-01-14,8875.843535958904,8999.119140625,8875.843535958904,8999.119140625,32756.0
2021-01-15,8999.119140625,8999.119140625,8925.153777825342,8999.119140625,27896.0
2021-01-18,8875.842618384402,8999.118210306407,8752.567026462395,8851.1875,50682.0
2021-01-19,8851.187758110524,9048.4287109375,8727.912162593664,9048.4287109375,48566.0
2021-01-20,9221.014544661102,9270.324782867847,8801.877519903781,9048.4287109375,137036.0
2021-01-21,9097.738793545082,9097.738793545082,8875.842725409835,9023.7734375,38658.0
2021-01-22,8999.119140625,9023.77426155822,8851.188415025685,8999.119140625,31664.0
2021-01-25,9147.048828125,9147.048828125,8949.807883044137,9147.048828125,42244.0
2021-01-26,9171.703790118243,9196.358907833615,9023.773083826014,9122.3935546875,24262.0
2021-01-27,9048.428605143228,9122.393961588541,8875.8427734375,8875.8427734375,41900.0
2021-01-28,8629.29143454039,8900.497736768802,8629.29143454039,8851.1875,31136.0
2021-01-29,8974.463457306338,8974.463457306338,8555.326427706867,8752.5673828125,68764.0
2021-02-01,8925.153011067709,9023.773486328124,8777.222298177083,8875.8427734375,31380.0
2021-02-02,8875.84241929945,8999.118008456388,8826.532183636677,8974.462890625,24174.0
2021-02-03,8974.463506283966,9073.083984375,8875.843028192934,9073.083984375,27360.0
2021-02-04,9073.084137872629,9122.394377752371,8949.808538173273,9097.7392578125,44790.0
2021-02-05,9023.773591834128,9122.394068247615,8949.808234524013,9048.4287109375,33248.0
2021-02-08,9147.049594311004,9294.9803155128,9023.773993309507,9270.3251953125,58972.0
2021-02-09,9270.3251953125,9393.600796313996,9171.704714511303,9270.3251953125,38324.0
2021-02-10,9221.014138138262,9344.289728220325,9221.014138138262,9294.9794921875,31368.0
2021-02-15,9368.945157899077,9368.945157899077,9245.669563716194,9344.2900390625,42982.0
2021-02-16,9368.944868607954,10009.97793856534,9344.289750532671,9763.4267578125,282500.0
2021-02-17,9911.357780111495,9911.357780111495,9664.806591551507,9812.7373046875,75270.0
2021-02-18,9812.73672076353,9837.391838152384,9467.565077319588,9566.185546875,73624.0
2021-02-19,9590.841489018088,9590.841489018088,9270.324935400517,9541.53125,55258.0
2021-02-22,9467.565891472868,9640.151728036175,9442.910771963823,9541.53125,53404.0
2021-02-23,9615.495981560052,9615.495981560052,9270.324330939948,9442.91015625,57244.0
2021-02-24,9442.910564678285,9467.565683646113,9073.083780160858,9196.359375,76014.0
2021-02-25,9270.3240625,9368.94453125,9023.772890625,9245.6689453125,69640.0
2021-02-26,9023.7734375,9122.393912226775,8974.463200136612,9023.7734375,33820.0
2021-03-02,9048.428201541385,9196.358907833615,8974.462848395271,9122.3935546875,36816.0
2021-03-03,8974.463256513853,9368.945157899077,8974.463256513853,9344.2900390625,57686.0
2021-03-04,9171.703946260108,9319.634655070755,9122.393709989892,9147.048828125,36838.0
2021-03-05,8949.808081454918,9122.393912226775,8875.842725409835,9023.7734375,42060.0
2021-03-08,8999.118008456388,9097.738479781938,8777.221947973901,8974.462890625,46600.0
2021-03-09,8974.46401969178,8999.119140625,8727.912810359589,8999.119140625,42696.0
2021-03-10,9122.39412006579,9122.39412006579,8900.498046875,8900.498046875,23710.0
2021-03-11,8900.497423188026,8949.807658219537,8801.876953125,8801.876953125,29344.0
2021-03-12,8801.877065805289,8974.462890625,8801.877065805289,8974.462890625,38152.0
2021-03-15,9023.7734375,9023.7734375,8875.842725409835,9023.7734375,14018.0
2021-03-16,9023.7734375,9147.049030908469,8949.808081454918,9023.7734375,53280.0
2021-03-17,9048.428812771557,9245.669767818348,8925.153215867313,9221.0146484375,83488.0
2021-03-18,9245.669612935657,9245.669612935657,9097.738899128686,9196.359375,49724.0
2021-03-19,9073.083319256757,9147.048672402872,8999.117966110642,9122.3935546875,25714.0
2021-03-22,9122.394068247615,9171.70430645436,9023.773591834128,9048.4287109375,20982.0
2021-03-23,8999.118008456388,9023.773126287775,8900.497537130837,8974.462890625,18868.0
2021-03-24,9023.77281163674,9023.77281163674,8851.186992834944,8925.15234375,27750.0
2021-03-25,8900.498046875,8900.498046875,8801.877569901317,8900.498046875,21070.0
2021-03-26,8900.497736768802,8900.497736768802,8777.222144846797,8851.1875,32714.0
2021-03-29,8900.49835356405,9048.429074121901,8826.532993285124,8949.80859375,62066.0
2021-03-30,9085.21575249566,9085.21575249566,8761.632725694444,8960.7607421875,25580.0
2021-03-31,9035.433369221779,9035.433369221779,8811.41436006752,8985.6513671875,46738.0
2021-04-01,8985.651659094769,9259.45267917799,8960.760657269022,9159.888671875,97550.0
2021-04-02,9209.670675526495,9259.45267917799,9060.324664572012,9159.888671875,46988.0
2021-04-05,9110.106146043347,9309.23414923555,9035.433144846269,9259.4521484375,53214.0
2021-04-06,9184.779741957105,9309.234752010725,9060.324731903485,9284.34375,44310.0
2021-04-07,9184.779360351562,10279.983403320311,9184.779360351562,9956.400390625,383030.0
2021-04-08,9831.945237379807,10155.528245192307,9707.490234375,9707.490234375,165372.0
2021-04-09,9782.163671395117,10180.419698729269,9607.926659436425,10130.6376953125,193130.0
2021-04-12,10105.7466796875,10678.239718191964,10105.7466796875,10454.220703125,235662.0
2021-04-13,10454.220772058823,10653.348786764705,10304.874761029412,10578.67578125,101168.0
2021-04-14,10628.45778492647,10703.130790441177,10404.438768382353,10578.67578125,56742.0
2021-04-15,10479.111102047285,10553.784102774463,10304.874100350537,10429.3291015625,40972.0
2021-04-16,10354.656100835322,10504.002102289678,10304.874100350537,10429.3291015625,65216.0
2021-04-19,10329.765544196956,10553.784555998818,10205.310537640367,10528.8935546875,92904.0
2021-04-20,10578.67578125,10578.67578125,10354.656764705882,10578.67578125,39306.0
2021-04-21,10578.675797842081,10603.566799719356,10080.855760296572,10255.0927734375,87450.0
2021-04-22,10230.201468581789,10404.4384765625,10105.74646288128,10404.4384765625,32168.0
2021-04-23,10304.874394806338,10628.45740720364,10304.874394806338,10603.56640625,84590.0
2021-04-26,10728.021565178044,10752.912566489362,10379.547546819593,10528.8935546875,50230.0
2021-04-27,10528.893023947012,10528.893023947012,10205.310023211052,10304.8740234375,51040.0
2021-04-28,10304.874707271192,10379.547712396346,10031.073688478962,10130.6376953125,63618.0
2021-04-29,10354.656710687961,10354.656710687961,9881.727678228655,10130.6376953125,63596.0
2021-04-30,10205.31060619889,10802.694641683704,9931.509589935018,10653.3486328125,177438.0
2021-05-03,10752.9121875,11375.187198350694,10628.45718532986,11200.9501953125,241992.0
2021-05-04,11151.168791574279,11275.623800408814,10777.803765070676,11225.841796875,119558.0
2021-05-06,11200.950046564569,11350.29604718543,11001.822045736755,11275.623046875,67792.0
2021-05-07,11176.0595703125,11275.623575393234,11076.495565231764,11176.0595703125,45260.0
2021-05-10,11076.49519314236,11250.732196180556,11001.822191840278,11200.9501953125,59330.0
2021-05-11,11200.95054751537,12868.647629034323,11001.822537781762,12146.80859375,929642.0
2021-05-12,11947.680746822034,12146.808759269068,11474.75171726033,11748.552734375,158578.0
2021-05-13,11375.187493766622,11873.007515375664,11151.168484042553,11698.7705078125,94250.0
2021-05-14,11698.7705078125,11773.443511053856,11549.424501329788,11698.7705078125,62554.0
2021-05-17,11698.770650227865,12445.500691731771,11698.770650227865,11947.6806640625,138934.0
2021-05-18,11947.680360721442,12420.609375,11873.007358466934,12420.609375,163802.0
2021-05-20,12445.500578703704,13590.486631944445,12445.500578703704,13441.140625,590766.0
2021-05-21,13291.79476911662,13665.15979072102,13017.993753273393,13366.4677734375,310550.0
2021-05-24,13366.467927054073,14013.633971939373,13291.794921875,13291.794921875,384262.0
2021-05-25,13540.704854704798,13665.15986256054,13291.794838993312,13490.9228515625,150584.0
2021-05-26,13490.922252228114,13938.960260604694,13466.031251762748,13789.6142578125,117910.0
2021-05-27,13938.960551533219,14760.363584034283,13938.960551533219,14611.017578125,202654.0
2021-05-28,14810.145571772662,15581.7666015625,14611.017564084963,15581.7666015625,212106.0
2021-05-31,15631.548598884976,16925.88064847418,15606.657597931338,15905.349609375,403886.0
2021-06-01,15905.349529474432,16428.060546875,15233.292507102273,16428.060546875,111014.0
2021-06-02,16278.715094866073,17423.701171875,16278.715094866073,17423.701171875,186022.0
2021-06-03,17672.610576501054,18269.994595988413,17423.700568381322,17722.392578125,178284.0
2021-06-04,17722.3933318662,17921.521346830985,17149.90028884243,17672.611328125,116830.0
2021-06-07,17622.828179253473,17697.50118001302,15980.022162543402,16129.3681640625,234616.0
2021-06-08,16054.695463091413,16353.387471707068,15009.273432936625,15980.0224609375,263752.0
2021-06-09,15780.894676824533,16303.605699243013,15681.330672554348,16029.8046875,109238.0
2021-06-10,16004.913686432454,16403.1697035132,15756.003675756987,16029.8046875,53028.0
2021-06-11,16029.804609614648,16452.95162570696,15457.311587842696,16228.9326171875,143460.0
2021-06-14,16079.586236572266,16179.15023803711,15631.54822998047,15930.240234375,91400.0
2021-06-15,15930.24069579288,15930.24069579288,14884.818650131472,15382.638671875,191892.0
2021-06-16,15059.055586001223,15457.311601498775,15059.055586001223,15258.18359375,51474.0
2021-06-17,15258.183292401505,15307.965293355506,14909.709285723493,15083.9462890625,71240.0
2021-06-18,15059.05536358173,15681.33037860577,15059.05536358173,15531.984375,65244.0
2021-06-21,15581.76651870265,16428.060546875,15531.984517045454,16428.060546875,136362.0
2021-06-22,16452.95154200073,17125.008564139942,16204.04153380102,17075.2265625,106886.0
2021-06-23,17075.227316337718,17349.028337445176,16900.990302905702,17025.4453125,98542.0
2021-06-24,17100.11711017687,17174.790110657992,16652.079107290137,16975.662109375,81142.0
2021-06-25,17025.44448650881,17199.681491487703,16826.31648081865,16950.771484375,62142.0
2021-06-28,16602.297400841348,16726.752403846152,15432.420372596154,16179.150390625,170452.0
2021-06-29,16029.8046875,16303.605699243013,15656.439671486802,16029.8046875,60490.0
2021-06-30,15880.458972374232,16428.06100590438,15880.458972374232,16204.0419921875,26344.0
2021-07-01,16179.150990663402,16278.714996759792,15830.676969326036,16204.0419921875,14850.0
2021-07-02,16428.06086071568,16502.733864628022,15780.894826808699,15955.1318359375,57956.0
2021-07-05,15830.676765650082,15955.131771669343,15208.401735553773,15507.09375,67338.0
2021-07-06,15531.984231431854,16577.406247009,15432.420229948317,16253.8232421875,78948.0
2021-07-07,16527.624783320494,16527.624783320494,16029.804759726501,16154.259765625,26562.0
2021-07-08,16054.695540467272,16154.259543819007,14934.600502760253,15780.89453125,81086.0
2021-07-09,15780.894966277841,16652.080019621255,15531.984951036866,16204.0419921875,96176.0
2021-07-12,16204.041683185635,16751.64370627332,15880.45866954291,16676.970703125,105204.0
2021-07-13,16602.297546920556,17174.790565779884,16602.297546920556,17075.2265625,110370.0
2021-07-14,17149.900079330015,20410.621284543704,17000.554069930913,19365.19921875,1113612.0
2021-07-15,19838.128176038972,20111.929192270374,18966.943124393598,19240.744140625,295806.0
2021-07-16,19016.724459134613,20211.49248798077,18718.032451923078,19414.98046875,183768.0
2021-07-19,19166.07111428348,20186.602173615458,18966.943102706507,19887.91015625,123106.0
2021-07-20,19390.089751532232,20759.094804592918,19390.089751532232,20559.966796875,208324.0
2021-07-21,20584.85719096367,21132.45919604372,20111.928186576355,20211.4921875,136788.0
2021-07-22,20211.491871843435,20485.292870107325,19713.671875,19713.671875,112844.0
2021-07-23,19638.99940016386,20037.255408278714,19390.089395092073,19937.69140625,58196.0
2021-07-26,19813.23613031141,21904.080144062864,19813.23613031141,21381.369140625,323636.0
2021-07-27,21232.024211647727,21530.71622869318,20535.076171875,20535.076171875,121098.0
2021-07-28,20460.402493990383,21530.71551983173,20460.402493990383,20709.3125,125506.0
2021-07-29,21182.24127667916,21182.24127667916,20062.146262048653,20335.947265625,108004.0
2021-07-30,20161.710410814605,20410.62041588639,19863.018404728464,19937.69140625,70790.0
2021-08-02,19887.909780273436,20286.165795898436,19738.563774414062,19912.80078125,31248.0
2021-08-03,19788.345173843034,20211.492177560434,19340.307169906966,19564.326171875,76220.0
2021-08-04,19315.41689814815,20161.7109375,19315.41689814815,20161.7109375,45836.0
2021-08-05,20360.83803187344,20584.857032224125,19962.58203125,19962.58203125,56806.0
2021-08-06,20087.037109375,20111.928109510533,19614.108106799875,20087.037109375,42556.0
2021-08-09,19887.909184498152,20559.96619073276,19887.909184498152,20211.4921875,41854.0
2021-08-10,20584.857156027032,23148.63017545966,20410.62015470637,22675.701171875,459826.0
2021-08-11,22700.59325114025,23049.06727034635,21804.517201753137,21829.408203125,144136.0
2021-08-12,21854.299204496863,22800.15725662771,21655.17119352195,21829.408203125,124810.0
2021-08-13,22750.375400753946,22800.157403819052,21480.934322593712,22078.318359375,88730.0
2021-08-17,21630.279522235578,21829.40752704327,20037.25548377404,20062.146484375,220304.0
2021-08-18,20062.146860442546,20311.056871118013,19414.980832686335,20037.255859375,75656.0
2021-08-19,19912.80108627204,20261.275105281802,19639.0000713358,19763.455078125,65238.0
2021-08-20,19863.018553483354,20510.184571516646,19763.454550709,20186.6015625,115090.0
2021-08-23,20360.838188885467,20559.96619073276,19887.909184498152,20211.4921875,31966.0
2021-08-24,20684.421988731803,22227.6640625,20410.6209756439,22227.6640625,205050.0
2021-08-25,23895.361328125,28873.56160481771,23646.451314290367,23895.361328125,4783418.0
2021-08-26,24169.161583533652,27778.356670673078,23895.360576923078,26533.806640625,1945972.0
2021-08-27,26284.897590361445,26384.461596385543,24642.091490963856,24791.4375,489372.0
2021-08-30,24343.39926175459,25189.69330561927,24318.50826046445,24418.072265625,178468.0
2021-08-31,24169.162109375,24592.30912879763,23895.361096807414,24169.162109375,133128.0
2021-09-01,23994.92406154239,24368.2890625,23273.085059691013,24368.2890625,192940.0
2021-09-02,23920.25187957636,24542.526902458158,23721.123872254182,23795.796875,128230.0
2021-09-03,23795.796875,24044.706884152718,23422.43186127092,23795.796875,66294.0
2021-09-06,23795.796201648493,24666.981209031022,23571.77719975013,23970.033203125,86108.0
2021-09-07,23970.034100234938,24642.091131082645,23920.252097949924,24169.162109375,42740.0
2021-09-08,24169.162197779606,24243.835201480262,23397.541159539473,23646.451171875,65796.0
2021-09-09,23596.669644059806,23646.451647528287,22825.048590298356,23098.849609375,86332.0
2021-09-10,23098.849609375,23347.7596267174,22451.68356428475,23098.849609375,59848.0
2021-09-13,23098.84809602649,23248.194096647352,22451.682093336094,22551.24609375,54918.0
2021-09-14,22551.246692425273,23347.758716881795,22476.573690132474,22899.720703125,51572.0
2021-09-15,23049.06648177363,23546.886492179106,22849.93847761144,23173.521484375,52014.0
2021-09-16,23073.957253002183,23297.976255458514,22177.881243176857,22800.15625,85842.0
2021-09-17,22800.156401862852,23945.142422043737,22426.791395282125,23049.06640625,248364.0
2021-09-23,22700.592462546814,23024.175469140137,19863.018404728464,19937.69140625,563530.0
2021-09-24,19937.692781130878,20410.621823379923,19464.76373888183,19589.21875,174758.0
2021-09-27,19614.10847355769,20087.03748497596,19414.98046875,19414.98046875,69788.0
2021-09-28,19414.981107954543,20734.204183238635,18095.758032670456,20535.076171875,315066.0
2021-09-29,20037.25643608514,20211.493448572834,18792.706346887302,18966.943359375,125974.0
2021-09-30,18966.94261305894,19365.19862593157,18269.994590531842,18369.55859375,103700.0
2021-10-01,18668.251402948943,18668.251402948943,17672.611328125,17672.611328125,117928.0
2021-10-05,17224.572175202546,17423.70017722801,15880.458161530672,16129.3681640625,227880.0
2021-10-06,15905.349925970262,16826.316979586692,15233.292886844758,15432.4208984375,265732.0
2021-10-07,15332.856510416666,16577.40655184659,15332.856510416666,16428.060546875,162236.0
2021-10-08,16477.841742542092,17199.680731263725,16253.822746042277,17000.552734375,67740.0
2021-10-12,16627.188553503787,16975.662565104165,16004.913532788825,16428.060546875,53880.0
2021-10-13,16228.9326171875,16876.09864179927,15681.330596362155,16228.9326171875,100570.0
2021-10-14,16278.714826516543,17025.444864430145,16029.804813878676,16925.880859375,68878.0
2021-10-15,17224.573226950353,17722.393262411348,16801.426196808512,17548.15625,59670.0
2021-10-18,17548.154968436604,17647.718968257523,17050.33496933202,17373.91796875,50894.0
2021-10-19,18369.558762122844,18369.558762122844,17100.11770945582,17324.13671875,54048.0
2021-10-20,17523.26420056101,17921.520205119214,17050.33519514814,17747.283203125,33600.0
2021-10-21,17921.521133093524,17921.521133093524,17274.355092176258,17299.24609375,36308.0
2021-10-22,17274.355331688595,17622.82935855263,17025.4453125,17025.4453125,30478.0
2021-10-25,17025.44373398609,17249.462730485906,16602.296740597547,17000.552734375,30334.0
2021-10-26,17000.55400532156,17921.521059782608,16876.098997961955,17174.791015625,34122.0
2021-10-27,17149.900181982568,17199.682185413578,16328.497125370921,16776.53515625,73396.0
2021-10-28,16726.753012048193,16826.31701807229,16378.278990963856,16527.625,38926.0
2021-10-29,16552.514875374814,16876.09787293853,16278.713877436281,16602.296875,30130.0
2021-11-01,16428.06100590438,16876.099033338134,16179.150990663402,16204.0419921875,35916.0
2021-11-02,16079.58646230916,16652.079478769083,16054.695461593512,16303.60546875,33498.0
2021-11-03,16253.824079024105,16253.824079024105,15780.895047628304,16004.9140625,38292.0
2021-11-04,16054.695923430094,16303.60593774684,15531.984893364928,15756.00390625,36020.0
2021-11-05,15706.221231079102,15930.240234375,15432.420227050781,15930.240234375,32504.0
2021-11-08,15930.240384615385,16179.150390625,15457.311373197115,15855.5673828125,45278.0
2021-11-09,15855.5673828125,16129.368389423076,15531.984375,15855.5673828125,57128.0
2021-11-10,15880.458458065616,16154.2594659633,15581.766449449962,15980.0224609375,104756.0
2021-11-11,15756.003164594364,16876.098176295385,15731.112164334341,16452.951171875,60330.0
2021-11-12,16876.099106207126,17025.445115996572,16228.933063786204,16328.4970703125,62796.0
2021-11-15,16228.932922552245,16552.51594094669,15407.52987585865,16079.5869140625,163960.0
2021-11-16,16378.279196198453,17523.26527982327,16104.478176201215,16900.990234375,176044.0
2021-11-17,16726.753172588833,19863.019392449238,16726.753172588833,19614.109375,490600.0
2021-11-18,19912.80048076923,20559.96649639423,19464.762469951922,20062.146484375,280084.0
2021-11-19,20062.14693287037,20435.51195023148,19514.54490740741,20161.7109375,126800.0
2021-11-22,19962.583034690368,20111.929042431195,18120.648939220184,18991.833984375,123662.0
2021-11-23,18668.250064300413,19016.724065500686,17921.520061728395,18145.5390625,85516.0
2021-11-24,18195.321140050237,19066.50614675579,17821.95613717643,18269.994140625,70216.0
2021-11-25,18294.885727046996,19713.672783430233,18120.64872012274,19265.634765625,134190.0
2021-11-26,19265.635450619295,19564.32747310952,18668.251405638854,19091.3984375,72032.0
2021-11-29,18294.88551445158,19340.307543848816,18120.648509552044,18892.26953125,86044.0
2021-11-30,19066.506135240114,19688.781139653955,17448.591123764127,17622.828125,185110.0
2021-12-01,17797.06647406684,17921.521484375,16851.208395724825,17921.521484375,74654.0
2021-12-02,17548.15508462708,20087.037096870998,17548.15508462708,19439.87109375,335214.0
2021-12-03,19863.018631329112,19937.691633702532,19016.72460443038,19663.890625,175632.0
2021-12-06,19439.871316964283,20186.60132913961,18842.487307224026,19166.0703125,132354.0
2021-12-07,18917.161665013227,19141.18068473049,18543.796632151127,18817.59765625,85626.0
2021-12-08,18792.705306412336,19514.54431818182,18543.795302353894,19166.0703125,157082.0
2021-12-09,19166.070920596965,19315.41692777045,18867.37890625,18867.37890625,66778.0
2021-12-10,18792.704999999998,18991.833,18444.231,18668.25,49928.0
2021-12-13,18892.270214324304,18917.161215924203,18494.014188725898,18718.033203125,58204.0
2021-12-14,19987.47420933735,20485.29423945783,18444.232115963856,18593.578125,565480.0
2021-12-15,18593.57830345812,19813.23738895939,18070.86726681472,19614.109375,244018.0
2021-12-16,19589.21762262658,20186.601641613925,19464.762618670884,19663.890625,221482.0
2021-12-17,19166.069937581062,19638.998936040854,19066.505937905316,19190.9609375,84498.0
2021-12-20,19190.96173525528,21356.478818221833,19190.96173525528,21207.1328125,922456.0
2021-12-21,22576.137545072113,22576.137545072113,19838.127478966348,20062.146484375,804416.0
2021-12-22,20087.03793402778,20559.966956018518,19863.01892361111,20161.7109375,91674.0
2021-12-23,20186.601717275942,20186.601717275942,19738.56370135613,19788.345703125,95494.0
2021-12-24,19589.218474983703,19713.67348435463,18817.597416883964,19091.3984375,192852.0
2021-12-27,19091.397306052586,19091.397306052586,18444.231295677924,18518.904296875,100608.0
2021-12-28,18518.904745989305,18718.032754010695,18245.103734959892,18618.46875,116710.0
2021-12-29,18817.595938715953,19663.889935959793,18668.249939202335,19190.9609375,86768.0
2021-12-30,19066.50660601266,19962.58263449367,19066.50660601266,19663.890625,151856.0
2022-01-04,19813.23772870541,20460.403785170663,19663.89171567497,20236.384765625,114084.0
2022-01-05,20335.947336781566,20335.947336781566,19166.07031740735,19813.236328125,82764.0
2022-01-06,19240.74406941732,19688.782094319664,19066.507059733074,19116.2890625,112168.0
2022-01-07,19116.288015463917,19514.544015786083,19116.288015463917,19315.416015625,35188.0
2022-01-10,19066.507225523605,19166.071231923204,18593.5781951255,18718.033203125,45010.0
2022-01-11,18718.03192114094,18917.159920302012,18120.647923657718,18543.794921875,75084.0
2022-01-12,18668.25074188469,20510.18481508398,18568.686737927972,19265.634765625,311952.0
2022-01-13,19265.634539211784,19813.236554538216,18693.141523188693,19539.435546875,59144.0
2022-01-14,19414.980160361843,19514.54416118421,18917.16015625,18917.16015625,56870.0
2022-01-17,18892.26945612981,19315.416466346152,18543.795447716348,18767.814453125,42528.0
2022-01-18,18767.81527617239,19041.61629479029,18494.014257554492,18842.48828125,55498.0
2022-01-19,18742.922881155304,19937.690873579548,18469.121882891413,19713.671875,145358.0
2022-01-20,19738.56414756727,20286.166179403943,19116.289111389236,19887.91015625,87850.0
2022-01-21,19813.237562742877,20161.711590228304,19116.28950777202,19215.853515625,61414.0
2022-01-24,19315.416,19315.416,18319.775999999998,18668.25,77136.0
2022-01-25,18543.79642955044,18767.815446820176,18294.88641036184,18444.232421875,62778.0
2022-01-26,18344.66841419956,18817.597450657893,18294.88641036184,18444.232421875,28624.0
2022-01-27,18319.777232142857,18543.796247209822,17274.355161830357,17423.701171875,110958.0
2022-01-28,17448.592575449486,18568.687676583904,17448.592575449486,18170.431640625,56508.0
2022-02-03,18518.904735949614,19937.69179233285,18518.904735949614,19265.634765625,160308.0
2022-02-04,19390.089093509923,19663.890094830345,19091.397092069463,19439.87109375,45286.0
2022-02-07,19663.890625,20111.928639240505,19315.41661392405,19663.890625,68078.0
2022-02-08,19489.654083251953,19589.21808878581,18767.81504313151,19116.2890625,56488.0
2022-02-09,19315.416179187192,20360.838188885467,19016.724176416257,20211.4921875,204974.0
2022-02-10,20311.057323856614,20311.057323856614,19738.564286542027,20136.8203125,76274.0
2022-02-11,19838.127478966348,20360.83849158654,19340.307466947113,19414.98046875,66578.0
2022-02-14,19390.08962673611,19390.08962673611,18344.66759294546,18369.55859375,105206.0
2022-02-15,18469.12244591346,18593.57744891827,17971.30243389423,18120.6484375,66676.0
2022-02-16,18618.468153782895,19066.506157483553,18469.122152549342,18917.16015625,56958.0
2022-02-17,18942.051680347853,20410.62073309493,18419.34066157347,19141.1796875,204206.0
2022-02-18,18568.68658142815,21057.786659367575,18469.12257831057,20958.22265625,474354.0
2022-02-21,20510.185379464285,21431.15244140625,20311.05736607143,20908.44140625,259798.0
2022-02-22,20559.966723127283,20759.09473013094,20136.81970824452,20435.51171875,114708.0
2022-02-23,20559.96634542275,20684.421347513686,19962.582335386254,20460.40234375,77956.0
2022-02-24,20311.056416263604,20659.53042340538,19912.80040810157,20584.857421875,108374.0
2022-02-25,20609.748046875,22650.810051517212,18568.68604223279,20609.748046875,707020.0
2022-02-28,20385.729337606,20410.620338018216,19813.236328125,19813.236328125,69886.0
2022-03-02,19863.019225163247,20111.92924051617,19663.89121288091,20012.365234375,46458.0
2022-03-03,20012.364930555555,20261.27494212963,19863.01892361111,20161.7109375,46606.0
2022-03-04,20161.710791015623,20759.094814453125,19763.454775390626,19912.80078125,92800.0
2022-03-07,19912.799873737375,20062.145872790406,19464.761876578283,19713.671875,57088.0
2022-03-08,19713.67247596154,19713.67247596154,19190.961463341348,19414.98046875,57292.0
2022-03-10,19489.65467401295,19738.564695392422,19290.52665690937,19464.763671875,38144.0
2022-03-11,19464.763043064024,20609.74910442073,19464.763043064024,20410.62109375,140096.0
2022-03-14,20410.621164772725,21032.89620028409,20062.147144886363,20535.076171875,91176.0
2022-03-15,20709.3119510665,20709.3119510665,19763.453953301443,19838.126953125,65900.0
2022-03-16,20161.710561806412,20360.838567355117,19863.018553483354,20186.6015625,35574.0
2022-03-17,20236.384388916616,20385.730399166925,19937.692368416003,20261.275390625,35688.0
2022-03-18,20435.51126692549,20559.9662685511,20012.36426139841,20335.947265625,23638.0
2022-03-21,20335.94779785156,20335.94779785156,19813.23677734375,19912.80078125,48780.0
2022-03-22,20087.037788085938,20111.9287890625,19863.018779296875,19912.80078125,31332.0
2022-03-23,19912.801501820388,20659.531558138653,19838.12849618856,20510.185546875,96022.0
2022-03-24,20983.114440168152,21381.370467502304,19962.583370124386,20261.275390625,133828.0
2022-03-25,20161.710791015623,20261.274794921876,19763.454775390626,19912.80078125,55410.0
2022-03-28,19887.909632120252,20012.36463607595,19663.890625,19663.890625,51470.0
2022-03-29,19439.871989860585,19887.91001267427,19439.871989860585,19639.0,83474.0
2022-03-30,19650.0,19800.0,19600.0,19625.0,33890.0
2022-03-31,19625.0,20250.0,19350.0,20050.0,75716.0
2022-04-01,20075.0,20700.0,19825.0,19825.0,87016.0
2022-04-04,19825.0,19850.0,19550.0,19850.0,42424.0
2022-04-05,20000.0,20050.0,19700.0,19950.0,33632.0
2022-04-06,19825.0,20475.0,19750.0,20275.0,80412.0
2022-04-07,20375.0,20500.0,19950.0,20075.0,35078.0
2022-04-08,20025.0,20350.0,19700.0,19925.0,33690.0
2022-04-11,19925.0,20000.0,19625.0,19700.0,46182.0
2022-04-12,19700.0,19775.0,19600.0,19700.0,40476.0
2022-04-13,19975.0,19975.0,19500.0,19650.0,42762.0
2022-04-14,19650.0,19800.0,19400.0,19650.0,36574.0
2022-04-15,19675.0,20250.0,19400.0,19900.0,55324.0
2022-04-18,19825.0,20425.0,19825.0,19875.0,61984.0
2022-04-19,20050.0,20300.0,19850.0,20050.0,51862.0
2022-04-20,20050.0,22800.0,19875.0,21300.0,662914.0
2022-04-21,21400.0,22875.0,21000.0,22775.0,320778.0
2022-04-22,22500.0,24975.0,22425.0,24375.0,437926.0
2022-04-25,24150.0,24700.0,22975.0,23100.0,144472.0
2022-04-26,23350.0,23500.0,22575.0,22800.0,102650.0
2022-04-27,22450.0,22500.0,21175.0,21500.0,170030.0
2022-04-28,21525.0,21725.0,21100.0,21500.0,67478.0
2022-04-29,21500.0,21625.0,21275.0,21325.0,50958.0
2022-05-02,21025.0,21800.0,20725.0,21525.0,75352.0
2022-05-03,21375.0,21875.0,21050.0,21100.0,59114.0
2022-05-04,21125.0,21125.0,20350.0,20625.0,86754.0
2022-05-06,20250.0,20575.0,19750.0,20400.0,68956.0
2022-05-10,18600.0,19125.0,18000.0,18700.0,160348.0
2022-05-11,18725.0,19375.0,18400.0,19250.0,72072.0
2022-05-12,18925.0,19250.0,18025.0,18375.0,109422.0
2022-05-13,18400.0,18950.0,18375.0,18675.0,37368.0
2022-05-16,18675.0,19200.0,18600.0,18600.0,55956.0
2022-05-17,18400.0,18925.0,18400.0,18750.0,36728.0
2022-05-18,18750.0,19400.0,18700.0,19275.0,51450.0
2022-05-19,18575.0,19225.0,18500.0,18650.0,72544.0
2022-05-20,18925.0,19450.0,18650.0,19100.0,63246.0
2022-05-23,19150.0,19750.0,18750.0,19300.0,36036.0
2022-05-24,19100.0,19550.0,18925.0,19375.0,47226.0
2022-05-25,19375.0,19575.0,19125.0,19250.0,57002.0
2022-05-26,19250.0,19475.0,18650.0,18925.0,52362.0
2022-05-27,18875.0,19175.0,18450.0,18475.0,76600.0
2022-05-30,18450.0,19600.0,18450.0,19500.0,107938.0
2022-05-31,19275.0,20750.0,19275.0,20250.0,150980.0
2022-06-02,20000.0,20200.0,19650.0,19650.0,56428.0
2022-06-03,19675.0,19875.0,19225.0,19300.0,39620.0
2022-06-07,19300.0,19300.0,18700.0,18775.0,45758.0
2022-06-08,18600.0,19175.0,18575.0,18750.0,26632.0
2022-06-09,18950.0,18975.0,18675.0,18700.0,14542.0
2022-06-10,18700.0,18700.0,18200.0,18250.0,47146.0
2022-06-13,17900.0,17950.0,16125.0,17250.0,208600.0
2022-06-14,16375.0,17000.0,16200.0,16675.0,106036.0
2022-06-15,16500.0,16700.0,15275.0,15275.0,91880.0
2022-06-16,15550.0,16225.0,15125.0,15325.0,86438.0
2022-06-17,14700.0,15250.0,14225.0,15000.0,74352.0
2022-06-20,15050.0,15450.0,13750.0,13850.0,110112.0
2022-06-21,13850.0,14275.0,13600.0,14075.0,103592.0
2022-06-22,14475.0,14475.0,12125.0,13250.0,292568.0
2022-06-23,13000.0,13550.0,11725.0,11725.0,213384.0
2022-06-24,11650.0,12550.0,11650.0,12450.0,112814.0
2022-06-27,12750.0,13325.0,12725.0,12900.0,58014.0
2022-06-28,12800.0,12975.0,12575.0,12875.0,25842.0
2022-06-29,12575.0,12575.0,12025.0,12550.0,56792.0
2022-06-30,12550.0,12600.0,11600.0,11850.0,95270.0
2022-07-01,11925.0,12175.0,11150.0,11300.0,72222.0
2022-07-04,11575.0,11575.0,10950.0,11350.0,71122.0
2022-07-05,11400.0,12150.0,11400.0,11750.0,100566.0
2022-07-06,11700.0,11950.0,11400.0,11825.0,20284.0
2022-07-07,11825.0,12275.0,11700.0,12200.0,39544.0
2022-07-08,12400.0,12550.0,12150.0,12250.0,43024.0
2022-07-11,12100.0,12450.0,12075.0,12250.0,19066.0
2022-07-12,12075.0,12150.0,11700.0,11750.0,45124.0
2022-07-13,11725.0,11925.0,11550.0,11625.0,17194.0
2022-07-14,11500.0,12000.0,11375.0,11850.0,19860.0
2022-07-15,12250.0,12250.0,11500.0,11750.0,21492.0
2022-07-18,11975.0,12350.0,11800.0,12300.0,30764.0
2022-07-19,12300.0,12925.0,12100.0,12600.0,65048.0
2022-07-20,12850.0,12850.0,12525.0,12625.0,24326.0
2022-07-21,12825.0,12975.0,12550.0,12750.0,37878.0
2022-07-22,12925.0,13450.0,12725.0,13175.0,58320.0
2022-07-25,13250.0,13425.0,13025.0,13175.0,31908.0
2022-07-26,13175.0,13425.0,12700.0,13000.0,48978.0
2022-07-27,13000.0,13150.0,12750.0,13000.0,15152.0
2022-07-28,13150.0,13175.0,12875.0,13125.0,24486.0
2022-07-29,13125.0,13425.0,13000.0,13400.0,33592.0
2022-08-01,13425.0,13450.0,13200.0,13400.0,31486.0
2022-08-02,13400.0,13400.0,12575.0,13000.0,68564.0
2022-08-03,12975.0,13225.0,12775.0,13225.0,18670.0
2022-08-04,13350.0,13700.0,13150.0,13225.0,34292.0
2022-08-05,13400.0,13600.0,13100.0,13550.0,60694.0
2022-08-08,13500.0,13500.0,13075.0,13200.0,41450.0
2022-08-09,13175.0,13175.0,12725.0,12900.0,30268.0
2022-08-10,12850.0,12850.0,12275.0,12300.0,44144.0
2022-08-11,12625.0,12625.0,12375.0,12500.0,36780.0
2022-08-12,12550.0,12900.0,12350.0,12850.0,32436.0
2022-08-16,12950.0,12950.0,12200.0,12400.0,46532.0
2022-08-17,12300.0,12700.0,12050.0,12675.0,35534.0
2022-08-18,12475.0,12875.0,12300.0,12725.0,17170.0
2022-08-19,12700.0,12700.0,12100.0,12100.0,56880.0
2022-08-22,12100.0,12100.0,11650.0,11725.0,30590.0
2022-08-23,11700.0,11800.0,11400.0,11475.0,27832.0
2022-08-24,11525.0,11750.0,11425.0,11575.0,30554.0
2022-08-25,11575.0,11900.0,11575.0,11900.0,13512.0
2022-08-26,11975.0,12150.0,11825.0,11950.0,21702.0
2022-08-29,11525.0,11750.0,11225.0,11725.0,24446.0
2022-08-30,11725.0,12000.0,11500.0,11975.0,14980.0
2022-08-31,11975.0,12075.0,11800.0,12025.0,8930.0
2022-09-01,12025.0,12025.0,11600.0,11700.0,16078.0
2022-09-02,11925.0,11925.0,11350.0,11550.0,28386.0
2022-09-05,11550.0,11650.0,11175.0,11375.0,22888.0
2022-09-06,11275.0,11475.0,11175.0,11250.0,15876.0
2022-09-07,11225.0,11225.0,10500.0,10600.0,58360.0
2022-09-08,10625.0,10950.0,10625.0,10725.0,30188.0
2022-09-13,10750.0,11275.0,10750.0,11250.0,29180.0
2022-09-14,10925.0,11225.0,10725.0,11100.0,12356.0
2022-09-15,11125.0,11275.0,10900.0,11125.0,19366.0
2022-09-16,10875.0,11075.0,10550.0,11075.0,25362.0
2022-09-19,10900.0,11050.0,10450.0,10675.0,30348.0
2022-09-20,10575.0,10800.0,10325.0,10600.0,23006.0
2022-09-21,10275.0,10550.0,9925.0,10050.0,45940.0
2022-09-22,10000.0,10000.0,9275.0,9850.0,42622.0
2022-09-23,9775.0,9950.0,9300.0,9400.0,28456.0
2022-09-26,9175.0,9250.0,8525.0,8575.0,87426.0
2022-09-27,8575.0,8900.0,8425.0,8500.0,70016.0
2022-09-28,8375.0,8650.0,8200.0,8550.0,57088.0
2022-09-29,8800.0,9000.0,8600.0,8600.0,35136.0
2022-09-30,8375.0,8975.0,8350.0,8900.0,22366.0
2022-10-04,9025.0,9500.0,8900.0,9350.0,43982.0
2022-10-05,9500.0,9500.0,9100.0,9200.0,14176.0
2022-10-06,9425.0,9475.0,9125.0,9425.0,28184.0
2022-10-07,9425.0,9450.0,9100.0,9300.0,11396.0
2022-10-11,9025.0,9025.0,8725.0,8850.0,23744.0
2022-10-12,8600.0,8850.0,8500.0,8725.0,45802.0
2022-10-13,8725.0,8775.0,8125.0,8125.0,47052.0
2022-10-14,8250.0,8725.0,8250.0,8600.0,26942.0
2022-10-17,8500.0,8875.0,8325.0,8675.0,26312.0
2022-10-18,8750.0,8975.0,8750.0,8900.0,13382.0
2022-10-19,9150.0,9350.0,8900.0,8975.0,30452.0
2022-10-20,9075.0,9075.0,8475.0,8900.0,12006.0
2022-10-21,8750.0,8875.0,8625.0,8875.0,11576.0
2022-10-24,9100.0,9100.0,8750.0,8850.0,13200.0
2022-10-25,9000.0,9050.0,8775.0,9025.0,15274.0
2022-10-26,8950.0,9125.0,8950.0,9050.0,7772.0
2022-10-27,9050.0,9250.0,8975.0,9225.0,11074.0
2022-10-28,9150.0,9150.0,8850.0,8950.0,27868.0
2022-10-31,8950.0,8950.0,8725.0,8950.0,11848.0
2022-11-01,8875.0,9750.0,8725.0,9275.0,55356.0
2022-11-02,9150.0,9325.0,9025.0,9225.0,11820.0
2022-11-03,8925.0,9025.0,8800.0,8975.0,22166.0
2022-11-04,8950.0,8975.0,8700.0,8975.0,14096.0
2022-11-07,9000.0,9350.0,8800.0,9275.0,20274.0
2022-11-08,9250.0,9725.0,9150.0,9350.0,41228.0
2022-11-09,9400.0,9900.0,9400.0,9775.0,38686.0
2022-11-10,9575.0,9850.0,9500.0,9675.0,14496.0
2022-11-11,9850.0,10025.0,9375.0,9750.0,76224.0
2022-11-14,9700.0,9900.0,9300.0,9350.0,72970.0
2022-11-15,9275.0,9525.0,9025.0,9525.0,28360.0
2022-11-16,9500.0,9500.0,9250.0,9400.0,11090.0
2022-11-17,9250.0,9475.0,9225.0,9350.0,8008.0
2022-11-18,9350.0,9500.0,9175.0,9500.0,21732.0
2022-11-21,9375.0,9900.0,9300.0,9625.0,43818.0
2022-11-22,9625.0,9725.0,9500.0,9650.0,12338.0
2022-11-23,9575.0,9825.0,9575.0,9700.0,15776.0
2022-11-24,9825.0,9825.0,9500.0,9650.0,13106.0
2022-11-25,9650.0,9650.0,9325.0,9375.0,20372.0
2022-11-28,9375.0,9375.0,8975.0,8975.0,30124.0
2022-11-29,8750.0,9075.0,8750.0,9000.0,26694.0
2022-11-30,9000.0,9350.0,9000.0,9250.0,16512.0
2022-12-01,9250.0,9400.0,9250.0,9250.0,11616.0
2022-12-02,9350.0,12025.0,9075.0,12025.0,1358156.0
2022-12-05,11500.0,11600.0,10375.0,10525.0,790450.0
2022-12-06,10575.0,11175.0,10450.0,10800.0,554720.0
2022-12-07,10950.0,10950.0,10025.0,10300.0,278334.0
2022-12-08,10250.0,10375.0,9700.0,9775.0,137882.0
2022-12-09,9925.0,10125.0,9750.0,9850.0,89220.0
2022-12-12,9875.0,10425.0,9875.0,10100.0,107076.0
2022-12-13,10375.0,11125.0,10125.0,10600.0,429716.0
2022-12-14,10575.0,10725.0,10200.0,10725.0,158500.0
2022-12-15,10550.0,11150.0,10450.0,10925.0,219882.0
2022-12-16,10900.0,11750.0,10900.0,11025.0,382938.0
2022-12-19,11025.0,11025.0,10300.0,10525.0,102360.0
2022-12-20,10250.0,10500.0,9950.0,9950.0,87862.0
2022-12-21,10000.0,10475.0,10000.0,10400.0,64656.0
2022-12-22,10575.0,10775.0,10450.0,10700.0,50808.0
2022-12-23,10450.0,10450.0,10125.0,10150.0,44518.0
2022-12-26,10150.0,10550.0,9825.0,9975.0,31360.0
2022-12-27,10175.0,10175.0,9800.0,10000.0,63112.0
2022-12-28,9950.0,9950.0,9600.0,9700.0,64218.0
2022-12-29,9700.0,9800.0,9600.0,9800.0,30024.0
2023-01-02,9850.0,10150.0,9500.0,9575.0,29960.0
2023-01-03,9625.0,9875.0,9300.0,9600.0,26682.0
2023-01-04,9575.0,9900.0,9475.0,9775.0,29076.0
2023-01-05,9850.0,10250.0,9650.0,9900.0,67434.0
2023-01-06,9950.0,10175.0,9875.0,10050.0,29284.0
2023-01-09,10175.0,10350.0,9925.0,10350.0,47090.0
2023-01-10,10350.0,10525.0,10150.0,10450.0,36736.0
2023-01-11,10275.0,10825.0,10275.0,10750.0,55770.0
2023-01-12,10750.0,10750.0,10500.0,10725.0,43724.0
2023-01-13,11000.0,11000.0,10525.0,10600.0,52038.0
2023-01-16,10550.0,10850.0,10500.0,10700.0,36192.0
2023-01-17,10850.0,11850.0,10800.0,11800.0,354068.0
2023-01-18,11975.0,15225.0,11800.0,13175.0,2414108.0
2023-01-19,12900.0,12950.0,12075.0,12650.0,386738.0
2023-01-20,12425.0,12525.0,12050.0,12275.0,173978.0
2023-01-25,12225.0,12425.0,11625.0,12075.0,634656.0
2023-01-26,12075.0,14800.0,11975.0,14075.0,2231284.0
2023-01-27,13925.0,14175.0,13750.0,13850.0,230162.0
2023-01-30,13925.0,14325.0,13300.0,13875.0,275550.0
2023-01-31,13825.0,16000.0,13750.0,14700.0,2231190.0
2023-02-01,14850.0,15125.0,14400.0,14925.0,483542.0
2023-02-02,15150.0,17000.0,15000.0,15575.0,1266172.0
2023-02-03,15550.0,16275.0,15050.0,15075.0,546598.0
2023-02-06,14850.0,14850.0,14175.0,14175.0,267536.0
2023-02-07,14275.0,15225.0,14250.0,14825.0,308502.0
2023-02-08,15025.0,15875.0,14800.0,15775.0,336634.0
2023-02-09,15975.0,16325.0,15025.0,16000.0,779506.0
2023-02-10,15800.0,15800.0,14400.0,14450.0,519342.0
2023-02-13,14200.0,14425.0,13525.0,13975.0,350718.0
2023-02-14,14225.0,14275.0,13325.0,13450.0,178044.0
2023-02-15,13575.0,13625.0,12775.0,12900.0,220860.0
2023-02-16,13050.0,13250.0,12650.0,12800.0,169940.0
2023-02-17,12800.0,13225.0,12550.0,12750.0,105268.0
2023-02-20,12750.0,13475.0,12625.0,13125.0,138922.0
2023-02-21,13125.0,13425.0,12750.0,13350.0,90886.0
2023-02-22,13050.0,13225.0,12775.0,12975.0,125276.0
2023-02-23,13575.0,13975.0,13150.0,13850.0,342290.0
2023-02-24,13850.0,14725.0,13475.0,14225.0,338318.0
2023-02-27,13750.0,13800.0,13200.0,13550.0,144390.0
2023-02-28,13750.0,14950.0,13625.0,14475.0,305838.0
2023-03-02,14850.0,14850.0,14050.0,14150.0,165040.0
2023-03-03,14500.0,18350.0,14500.0,17400.0,2551306.0
2023-03-06,17150.0,17350.0,16250.0,16275.0,627236.0
2023-03-07,16200.0,16250.0,15425.0,15525.0,367102.0
2023-03-08,15275.0,15675.0,15025.0,15450.0,181700.0
2023-03-09,15200.0,15350.0,14625.0,14725.0,211568.0
2023-03-10,14500.0,14975.0,14200.0,14975.0,153082.0
2023-03-13,14650.0,15000.0,14250.0,14350.0,200784.0
2023-03-14,14300.0,14425.0,13000.0,13050.0,401306.0
2023-03-15,13425.0,13750.0,13225.0,13425.0,102510.0
2023-03-16,13550.0,14125.0,13250.0,13725.0,124304.0
2023-03-17,14000.0,14375.0,13725.0,13950.0,171578.0
2023-03-20,14300.0,15075.0,14225.0,14300.0,286618.0
2023-03-21,14450.0,15600.0,13950.0,14800.0,760456.0
2023-03-22,14800.0,15125.0,14500.0,14925.0,144242.0
2023-03-23,14650.0,14850.0,13750.0,14000.0,347324.0
2023-03-24,14000.0,14000.0,13500.0,13625.0,137958.0
2023-03-27,13900.0,13900.0,13250.0,13700.0,145494.0
2023-03-28,13700.0,14375.0,13575.0,13900.0,132032.0
2023-03-29,14225.0,14275.0,13525.0,13800.0,125226.0
2023-03-30,14050.0,14450.0,13725.0,14000.0,148150.0
2023-03-31,13875.0,14350.0,13725.0,13750.0,65726.0
2023-04-03,13775.0,14100.0,13325.0,13400.0,215108.0
2023-04-04,13400.0,13700.0,13300.0,13525.0,78466.0
2023-04-05,13525.0,14200.0,13425.0,13950.0,145184.0
2023-04-06,14100.0,14100.0,13475.0,13825.0,76236.0
2023-04-07,13975.0,13975.0,13550.0,13625.0,61532.0
2023-04-10,13675.0,13750.0,12900.0,12975.0,163228.0
2023-04-11,12950.0,13250.0,12650.0,13100.0,74434.0
2023-04-12,13125.0,13300.0,12900.0,13025.0,79360.0
2023-04-13,13125.0,13125.0,12725.0,12825.0,124842.0
2023-04-14,12900.0,13400.0,12900.0,13200.0,75208.0
2023-04-17,13250.0,13250.0,12825.0,13125.0,52986.0
2023-04-18,13125.0,13225.0,12725.0,12800.0,57904.0
2023-04-19,12800.0,12900.0,12575.0,12725.0,65256.0
2023-04-20,12600.0,12700.0,12100.0,12150.0,130188.0
2023-04-21,12000.0,12300.0,11875.0,11975.0,63170.0
2023-04-24,11875.0,12100.0,11675.0,11775.0,52488.0
2023-04-25,11600.0,12125.0,11550.0,11650.0,69526.0
2023-04-26,11525.0,12000.0,11325.0,11425.0,54828.0
2023-04-27,11425.0,11625.0,11150.0,11525.0,44576.0
2023-04-28,11550.0,11675.0,11225.0,11400.0,63438.0
2023-05-02,11250.0,11650.0,11250.0,11550.0,61702.0
2023-05-03,11625.0,12100.0,11450.0,11550.0,83148.0
2023-05-04,11700.0,12350.0,11250.0,11825.0,129092.0
2023-05-08,11850.0,12400.0,11700.0,11800.0,72226.0
2023-05-09,11725.0,11925.0,11475.0,11500.0,30994.0
2023-05-10,11500.0,11575.0,11250.0,11250.0,34088.0
2023-05-11,11450.0,12200.0,11275.0,11650.0,183042.0
2023-05-12,11650.0,12200.0,11550.0,12000.0,84422.0
2023-05-15,12000.0,12025.0,11675.0,11950.0,25740.0
2023-05-16,12250.0,12250.0,11800.0,12100.0,53284.0
2023-05-17,12200.0,12950.0,12125.0,12750.0,139922.0
2023-05-18,12675.0,13050.0,12450.0,12800.0,87186.0
2023-05-19,12825.0,13050.0,12675.0,12800.0,38688.0
2023-05-22,12800.0,13175.0,12750.0,12850.0,43704.0
2023-05-23,12975.0,13575.0,12650.0,13075.0,156814.0
2023-05-24,12975.0,13250.0,12725.0,13025.0,51678.0
2023-05-25,13000.0,13500.0,12775.0,12925.0,65734.0
2023-05-26,12900.0,12925.0,12575.0,12575.0,61628.0
2023-05-30,12575.0,12750.0,12300.0,12400.0,38668.0
2023-05-31,12450.0,12475.0,12025.0,12075.0,60984.0
2023-06-01,12050.0,12200.0,11775.0,12000.0,70562.0
2023-06-02,11975.0,12725.0,11800.0,12450.0,116666.0
2023-06-05,12325.0,12500.0,12125.0,12125.0,30060.0
2023-06-07,12025.0,12175.0,11850.0,11850.0,44606.0
2023-06-08,11800.0,12050.0,11675.0,11750.0,35574.0
2023-06-09,11750.0,11950.0,11650.0,11900.0,19822.0
2023-06-12,11750.0,11950.0,11375.0,11525.0,135838.0
2023-06-13,11575.0,11675.0,11325.0,11325.0,33240.0
2023-06-14,11250.0,11350.0,11075.0,11125.0,52550.0
2023-06-15,11125.0,11275.0,10850.0,10900.0,80696.0
2023-06-16,10900.0,11250.0,10800.0,10900.0,31732.0
2023-06-19,10900.0,11125.0,10675.0,11025.0,26218.0
2023-06-20,11050.0,11500.0,10900.0,11175.0,47258.0
2023-06-21,11225.0,11350.0,10975.0,10975.0,18722.0
2023-06-22,10850.0,11525.0,10850.0,11275.0,154794.0
2023-06-23,11225.0,11750.0,11100.0,11175.0,61696.0
2023-06-26,11375.0,13500.0,10950.0,12150.0,1069422.0
2023-06-27,12275.0,12650.0,11950.0,12175.0,161536.0
2023-06-28,12350.0,12400.0,11575.0,11575.0,158284.0
2023-06-29,11750.0,11925.0,11400.0,11450.0,66404.0
2023-06-30,11425.0,11425.0,11075.0,11075.0,62384.0
2023-07-03,11250.0,11425.0,11000.0,11050.0,37930.0
2023-07-04,11050.0,11325.0,11000.0,11025.0,34658.0
2023-07-05,11000.0,11125.0,10800.0,10850.0,55108.0
2023-07-06,10825.0,11150.0,10825.0,10850.0,68164.0
2023-07-07,10850.0,11125.0,10850.0,11000.0,27476.0
2023-07-10,11000.0,11000.0,10800.0,10900.0,28948.0
2023-07-11,10850.0,11825.0,10850.0,11250.0,104250.0
2023-07-12,11175.0,11250.0,11000.0,11100.0,25722.0
2023-07-13,11200.0,11375.0,11050.0,11100.0,25076.0
2023-07-14,11225.0,11450.0,11025.0,11250.0,39270.0
2023-07-17,11200.0,11300.0,11000.0,11050.0,52536.0
2023-07-18,11075.0,11100.0,10450.0,10650.0,133628.0
2023-07-19,10725.0,11600.0,10500.0,11425.0,303288.0
2023-07-20,11400.0,11525.0,11000.0,11350.0,62910.0
2023-07-21,11150.0,11450.0,10825.0,11000.0,77776.0
2023-07-24,10925.0,11025.0,10350.0,10350.0,121672.0
2023-07-25,10325.0,10425.0,9730.0,9735.0,193314.0
2023-07-26,9590.0,9745.0,9150.0,9150.0,153114.0
2023-07-27,9150.0,9695.0,9150.0,9315.0,82112.0
2023-07-28,9285.0,9890.0,9285.0,9860.0,75588.0
2023-07-31,9760.0,10225.0,9590.0,9685.0,27668.0
2023-08-01,9740.0,10100.0,9735.0,9985.0,48680.0
2023-08-02,10150.0,10325.0,9685.0,9825.0,52470.0
2023-08-03,9825.0,10075.0,9585.0,9790.0,51832.0
2023-08-04,9950.0,10175.0,9700.0,9715.0,24072.0
2023-08-07,9690.0,9995.0,9505.0,9850.0,32916.0
2023-08-08,9850.0,9995.0,9580.0,9700.0,35394.0
2023-08-09,9655.0,10050.0,9645.0,9930.0,27100.0
2023-08-10,9885.0,9985.0,9670.0,9870.0,20308.0
2023-08-11,9870.0,10100.0,9800.0,9870.0,21370.0
2023-08-14,9870.0,9985.0,9575.0,9685.0,35272.0
2023-08-16,9650.0,9675.0,9395.0,9395.0,50810.0
2023-08-17,9685.0,9685.0,9140.0,9420.0,37952.0
2023-08-18,9425.0,9550.0,9250.0,9350.0,26424.0
2023-08-21,9700.0,9700.0,9255.0,9350.0,27054.0
2023-08-22,9480.0,9925.0,9300.0,9350.0,73400.0
2023-08-23,9570.0,9820.0,9315.0,9540.0,86636.0
2023-08-24,9550.0,10300.0,9550.0,10175.0,115406.0
2023-08-25,10125.0,10200.0,9870.0,10025.0,40078.0
2023-08-28,10025.0,10475.0,10025.0,10275.0,66844.0
2023-08-29,10250.0,10725.0,10175.0,10475.0,71212.0
2023-08-30,10550.0,10775.0,10300.0,10650.0,70344.0
2023-08-31,10600.0,11200.0,10325.0,11200.0,161088.0
2023-09-01,11000.0,12075.0,10550.0,10550.0,721320.0
2023-09-04,10750.0,10750.0,10050.0,10150.0,163174.0
2023-09-05,10275.0,13050.0,10150.0,11325.0,1794726.0
2023-09-06,11550.0,12975.0,11150.0,12650.0,1167360.0
2023-09-07,12650.0,12725.0,11675.0,12000.0,403856.0
2023-09-08,11750.0,12175.0,11475.0,11825.0,165874.0
2023-09-11,12250.0,12900.0,11900.0,12525.0,471190.0
2023-09-12,12450.0,12625.0,11600.0,11750.0,197282.0
2023-09-13,11750.0,11825.0,11250.0,11275.0,108076.0
2023-09-14,11275.0,11400.0,11100.0,11125.0,56156.0
2023-09-15,11225.0,11400.0,10875.0,11325.0,103446.0
2023-09-18,11625.0,12175.0,11150.0,11800.0,415490.0
2023-09-19,11800.0,11800.0,11250.0,11600.0,66880.0
2023-09-20,11500.0,11825.0,11325.0,11575.0,47036.0
2023-09-21,11450.0,12150.0,11450.0,12050.0,146074.0
2023-09-22,11875.0,13950.0,10800.0,10825.0,2147804.0
2023-09-25,10825.0,10850.0,10175.0,10175.0,161504.0
2023-09-26,10050.0,10375.0,9950.0,9950.0,82956.0
2023-09-27,9785.0,10300.0,9785.0,10050.0,45604.0
2023-10-04,10025.0,10175.0,9750.0,9750.0,83048.0
2023-10-05,9780.0,10025.0,9475.0,9475.0,86124.0
2023-10-06,9500.0,9770.0,9500.0,9660.0,25380.0
2023-10-10,9530.0,9745.0,9250.0,9285.0,78256.0
2023-10-11,9400.0,9590.0,9285.0,9380.0,36434.0
2023-10-12,9325.0,9560.0,9325.0,9400.0,32444.0
2023-10-13,9400.0,9500.0,9180.0,9270.0,33292.0
2023-10-16,9265.0,9310.0,8915.0,9075.0,70486.0
2023-10-17,9165.0,9215.0,9025.0,9195.0,26674.0
2023-10-18,9195.0,9260.0,9010.0,9050.0,25872.0
2023-10-19,8960.0,9000.0,8330.0,8645.0,215504.0
2023-10-20,8555.0,8680.0,8395.0,8530.0,48766.0
2023-10-23,8530.0,8675.0,8495.0,8540.0,34438.0
2023-10-24,8430.0,8830.0,8375.0,8790.0,46648.0
2023-10-25,8870.0,9045.0,8650.0,8740.0,77686.0
2023-10-26,8505.0,8815.0,8500.0,8750.0,37168.0
2023-10-27,8715.0,9095.0,8715.0,8940.0,34438.0
2023-10-30,8955.0,9095.0,8740.0,8850.0,42846.0
2023-10-31,8850.0,9015.0,8680.0,8735.0,29156.0
2023-11-01,8735.0,9000.0,8735.0,8970.0,32384.0
2023-11-02,8975.0,9235.0,8895.0,8930.0,51104.0
2023-11-03,8935.0,9235.0,8860.0,9080.0,54504.0
2023-11-06,9165.0,9275.0,9000.0,9170.0,32788.0
2023-11-07,9175.0,9310.0,8895.0,9025.0,82402.0
2023-11-08,8960.0,9125.0,8900.0,9005.0,29176.0
2023-11-09,8990.0,9120.0,8880.0,8925.0,13274.0
2023-11-10,9205.0,9205.0,8690.0,8690.0,46158.0
2023-11-13,8785.0,8865.0,8455.0,8460.0,42250.0
2023-11-14,8435.0,8750.0,8435.0,8560.0,28732.0
2023-11-15,8900.0,8900.0,8640.0,8660.0,12792.0
2023-11-16,8750.0,8750.0,8535.0,8595.0,26054.0
2023-11-17,8595.0,8995.0,8430.0,8680.0,77142.0
2023-11-20,8595.0,8840.0,8595.0,8755.0,17142.0
2023-11-21,8955.0,9250.0,8885.0,8945.0,104246.0
2023-11-22,8945.0,8990.0,8775.0,8880.0,33176.0
2023-11-23,9020.0,9225.0,8920.0,9015.0,48822.0
2023-11-24,8990.0,9250.0,8855.0,9000.0,90708.0
2023-11-27,9210.0,9210.0,8845.0,8850.0,41358.0
2023-11-28,8875.0,8920.0,8680.0,8690.0,33382.0
2023-11-29,8700.0,8770.0,8590.0,8685.0,22622.0
2023-11-30,8695.0,8770.0,8625.0,8735.0,35026.0
2023-12-01,8760.0,9330.0,8675.0,9205.0,122402.0
2023-12-04,9250.0,9250.0,8905.0,8965.0,51478.0
2023-12-05,8965.0,9375.0,8875.0,9125.0,145374.0
2023-12-06,9125.0,9215.0,8985.0,9070.0,32702.0
2023-12-07,8990.0,9490.0,8975.0,9340.0,134744.0
2023-12-08,9210.0,9340.0,9025.0,9085.0,58806.0
2023-12-11,9085.0,9160.0,9005.0,9015.0,34078.0
2023-12-12,9050.0,9390.0,9000.0,9250.0,119950.0
2023-12-13,9355.0,9665.0,9140.0,9250.0,154576.0
2023-12-14,9420.0,9690.0,9160.0,9285.0,57996.0
2023-12-15,9300.0,9675.0,9215.0,9230.0,33332.0
2023-12-18,9235.0,9260.0,9085.0,9120.0,38812.0
2023-12-19,9115.0,9300.0,9090.0,9140.0,20778.0
2023-12-20,9240.0,9595.0,9140.0,9420.0,75914.0
2023-12-21,9440.0,9495.0,9165.0,9415.0,48100.0
2023-12-22,9415.0,9495.0,9280.0,9300.0,25668.0
2023-12-26,9280.0,9305.0,9175.0,9185.0,33962.0
2023-12-27,9110.0,9355.0,9110.0,9250.0,34294.0
2023-12-28,9255.0,9425.0,9195.0,9425.0,40326.0
2024-01-02,9415.0,9595.0,9270.0,9595.0,33672.0
2024-01-03,9500.0,9595.0,9385.0,9445.0,19794.0
2024-01-04,9350.0,9450.0,9245.0,9370.0,24774.0
2024-01-05,9310.0,9510.0,9255.0,9415.0,19114.0
2024-01-08,9415.0,9810.0,9415.0,9695.0,77532.0
2024-01-09,9605.0,9765.0,9595.0,9685.0,20962.0
2024-01-10,9630.0,9725.0,9580.0,9635.0,15850.0
2024-01-11,9640.0,9865.0,9635.0,9835.0,19778.0
2024-01-12,9835.0,9840.0,9320.0,9420.0,54386.0
2024-01-15,9420.0,9425.0,9190.0,9255.0,30676.0
2024-01-16,9255.0,9400.0,9115.0,9240.0,13650.0
2024-01-17,9245.0,9245.0,8965.0,8965.0,38082.0
2024-01-18,9045.0,9045.0,8850.0,8955.0,18686.0
2024-01-19,9090.0,9180.0,8965.0,9010.0,9760.0
2024-01-22,9215.0,9215.0,8930.0,9020.0,29222.0
2024-01-23,8970.0,9045.0,8885.0,9000.0,23580.0
2024-01-24,9000.0,9445.0,8965.0,9320.0,70398.0
2024-01-25,9290.0,9290.0,8905.0,9075.0,72084.0
2024-01-26,9075.0,9135.0,9000.0,9050.0,16114.0
2024-01-29,9050.0,9050.0,8915.0,8975.0,26540.0
2024-01-30,8950.0,9450.0,8915.0,9125.0,76202.0
2024-01-31,9035.0,9125.0,8815.0,8875.0,57856.0
2024-02-01,9065.0,9390.0,8725.0,8870.0,154010.0
2024-02-02,8930.0,9185.0,8835.0,8960.0,72620.0
2024-02-05,8945.0,8950.0,8790.0,8855.0,16520.0
2024-02-06,8855.0,9250.0,8770.0,9135.0,58480.0
2024-02-07,9125.0,9125.0,8835.0,8945.0,46024.0
2024-02-08,9105.0,9105.0,8895.0,8970.0,18450.0
2024-02-13,8970.0,9105.0,8910.0,9050.0,31408.0
2024-02-14,8940.0,9305.0,8915.0,9275.0,64126.0
2024-02-15,9250.0,9325.0,9175.0,9280.0,29346.0
2024-02-16,9390.0,10700.0,9280.0,10275.0,867016.0
2024-02-19,10650.0,11625.0,9935.0,10475.0,1439854.0
2024-02-20,10475.0,10550.0,9980.0,10000.0,266142.0
2024-02-21,10025.0,10300.0,9845.0,9950.0,127148.0
2024-02-22,10125.0,10200.0,9825.0,9840.0,131858.0
2024-02-23,9730.0,10700.0,9700.0,9960.0,549414.0
2024-02-26,10125.0,10175.0,9660.0,9840.0,113112.0
2024-02-27,9925.0,9925.0,9455.0,9480.0,90220.0
2024-02-28,9650.0,9650.0,9300.0,9345.0,41724.0
2024-02-29,9340.0,9395.0,9095.0,9150.0,43374.0
2024-03-04,9225.0,9360.0,9105.0,9150.0,40970.0
2024-03-05,9450.0,9450.0,9030.0,9035.0,41576.0
2024-03-06,8950.0,9345.0,8950.0,9050.0,58736.0
2024-03-07,9075.0,9075.0,8950.0,9020.0,32592.0
2024-03-08,8965.0,9100.0,8960.0,9065.0,26546.0
2024-03-11,9000.0,9130.0,8995.0,9050.0,27410.0
2024-03-12,9010.0,9325.0,9010.0,9230.0,36096.0
2024-03-13,9230.0,9275.0,9040.0,9140.0,24410.0
2024-03-14,9125.0,9250.0,9005.0,9050.0,21090.0
2024-03-15,9020.0,9100.0,8975.0,9040.0,21746.0
2024-03-18,9040.0,9140.0,8970.0,9025.0,26748.0
2024-03-19,9025.0,9025.0,8950.0,8995.0,23776.0
2024-03-20,8960.0,9140.0,8940.0,8965.0,62906.0
2024-03-21,8920.0,8990.0,8850.0,8870.0,51420.0
2024-03-22,8855.0,8910.0,8795.0,8890.0,42812.0
2024-03-25,8755.0,8895.0,8655.0,8800.0,29808.0
2024-03-26,8715.0,8855.0,8715.0,8820.0,21370.0
2024-03-27,8820.0,8820.0,8630.0,8770.0,40704.0
2024-03-28,8740.0,8830.0,8680.0,8800.0,22326.0
2024-03-29,8800.0,8815.0,8670.0,8775.0,34466.0
2024-04-01,8890.0,8895.0,8675.0,8765.0,12106.0
2024-04-02,8765.0,8810.0,8550.0,8620.0,24942.0
2024-04-03,8620.0,8870.0,8510.0,8740.0,37636.0
2024-04-04,8660.0,8725.0,8405.0,8430.0,30240.0
2024-04-05,8540.0,8540.0,8325.0,8425.0,33812.0
2024-04-08,8355.0,8510.0,8250.0,8500.0,52164.0
2024-04-09,8605.0,8605.0,8260.0,8350.0,11696.0
2024-04-11,8345.0,8565.0,8190.0,8400.0,19706.0
2024-04-12,8450.0,8450.0,8300.0,8375.0,13068.0
2024-04-15,8365.0,8365.0,8100.0,8205.0,60050.0
2024-04-16,8140.0,8195.0,8025.0,8095.0,21616.0
2024-04-17,8015.0,8145.0,7960.0,7995.0,20138.0
2024-04-18,7860.0,8140.0,7850.0,8055.0,11858.0
2024-04-19,8050.0,8050.0,7875.0,7985.0,22288.0
2024-04-22,7905.0,7995.0,7880.0,7965.0,15908.0
2024-04-23,7965.0,8225.0,7890.0,7950.0,11708.0
2024-04-24,7825.0,8115.0,7825.0,8045.0,10630.0
2024-04-25,8045.0,8050.0,7890.0,7920.0,10240.0
2024-04-26,7870.0,8090.0,7825.0,7825.0,16978.0
2024-04-29,7800.0,7995.0,7605.0,7925.0,10258.0
2024-04-30,7875.0,8100.0,7875.0,8050.0,13438.0
2024-05-02,8010.0,8090.0,7865.0,7870.0,16764.0
2024-05-03,7870.0,8180.0,7870.0,8090.0,6340.0
2024-05-07,8090.0,8160.0,7980.0,8010.0,4408.0
2024-05-08,8010.0,8130.0,8005.0,8085.0,6698.0
2024-05-09,8150.0,8150.0,8025.0,8125.0,8498.0
2024-05-10,8015.0,8095.0,7950.0,8000.0,9094.0
2024-05-13,8000.0,8010.0,7890.0,7995.0,16438.0
2024-05-14,7965.0,8450.0,7915.0,8435.0,31728.0
2024-05-16,8435.0,8500.0,8250.0,8250.0,21224.0
2024-05-17,8250.0,8250.0,8050.0,8200.0,16160.0
2024-05-20,8120.0,8275.0,8080.0,8085.0,13134.0
2024-05-21,8005.0,8245.0,7950.0,8035.0,22178.0
2024-05-22,8050.0,8225.0,8000.0,8225.0,14832.0
2024-05-23,8145.0,8300.0,8100.0,8225.0,14034.0
2024-05-24,8215.0,8215.0,8040.0,8075.0,5896.0
2024-05-27,8005.0,8270.0,7980.0,8075.0,8160.0
2024-05-28,8075.0,8225.0,8040.0,8110.0,15458.0
2024-05-29,8035.0,8165.0,7950.0,8000.0,23460.0
2024-05-30,7995.0,8135.0,7940.0,8100.0,11078.0
2024-05-31,8230.0,8230.0,8000.0,8065.0,15070.0
2024-06-03,7955.0,8195.0,7955.0,8095.0,7666.0
2024-06-04,8190.0,8200.0,7910.0,8050.0,7156.0
2024-06-05,8055.0,8055.0,7910.0,8035.0,9788.0
2024-06-07,8035.0,8500.0,7950.0,8450.0,48760.0
2024-06-10,8450.0,8775.0,8415.0,8715.0,103364.0
2024-06-11,8715.0,8750.0,8455.0,8465.0,37004.0
2024-06-12,8465.0,8600.0,8345.0,8590.0,28972.0
2024-06-13,8635.0,8780.0,8485.0,8580.0,39428.0
2024-06-14,8580.0,8580.0,8410.0,8420.0,12998.0
2024-06-17,8395.0,8500.0,8185.0,8280.0,16666.0
2024-06-18,8135.0,9000.0,8010.0,9000.0,152618.0
2024-06-19,9075.0,9250.0,8560.0,8680.0,345052.0
2024-06-20,8660.0,8980.0,8630.0,8940.0,90854.0
2024-06-21,8850.0,9095.0,8790.0,8945.0,57560.0
2024-06-24,9070.0,9070.0,8480.0,8480.0,45480.0
2024-06-25,8470.0,8740.0,8255.0,8480.0,25176.0
2024-06-26,8480.0,8650.0,8410.0,8450.0,30798.0
2024-06-27,8545.0,8605.0,8170.0,8235.0,35656.0
2024-06-28,8230.0,8425.0,8095.0,8145.0,38480.0
2024-07-01,8200.0,8200.0,8080.0,8150.0,15482.0
2024-07-02,8135.0,8150.0,7970.0,7980.0,40526.0
2024-07-03,8115.0,8115.0,8015.0,8055.0,12846.0
2024-07-04,8120.0,8205.0,7990.0,8020.0,15574.0
2024-07-05,8025.0,8180.0,7910.0,7950.0,31482.0
2024-07-08,7950.0,8265.0,7945.0,8205.0,25806.0
2024-07-09,8205.0,8205.0,8110.0,8195.0,7538.0
2024-07-10,8190.0,8250.0,8000.0,8005.0,30454.0
2024-07-11,7980.0,8155.0,7950.0,8050.0,27106.0
2024-07-12,8045.0,8220.0,7860.0,8005.0,15286.0
2024-07-15,8005.0,8135.0,7975.0,8040.0,7068.0
2024-07-16,8190.0,8190.0,7925.0,7970.0,32694.0
2024-07-17,7940.0,8070.0,7875.0,7975.0,16758.0
2024-07-18,7905.0,8060.0,7835.0,7995.0,19150.0
2024-07-19,7950.0,8145.0,7900.0,8125.0,15752.0
2024-07-22,8245.0,8475.0,8030.0,8145.0,56022.0
2024-07-23,8060.0,8200.0,7960.0,7995.0,32766.0
2024-07-24,7995.0,8150.0,7945.0,8035.0,34642.0
2024-07-25,7990.0,8050.0,7880.0,7880.0,28314.0
2024-07-26,7910.0,8085.0,7880.0,7900.0,15870.0
2024-07-29,7915.0,8175.0,7720.0,7805.0,45662.0
2024-07-30,7735.0,8025.0,7735.0,7790.0,19568.0
2024-07-31,7700.0,7970.0,7700.0,7805.0,11920.0
2024-08-01,7805.0,7960.0,7805.0,7835.0,4790.0
2024-08-02,7675.0,8015.0,7675.0,8000.0,23632.0
2024-08-05,8000.0,8100.0,6470.0,7375.0,66348.0
2024-08-06,7315.0,7695.0,7315.0,7555.0,19318.0
2024-08-07,7415.0,7795.0,7415.0,7705.0,13430.0
2024-08-08,7625.0,7800.0,7560.0,7780.0,12422.0
2024-08-09,7855.0,8140.0,7855.0,8025.0,31160.0
2024-08-12,8185.0,8185.0,7950.0,8010.0,15870.0
2024-08-13,7925.0,8045.0,7925.0,8035.0,15352.0
2024-08-14,8040.0,8120.0,8035.0,8085.0,16136.0
2024-08-16,8185.0,8185.0,7975.0,7985.0,10078.0
2024-08-19,8025.0,8025.0,7800.0,7955.0,13438.0
2024-08-20,8005.0,8210.0,7905.0,8050.0,25726.0
2024-08-21,8030.0,8075.0,7940.0,7990.0,10042.0
2024-08-22,7910.0,8030.0,7910.0,7945.0,15426.0
2024-08-23,7945.0,8075.0,7890.0,7970.0,9050.0
2024-08-26,7965.0,8090.0,7800.0,7850.0,11832.0
2024-08-27,8065.0,8145.0,7900.0,7940.0,22018.0
2024-08-28,7945.0,7985.0,7860.0,7930.0,6486.0
2024-08-29,7930.0,7945.0,7840.0,7910.0,6956.0
2024-08-30,7835.0,8235.0,7835.0,7900.0,61904.0
2024-09-02,8135.0,8235.0,8000.0,8090.0,38106.0
2024-09-03,8140.0,8140.0,7830.0,7855.0,33346.0
2024-09-04,7805.0,7935.0,7695.0,7825.0,21658.0
2024-09-05,7810.0,8080.0,7800.0,7825.0,28016.0
2024-09-06,7755.0,8015.0,7450.0,7770.0,21918.0
2024-09-09,7500.0,7850.0,7500.0,7745.0,11114.0
2024-09-10,7675.0,7810.0,7675.0,7730.0,7552.0
2024-09-11,7850.0,8250.0,7650.0,7710.0,47678.0
2024-09-12,7710.0,7990.0,7710.0,7955.0,12962.0
2024-09-13,7970.0,7995.0,7900.0,7955.0,3630.0
2024-09-19,7830.0,7945.0,7830.0,7925.0,4824.0
2024-09-20,7925.0,8085.0,7925.0,8005.0,13896.0
2024-09-23,7925.0,8070.0,7925.0,7930.0,5196.0
2024-09-24,7905.0,8000.0,7890.0,7910.0,3814.0
2024-09-25,7910.0,8035.0,7860.0,7910.0,8984.0
2024-09-26,7855.0,8000.0,7850.0,7900.0,11278.0
2024-09-27,7980.0,8015.0,7860.0,7955.0,27202.0
2024-09-30,7960.0,8025.0,7890.0,7950.0,13192.0
2024-10-02,7925.0,8075.0,7905.0,7985.0,24534.0
2024-10-04,7985.0,8035.0,7945.0,8015.0,11002.0
2024-10-07,8025.0,8075.0,7950.0,7965.0,8650.0
2024-10-08,7955.0,8445.0,7955.0,8445.0,129804.0
2024-10-10,8445.0,8775.0,8350.0,8740.0,95496.0
2024-10-11,8735.0,8800.0,8610.0,8750.0,22854.0
2024-10-14,8750.0,8750.0,8495.0,8600.0,25574.0
2024-10-15,8610.0,8825.0,8555.0,8600.0,20494.0
2024-10-16,8605.0,8675.0,8505.0,8625.0,14240.0
2024-10-17,8625.0,8665.0,8490.0,8665.0,30082.0
2024-10-18,8660.0,8665.0,8290.0,8350.0,25414.0
2024-10-21,8355.0,8520.0,8345.0,8480.0,12966.0
2024-10-22,8440.0,8475.0,8300.0,8340.0,14514.0
2024-10-23,8335.0,8475.0,8275.0,8365.0,7592.0
2024-10-24,8285.0,8355.0,8115.0,8115.0,14106.0
2024-10-25,8050.0,8395.0,8050.0,8235.0,12512.0
2024-10-28,8235.0,8310.0,8160.0,8160.0,10876.0
2024-10-29,8235.0,8550.0,8160.0,8535.0,23770.0
2024-10-30,8505.0,8595.0,8050.0,8315.0,9638.0
2024-10-31,8235.0,8550.0,8235.0,8455.0,11070.0
2024-11-01,8455.0,8500.0,8230.0,8335.0,5006.0
2024-11-04,8335.0,8500.0,8165.0,8385.0,7232.0
2024-11-05,8260.0,8495.0,8260.0,8450.0,7898.0
2024-11-06,8445.0,8525.0,8350.0,8350.0,14534.0
2024-11-07,8350.0,8400.0,8255.0,8310.0,9206.0
2024-11-08,8555.0,8555.0,8250.0,8250.0,6078.0
2024-11-11,8165.0,8325.0,8030.0,8040.0,25176.0
2024-11-12,8220.0,8300.0,8060.0,8085.0,18698.0
2024-11-13,8325.0,8325.0,7955.0,8060.0,17976.0
2024-11-14,7980.0,8185.0,7975.0,8035.0,11774.0
2024-11-15,7750.0,8045.0,7750.0,7990.0,21298.0
2024-11-18,7990.0,8130.0,7810.0,8125.0,7876.0
2024-11-19,8125.0,8345.0,8120.0,8270.0,13034.0
2024-11-20,8160.0,8375.0,8160.0,8370.0,6182.0
2024-11-21,8365.0,8370.0,8150.0,8180.0,12980.0
2024-11-22,8065.0,8250.0,8065.0,8235.0,7526.0
2024-11-25,8230.0,8445.0,8055.0,8425.0,26780.0
2024-11-26,8425.0,8720.0,8415.0,8605.0,41864.0
2024-11-27,8535.0,8660.0,8500.0,8520.0,21234.0
2024-11-28,8650.0,9150.0,8560.0,8810.0,97862.0
2024-11-29,8750.0,8900.0,8650.0,8800.0,23898.0
2024-12-02,8715.0,8885.0,8650.0,8750.0,13624.0
2024-12-03,8745.0,8970.0,8700.0,8870.0,23870.0
2024-12-04,8605.0,8850.0,8605.0,8790.0,32534.0
2024-12-05,8915.0,8915.0,8655.0,8720.0,16910.0
2024-12-06,8705.0,8710.0,8400.0,8645.0,31676.0
2024-12-09,8575.0,8625.0,8150.0,8200.0,27604.0
2024-12-10,8200.0,8670.0,8200.0,8670.0,9352.0
2024-12-11,8585.0,8725.0,8585.0,8680.0,5322.0
2024-12-12,8680.0,9170.0,8595.0,9010.0,72590.0
2024-12-13,8990.0,9125.0,8765.0,8975.0,23668.0
2024-12-16,8975.0,9125.0,8825.0,8875.0,42224.0
2024-12-17,8965.0,8975.0,8840.0,8865.0,13080.0
2024-12-18,8790.0,8900.0,8185.0,8715.0,33542.0
2024-12-19,8535.0,8920.0,8535.0,8770.0,10012.0
2024-12-20,8685.0,8755.0,8460.0,8465.0,14374.0
2024-12-23,8470.0,8835.0,8465.0,8550.0,9034.0
2024-12-24,8465.0,8800.0,8265.0,8505.0,44678.0
2024-12-26,8505.0,8585.0,8430.0,8550.0,21022.0
2024-12-27,8505.0,8595.0,8300.0,8355.0,22578.0
2024-12-30,8395.0,8650.0,8345.0,8585.0,16054.0
2025-01-02,8585.0,8795.0,8455.0,8505.0,12312.0
2025-01-03,8505.0,8600.0,8500.0,8575.0,10032.0
2025-01-06,8580.0,8875.0,8580.0,8875.0,19966.0
2025-01-07,8850.0,8850.0,8660.0,8710.0,18796.0
2025-01-08,8885.0,8885.0,8560.0,8750.0,10302.0
2025-01-09,8775.0,8920.0,8700.0,8865.0,27354.0
2025-01-10,8790.0,8985.0,8760.0,8765.0,10360.0
2025-01-13,8765.0,8930.0,8655.0,8810.0,25896.0
2025-01-14,8810.0,9100.0,8805.0,9040.0,27448.0
2025-01-15,9000.0,9090.0,8885.0,8900.0,9128.0
2025-01-16,8900.0,8950.0,8825.0,8860.0,22096.0
2025-01-17,8860.0,8950.0,8750.0,8815.0,15182.0
2025-01-20,8750.0,8925.0,8735.0,8800.0,16484.0
2025-01-21,8740.0,8880.0,8740.0,8770.0,11440.0
2025-01-22,8770.0,8895.0,8770.0,8870.0,10142.0
2025-01-23,8875.0,8985.0,8755.0,8760.0,9988.0
2025-01-24,8755.0,8790.0,8700.0,8745.0,7792.0
2025-01-31,8745.0,8780.0,8650.0,8695.0,7832.0
2025-02-03,8640.0,8645.0,8475.0,8600.0,19352.0
2025-02-04,8605.0,10375.0,8605.0,9775.0,1073554.0
2025-02-05,10050.0,10175.0,9625.0,9800.0,313066.0
2025-02-06,9870.0,9950.0,9640.0,9740.0,150586.0
2025-02-07,9740.0,9740.0,9275.0,9300.0,120360.0
2025-02-10,9310.0,9710.0,9310.0,9575.0,123684.0
2025-02-11,9600.0,9605.0,9360.0,9360.0,53892.0
2025-02-12,9360.0,9430.0,9055.0,9080.0,58038.0
2025-02-13,9085.0,9170.0,8910.0,9050.0,41320.0
2025-02-14,9050.0,9095.0,8830.0,8965.0,55676.0
2025-02-17,8970.0,9240.0,8925.0,9180.0,54768.0
2025-02-18,9185.0,9305.0,9155.0,9210.0,50732.0
2025-02-19,9340.0,9340.0,9170.0,9250.0,28630.0
2025-02-20,9250.0,9295.0,9140.0,9190.0,25916.0
2025-02-21,9280.0,9280.0,8945.0,9155.0,14838.0
2025-02-24,9220.0,9220.0,9000.0,9060.0,20628.0
2025-02-25,9075.0,9205.0,9025.0,9060.0,19812.0
2025-02-26,9075.0,9245.0,9075.0,9210.0,13124.0
2025-02-27,9245.0,9245.0,9055.0,9115.0,18114.0
2025-02-28,9050.0,9135.0,8925.0,9025.0,29570.0
2025-03-04,9125.0,9125.0,8805.0,8890.0,15558.0
2025-03-05,8800.0,9085.0,8800.0,9050.0,7216.0
2025-03-06,9150.0,9150.0,8940.0,9000.0,16960.0
2025-03-07,9050.0,9095.0,8865.0,8900.0,15964.0
2025-03-10,8830.0,8975.0,8830.0,8910.0,10536.0
2025-03-11,8750.0,9000.0,8750.0,8935.0,9768.0
2025-03-12,8935.0,8995.0,8860.0,8910.0,6690.0
2025-03-13,8910.0,9025.0,8905.0,8935.0,7070.0
2025-03-14,9000.0,9050.0,8935.0,9015.0,7666.0
2025-03-17,9000.0,9115.0,9000.0,9005.0,13120.0
2025-03-18,8980.0,9185.0,8980.0,9125.0,15236.0
2025-03-19,9100.0,9150.0,9040.0,9060.0,6280.0
2025-03-20,9125.0,9140.0,8920.0,9040.0,10930.0
2025-03-21,9040.0,9040.0,8850.0,8965.0,21258.0
2025-03-24,8955.0,8975.0,8900.0,8910.0,6658.0
2025-03-25,8910.0,9000.0,8750.0,8905.0,23032.0
2025-03-26,8920.0,9025.0,8850.0,8850.0,9146.0
2025-03-27,8795.0,8850.0,8675.0,8755.0,9544.0
2025-03-28,8750.0,8815.0,8650.0,8695.0,19884.0
2025-03-31,8675.0,8675.0,8000.0,8480.0,21304.0
2025-04-01,8400.0,8650.0,8400.0,8595.0,6858.0
2025-04-02,8595.0,8725.0,8470.0,8525.0,4558.0
2025-04-03,8160.0,8640.0,8160.0,8525.0,9096.0
2025-04-04,8550.0,8615.0,8340.0,8520.0,8754.0
2025-04-07,8520.0,8520.0,8065.0,8200.0,18200.0
2025-04-08,8180.0,8390.0,8070.0,8130.0,33168.0
2025-04-09,8070.0,8280.0,7750.0,7995.0,18056.0
2025-04-10,8060.0,8425.0,8060.0,8310.0,19938.0
2025-04-11,8305.0,8430.0,8080.0,8385.0,7726.0
2025-04-14,8565.0,8565.0,8365.0,8490.0,10822.0
2025-04-15,8625.0,9095.0,8405.0,8700.0,53466.0
2025-04-16,8955.0,9500.0,8825.0,8860.0,221882.0
2025-04-17,8860.0,8945.0,8700.0,8860.0,18902.0
2025-04-18,8860.0,9250.0,8720.0,9035.0,55614.0
2025-04-21,9000.0,9070.0,8915.0,8945.0,18058.0
2025-04-22,8945.0,9300.0,8850.0,9045.0,52902.0
2025-04-23,9120.0,9135.0,9005.0,9050.0,20766.0
2025-04-24,9050.0,9140.0,9030.0,9030.0,8558.0
2025-04-25,9030.0,9135.0,8980.0,8990.0,8706.0
2025-04-28,8990.0,9070.0,8900.0,8990.0,12678.0
2025-04-29,8990.0,8995.0,8850.0,8850.0,14688.0
2025-04-30,8755.0,8995.0,8750.0,8965.0,11840.0
2025-05-02,8965.0,9045.0,8895.0,8910.0,9328.0
2025-05-07,8825.0,9105.0,8825.0,8930.0,18052.0
2025-05-08,8850.0,9200.0,8850.0,9050.0,24142.0
2025-05-09,9050.0,9090.0,8915.0,8955.0,18320.0
2025-05-12,8955.0,9005.0,8940.0,8995.0,18218.0
2025-05-13,9050.0,9150.0,8950.0,9075.0,22482.0
2025-05-14,9195.0,9210.0,9075.0,9210.0,30698.0
2025-05-15,9210.0,9225.0,9050.0,9060.0,16932.0
2025-05-16,9000.0,9155.0,8880.0,8925.0,24548.0
2025-05-19,8995.0,9080.0,8895.0,8950.0,17396.0
2025-05-20,9080.0,9080.0,8950.0,8995.0,13048.0
2025-05-21,8995.0,9150.0,8995.0,9085.0,34602.0
2025-05-22,9085.0,9225.0,9000.0,9135.0,21202.0
2025-05-23,9140.0,9210.0,9055.0,9145.0,13578.0
2025-05-26,9220.0,9220.0,9095.0,9110.0,11274.0
2025-05-27,9160.0,9160.0,8995.0,9075.0,23744.0
2025-05-28,9075.0,9160.0,9015.0,9125.0,16852.0
2025-05-29,9135.0,9185.0,9090.0,9135.0,15120.0
2025-05-30,9130.0,9550.0,9025.0,9145.0,60442.0
2025-06-02,9275.0,9275.0,9050.0,9165.0,23922.0
2025-06-04,9240.0,9240.0,9115.0,9190.0,10238.0
2025-06-05,9250.0,9250.0,9125.0,9140.0,36856.0
2025-06-09,9145.0,9290.0,9135.0,9260.0,58480.0
2025-06-10,9365.0,9875.0,9215.0,9380.0,120440.0
2025-06-11,9355.0,10100.0,8980.0,9600.0,240060.0
2025-06-12,9750.0,9750.0,9350.0,9350.0,36444.0
2025-06-13,9550.0,9550.0,9175.0,9195.0,42510.0
2025-06-16,9040.0,9435.0,9040.0,9330.0,55192.0
2025-06-17,9245.0,9400.0,9225.0,9300.0,16456.0
2025-06-18,9250.0,9340.0,9200.0,9325.0,27212.0
2025-06-19,9325.0,9455.0,9250.0,9335.0,23578.0
2025-06-20,9395.0,9475.0,9325.0,9450.0,29468.0
2025-06-23,9500.0,9500.0,9280.0,9315.0,10722.0
2025-06-24,9325.0,9470.0,9325.0,9360.0,26970.0
2025-06-25,9420.0,9440.0,9175.0,9185.0,39012.0
2025-06-26,9350.0,9410.0,9010.0,9010.0,46080.0
2025-06-27,9010.0,9220.0,8955.0,9050.0,28798.0
2025-06-30,9095.0,9225.0,8950.0,8950.0,25180.0
2025-07-01,9040.0,9040.0,8925.0,8950.0,20216.0
2025-07-02,8975.0,9050.0,8815.0,8995.0,21652.0
2025-07-03,9055.0,9055.0,8870.0,8875.0,20374.0
2025-07-04,8875.0,8915.0,8740.0,8770.0,26154.0
2025-07-07,8770.0,8815.0,8700.0,8765.0,12358.0
2025-07-08,8765.0,8870.0,8705.0,8770.0,16134.0
2025-07-09,8910.0,8945.0,8750.0,8810.0,16570.0
2025-07-10,8810.0,8950.0,8735.0,8950.0,32666.0
2025-07-11,9000.0,9030.0,8860.0,8880.0,23324.0
2025-07-14,8765.0,9015.0,8760.0,8960.0,25204.0
2025-07-15,8960.0,8995.0,8860.0,8955.0,9558.0
2025-07-16,8955.0,9020.0,8815.0,8815.0,21532.0
2025-07-17,8815.0,8990.0,8790.0,8980.0,27516.0
2025-07-18,8960.0,8980.0,8870.0,8890.0,8866.0
2025-07-21,8925.0,8955.0,8810.0,8890.0,6332.0
2025-07-22,8890.0,8890.0,8810.0,8855.0,11722.0
2025-07-23,8975.0,8975.0,8775.0,8880.0,22716.0
2025-07-24,8875.0,8975.0,8750.0,8815.0,15148.0
2025-07-25,8925.0,8925.0,8730.0,8805.0,6818.0
2025-07-28,8805.0,8865.0,8695.0,8780.0,17820.0
2025-07-29,8780.0,8975.0,8780.0,8855.0,28846.0
2025-07-30,8970.0,9000.0,8875.0,8905.0,29282.0
2025-07-31,8905.0,9085.0,8905.0,8960.0,35680.0
2025-08-01,8875.0,9040.0,8870.0,8905.0,35400.0
2025-08-04,9035.0,9035.0,8895.0,8925.0,19624.0
2025-08-05,8925.0,9000.0,8870.0,8925.0,11892.0
2025-08-06,9000.0,9000.0,8885.0,8930.0,5756.0
2025-08-07,8905.0,8960.0,8880.0,8945.0,8060.0
2025-08-08,8945.0,9020.0,8935.0,9000.0,10020.0
2025-08-11,9000.0,9000.0,8910.0,8930.0,7728.0
2025-08-12,8945.0,8980.0,8880.0,8880.0,11384.0
2025-08-13,8880.0,8995.0,8870.0,8995.0,13546.0
2025-08-14,9005.0,9065.0,8915.0,8970.0,24906.0
2025-08-18,9020.0,9020.0,8835.0,8850.0,16634.0
2025-08-19,8850.0,8975.0,8750.0,8750.0,11288.0
2025-08-20,8750.0,8800.0,8620.0,8695.0,13322.0
2025-08-21,8750.0,8820.0,8700.0,8700.0,17414.0
2025-08-22,8700.0,8810.0,8655.0,8690.0,8520.0
2025-08-25,8690.0,8750.0,8665.0,8740.0,2956.0
2025-08-26,8735.0,8820.0,8655.0,8805.0,12370.0
2025-08-27,8870.0,8870.0,8730.0,8730.0,2952.0
2025-08-28,8810.0,8810.0,8700.0,8735.0,4422.0
2025-08-29,8710.0,8745.0,8675.0,8735.0,8182.0
2025-09-01,8730.0,8730.0,8650.0,8655.0,16372.0
2025-09-02,8720.0,8785.0,8655.0,8755.0,7872.0
2025-09-03,8845.0,8845.0,8725.0,8760.0,4296.0
2025-09-04,8760.0,8805.0,8750.0,8785.0,2044.0
2025-09-05,8760.0,8845.0,8745.0,8810.0,3514.0
2025-09-08,8855.0,8855.0,8725.0,8760.0,4618.0
2025-09-09,8760.0,8780.0,8655.0,8675.0,13052.0
2025-09-10,8775.0,8790.0,8680.0,8695.0,10068.0
2025-09-11,8825.0,8825.0,8640.0,8715.0,7590.0
2025-09-12,8750.0,8750.0,8630.0,8695.0,11070.0
2025-09-15,8680.0,8690.0,8450.0,8460.0,58266.0
2025-09-16,8470.0,8490.0,8400.0,8460.0,17026.0
2025-09-17,8460.0,8485.0,8375.0,8455.0,13778.0
2025-09-18,8450.0,8495.0,8330.0,8415.0,16738.0
2025-09-19,8435.0,8435.0,8330.0,8390.0,6946.0
2025-09-22,8495.0,9850.0,8390.0,8545.0,1828072.0
2025-09-23,8545.0,8545.0,8325.0,8325.0,120610.0
2025-09-24,8325.0,8395.0,8070.0,8070.0,59340.0
2025-09-25,7900.0,8230.0,7900.0,8160.0,36896.0
2025-09-26,8155.0,8195.0,7990.0,8160.0,27592.0
2025-09-29,8250.0,8250.0,8105.0,8160.0,19614.0
2025-09-30,8160.0,8250.0,8070.0,8200.0,20720.0
2025-10-01,8120.0,8360.0,8100.0,8190.0,30646.0
2025-10-02,8100.0,8290.0,8065.0,8185.0,30582.0
2025-10-10,8270.0,8270.0,8050.0,8090.0,20312.0
2025-10-13,8050.0,8165.0,7950.0,8065.0,15984.0
2025-10-14,8240.0,8710.0,7975.0,7985.0,40210.0
2025-10-15,8000.0,8100.0,8000.0,8080.0,10746.0
2025-10-16,8010.0,8240.0,8000.0,8105.0,17616.0
2025-10-17,8105.0,8105.0,7975.0,7975.0,16978.0
2025-10-20,7970.0,8030.0,7960.0,7975.0,15626.0
2025-10-21,8040.0,8075.0,7975.0,8010.0,14030.0
2025-10-22,8010.0,8080.0,7955.0,8015.0,26578.0
2025-10-23,7985.0,8035.0,7910.0,7990.0,39990.0
2025-10-24,7985.0,7990.0,7870.0,7950.0,22640.0
2025-10-27,7885.0,7965.0,7880.0,7935.0,22672.0
2025-10-28,7980.0,8035.0,7920.0,7990.0,10406.0
2025-10-29,8065.0,8065.0,7905.0,7990.0,26820.0
2025-10-30,8015.0,8165.0,7885.0,7900.0,29630.0
2025-10-31,7995.0,7995.0,7850.0,7880.0,21716.0
2025-11-03,7880.0,7885.0,7735.0,7820.0,35612.0
2025-11-04,7920.0,7920.0,7780.0,7785.0,19644.0
2025-11-05,7925.0,8030.0,7660.0,7765.0,26468.0
2025-11-06,8025.0,8025.0,7740.0,7800.0,10152.0
2025-11-07,7695.0,7990.0,7695.0,7800.0,11082.0
2025-11-10,7945.0,7945.0,7800.0,7855.0,13314.0
2025-11-11,7850.0,7995.0,7805.0,7855.0,18070.0
2025-11-12,7855.0,7900.0,7770.0,7885.0,9176.0
2025-11-13,7875.0,7880.0,7815.0,7820.0,9436.0
2025-11-14,7815.0,8045.0,7780.0,8010.0,54154.0
2025-11-17,7950.0,8125.0,7915.0,8065.0,33962.0
2025-11-18,8065.0,8135.0,7945.0,7975.0,19230.0
2025-11-19,7955.0,8025.0,7910.0,7965.0,9892.0
2025-11-20,7965.0,8195.0,7955.0,8135.0,24242.0
2025-11-21,8130.0,8180.0,8025.0,8100.0,19564.0
2025-11-24,8100.0,8310.0,8090.0,8220.0,29360.0
2025-11-25,8350.0,8425.0,8145.0,8225.0,33598.0
2025-11-26,8225.0,8350.0,8110.0,8300.0,18380.0
2025-11-27,8250.0,8370.0,8250.0,8250.0,15710.0
2025-11-28,8170.0,8410.0,8170.0,8410.0,27174.0
2025-12-01,8450.0,8485.0,8345.0,8400.0,24350.0
2025-12-02,8500.0,8500.0,8320.0,8410.0,6598.0
2025-12-03,8535.0,8550.0,8400.0,8450.0,19060.0
2025-12-04,9295.0,10950.0,8925.0,9880.0,1895472.0
2025-12-05,10475.0,10800.0,10125.0,10650.0,507732.0
2025-12-08,10700.0,11800.0,10700.0,11375.0,586692.0
2025-12-09,11325.0,11725.0,11050.0,11375.0,202112.0
2025-12-10,11375.0,11500.0,10850.0,11175.0,112974.0
2025-12-11,10975.0,11675.0,10975.0,11200.0,131168.0
2025-12-12,11375.0,11425.0,10600.0,10800.0,128220.0
2025-12-15,10800.0,11612.5,10300.0,11450.0,185714.0
2025-12-16,11475.0,11725.0,11275.0,11450.0,211296.0
2025-12-17,11500.0,11600.0,11000.0,11100.0,140148.0
2025-12-18,11090.0,11090.0,10000.0,10130.0,147401.0
2025-12-19,10150.0,10200.0,9960.0,10130.0,58141.0
2025-12-22,10240.0,10240.0,9450.0,9650.0,87350.0
2025-12-23,9610.0,9860.0,9550.0,9740.0,37011.0
2025-12-24,9790.0,9830.0,9150.0,9560.0,29397.0
2025-12-26,9650.0,9790.0,9550.0,9680.0,18247.0
2025-12-29,9660.0,9710.0,9320.0,9360.0,29153.0
2025-12-30,9360.0,9370.0,9030.0,9060.0,29622.0
2026-01-02,9060.0,9300.0,9020.0,9090.0,23761.0
2026-01-05,9000.0,9160.0,8950.0,9080.0,39435.0
2026-01-06,8730.0,9180.0,8610.0,9180.0,91027.0
2026-01-07,9110.0,9180.0,8880.0,8900.0,51120.0
2026-01-08,8640.0,9890.0,8450.0,9580.0,261869.0
2026-01-09,9580.0,9800.0,9260.0,9510.0,103021.0
2026-01-12,9520.0,9520.0,8940.0,9090.0,102562.0
2026-01-13,9090.0,9150.0,8890.0,9000.0,45492.0
2026-01-14,9180.0,9700.0,9150.0,9510.0,150167.0
2026-01-15,9510.0,10250.0,9200.0,9950.0,160395.0
2026-01-16,9900.0,9980.0,9210.0,9290.0,139225.0
2026-01-19,9260.0,9300.0,9000.0,9100.0,90756.0
2026-01-20,9140.0,9700.0,9040.0,9630.0,101316.0
2026-01-21,9420.0,9550.0,9100.0,9200.0,73880.0
2026-01-22,9200.0,9270.0,9010.0,9190.0,59870.0
2026-01-23,9330.0,9540.0,9070.0,9320.0,85591.0
2026-01-26,9330.0,9470.0,9250.0,9350.0,54064.0
2026-01-27,9330.0,9430.0,9250.0,9360.0,36254.0
