Date,Open,High,Low,Close,Volume
2016-02-01,15934.37165979928,16182.699529822126,15603.267833102153,15851.595703125,24572.0
2016-02-02,15810.205398787315,17258.784427472016,15727.429454291045,16637.96484375,112831.0
2016-02-03,16637.96943819789,17010.461291291875,15975.761699364144,16679.357421875,37418.0
2016-02-04,16886.295939837906,16927.683920082607,16348.252196656797,16596.580078125,33920.0
2016-02-05,16472.419238035265,16720.747166246852,15810.211429471034,16431.03125,72017.0
2016-02-11,15975.758969514265,16141.310875934103,15189.38741402004,15230.775390625,63886.0
2016-02-12,14651.344763148414,15148.000517831411,13658.033253782422,14361.62890625,93033.0
2016-02-15,14154.689208984377,14609.956990559896,13906.361328125002,13906.361328125,84699.0
2016-02-16,14154.68834693031,14734.120033646755,13740.808570704277,14030.5244140625,99894.0
2016-02-17,14237.46405291411,14237.46405291411,13368.316538055982,13492.48046875,58782.0
2016-02-18,13533.869377654732,13782.19725614381,12416.393924453883,12788.8857421875,200811.0
2016-02-19,12623.335287495025,13161.379086634157,12623.335287495025,12995.8271484375,80088.0
2016-02-22,12995.826905048078,13575.258677884616,12871.662953725961,13451.0947265625,67333.0
2016-02-23,13451.094836723514,13699.422741401488,12954.439027367569,13575.2587890625,64952.0
2016-02-24,13575.258677884616,13658.034645432692,13285.542791466347,13451.0947265625,30545.0
2016-02-25,13409.706742788461,13575.258677884616,13202.76682391827,13451.0947265625,38180.0
2016-02-26,13368.317419897152,13451.09337915348,13037.213582871835,13078.6015625,36506.0
2016-02-29,13037.215132986665,13326.931024830812,12913.051179339172,12995.8271484375,29638.0
2016-03-02,13078.6015625,13244.153481012658,12995.825603243671,13078.6015625,34279.0
2016-03-03,13244.153519417476,13368.317458662013,12706.109782691141,12788.8857421875,58610.0
2016-03-04,12788.884644779473,12788.884644779473,12250.840954222407,12375.0048828125,137392.0
2016-03-07,12416.394298041045,13864.9736328125,12416.394298041045,13864.9736328125,204251.0
2016-03-08,14113.300940629635,14113.300940629635,13492.481251159124,13947.7490234375,89634.0
2016-03-09,14030.524888904816,14030.524888904816,13368.31722453173,13533.869140625,88446.0
2016-03-10,13533.870874707945,13740.810796339565,13244.154984423676,13285.54296875,72905.0
2016-03-11,13326.930317741613,13368.318300094848,12913.050494209265,12954.4384765625,60656.0
2016-03-14,13078.601310483871,13161.377268145161,12830.2734375,12830.2734375,49411.0
2016-03-15,12954.436805138223,13119.988713191105,12788.884897085338,12913.048828125,47668.0
2016-03-16,12913.049643987342,13451.09337915348,12871.661664359177,13078.6015625,62918.0
2016-03-17,13326.930912128215,13368.318896327371,12830.275101738343,12871.6630859375,79477.0
2016-03-18,12954.437623615506,13161.377521756329,12664.721766218354,13078.6015625,104735.0
2016-03-21,13285.541299438477,13285.541299438477,12954.437466430665,13244.1533203125,59857.0
2016-03-22,13492.480775845126,13575.256731525156,13037.213019604953,13161.376953125,146655.0
2016-03-23,13119.988676667945,13492.48046875,12913.048792177913,13492.48046875,113060.0
2016-03-24,13492.480704968657,14154.68834693031,13409.70474972345,14030.5244140625,166832.0
2016-03-25,14030.526656111317,14568.570451183432,13658.034797984466,13989.138671875,173490.0
2016-03-28,13906.362883607784,14154.690792243638,13699.422959744574,13823.5869140625,75424.0
2016-03-29,13823.585120738637,13989.137038352274,13533.869264914772,13658.033203125,90625.0
2016-03-30,14071.91329074848,15934.372402759307,13616.6455078125,13616.6455078125,1076642.0
2016-03-31,13658.034757288491,13823.586693740473,13368.318868497523,13575.2587890625,145900.0
2016-04-01,13575.257318037975,13658.033277294304,13037.213582871835,13078.6015625,171330.0
2016-04-04,13037.213512073864,13658.033203125,12913.049573863636,13658.033203125,133249.0
2016-04-05,13658.034827686917,13658.034827686917,13202.767000097352,13285.54296875,100738.0
2016-04-06,13285.541460640823,13368.317419897152,13037.213582871835,13078.6015625,114539.0
2016-04-07,13119.990991132436,13285.542927929058,12871.6630859375,12871.6630859375,134400.0
2016-04-08,12706.109501008064,12995.825352822581,12664.721522177419,12830.2734375,79503.0
2016-04-11,12830.275101738343,12954.439054335811,12747.499133340032,12871.6630859375,48179.0
2016-04-12,12706.109782691141,12871.661701683859,12623.33382319478,12788.8857421875,54586.0
2016-04-14,12706.109782691141,13078.601600424756,12706.109782691141,12788.8857421875,94809.0
2016-04-15,12788.885152564859,13161.376953125,12664.721219044812,13161.376953125,103983.0
2016-04-18,13244.15290880503,13285.540886645047,12995.825041764936,13161.376953125,78557.0
2016-04-19,13161.379195830048,13161.379195830048,12913.051286474763,13119.9912109375,86938.0
2016-04-20,13119.989542128164,13285.541460640823,13037.213582871835,13078.6015625,81861.0
2016-04-21,13119.99018313561,13658.03394458912,13078.602201485339,13409.7060546875,250647.0
2016-04-22,13575.256682981928,13864.972526826055,13326.92881682982,13740.80859375,192052.0
2016-04-25,13864.972972811545,13864.972972811545,13202.765308438456,13533.869140625,202106.0
2016-04-26,13409.7060546875,13492.48201798804,13244.15412808642,13409.7060546875,109514.0
2016-04-27,13409.70536232585,13575.257280379257,13202.765464759093,13368.3173828125,72607.0
2016-04-28,13368.316842325077,13409.704820165094,13161.376953125,13161.376953125,61964.0
2016-04-29,13078.600736177885,13202.764667217549,12747.496920072115,12913.048828125,84423.0
2016-05-02,12995.824782151443,13119.988713191105,12747.496920072115,12913.048828125,63934.0
2016-05-03,12954.437744905956,13285.541585031347,12706.109864811911,13202.765625,116122.0
2016-05-04,13202.767180722594,13202.767180722594,12871.663301582217,13119.9912109375,99455.0
2016-05-09,13202.765464759093,13533.869300865905,13078.60152621904,13368.3173828125,159916.0
2016-05-10,13244.153685410334,13616.6455078125,13161.377724876518,13616.6455078125,106978.0
2016-05-11,13864.973389413943,14113.301271015387,13533.869547278684,13616.6455078125,245263.0
2016-05-12,13658.033524882587,14320.2412109375,13492.481603368858,14320.2412109375,268677.0
2016-05-13,14320.240926693084,14485.79284492075,14196.076988022334,14361.62890625,116286.0
2016-05-16,14278.852303746236,14361.628259130272,13616.644660673946,13740.80859375,166946.0
2016-05-17,13782.198619495739,14692.734264026989,13575.25870028409,14568.5703125,231666.0
2016-05-18,14485.793008609693,14485.793008609693,13989.137248314504,14196.0771484375,146034.0
2016-05-19,14113.300392978163,14320.240281438253,13616.644660673946,13740.80859375,126021.0
2016-05-20,13699.420616057983,13989.136459902109,13658.032638365965,13740.80859375,54068.0
2016-05-23,13782.1962890625,13989.136173282657,13616.644381686374,13782.1962890625,68373.0
2016-05-24,13740.810796339565,13947.750717971185,13244.154984423676,13285.54296875,110695.0
2016-05-25,13451.093341839201,13658.033239405959,13285.541423785797,13368.3173828125,76094.0
2016-05-26,13409.704820165094,13409.704820165094,12830.273130404874,13161.376953125,128924.0
2016-05-27,13161.379086634157,13161.379086634157,12747.499241142516,12995.8271484375,94277.0
2016-05-30,12995.825445556642,13285.541299438477,12788.88554992676,13244.1533203125,74178.0
2016-05-31,13078.601371368502,13616.645098671637,13078.601371368502,13533.869140625,82416.0
2016-06-01,13616.64513244629,13616.64513244629,13161.377362060548,13244.1533203125,77914.0
2016-06-02,13244.15290880503,13326.928864485062,12954.437063924921,13161.376953125,64266.0
2016-06-03,13244.15376984127,13285.541750372024,12913.049925595238,13037.2138671875,62104.0
2016-06-07,13037.213019604953,13202.764930965015,12913.049086084906,13161.376953125,42607.0
2016-06-08,13244.155055732484,13244.155055732484,12788.88722569168,12995.8271484375,107158.0
2016-06-09,12913.049969561687,12995.825930905032,12499.170162844966,12747.498046875,144264.0
2016-06-10,12664.722085531655,12747.498046875,12540.558143516639,12747.498046875,44825.0
2016-06-13,12664.722007393037,12747.497968225673,12333.6181640625,12333.6181640625,56655.0
2016-06-14,12333.618284105067,12623.334149839078,12250.842322466779,12457.7822265625,65963.0
2016-06-15,12457.783312345806,12581.947265625,12333.619359066612,12581.947265625,40563.0
2016-06-16,12623.334246379573,12623.334246379573,11671.410680259147,11878.3505859375,172627.0
2016-06-17,11919.738736749116,11961.126718473939,11671.410846400177,11712.798828125,70616.0
2016-06-20,11836.962320963543,12043.902221679688,11754.186360677084,11919.73828125,61498.0
2016-06-21,11836.961608471513,12250.841384991496,11671.40969786352,12168.0654296875,52373.0
2016-06-22,12168.066808752112,12416.394702808277,12002.514879381335,12250.8427734375,66565.0
2016-06-23,12250.842203229866,12416.394124895134,11919.73835989933,12333.6181640625,68575.0
2016-06-24,12416.39434070122,12457.78232183689,10843.651057545732,11878.3505859375,232130.0
2016-06-27,11754.186202375857,12209.453977819992,11216.14246776006,12085.2900390625,84168.0
2016-06-28,12085.29024077869,12830.273885758197,11961.126299948772,12623.333984375,138046.0
2016-06-29,12747.496655433008,13119.988440819037,12581.944750816994,12664.720703125,122178.0
2016-06-30,12788.884644779473,12788.884644779473,12292.228930419105,12375.0048828125,62433.0
2016-07-01,12416.39342645202,12540.55736071654,12209.453536011153,12292.2294921875,70676.0
2016-07-04,12250.841514099326,12333.617470275673,12126.677579834806,12292.2294921875,43175.0
2016-07-05,12292.229362643495,12292.229362643495,12043.901496731505,12168.0654296875,43493.0
2016-07-06,12085.289474383502,12292.229362643495,12043.901496731505,12168.0654296875,45937.0
2016-07-07,12168.06735455185,12913.051070136655,12168.06735455185,12871.6630859375,117006.0
2016-07-08,12830.2734375,12871.661416330646,12499.169606854839,12830.2734375,55881.0
2016-07-11,12830.2734375,12995.825352822581,12664.721522177419,12830.2734375,55417.0
2016-07-12,12830.275210240845,13161.379086634157,12788.88722569168,12995.8271484375,80685.0
2016-07-13,13078.601180781758,13078.601180781758,12664.721396579804,12706.109375,50997.0
2016-07-14,12706.111149140876,12871.6630859375,12623.335180742564,12871.6630859375,46922.0
2016-07-15,12913.048828125,12954.436805138223,12706.108943058895,12913.048828125,47471.0
2016-07-18,12913.049969561687,12954.43795023336,12664.722085531655,12747.498046875,42830.0
2016-07-19,12788.88718775699,12830.275172183388,12540.559281198603,12581.947265625,38532.0
2016-07-20,12457.783312345806,12706.111218904194,12333.619359066612,12581.947265625,57880.0
2016-07-21,12540.5595703125,12540.5595703125,12375.007628790223,12540.5595703125,58137.0
2016-07-22,12540.557944749216,13285.541585031347,12499.169964733543,13202.765625,212959.0
2016-07-25,13285.540886645047,14071.912465605345,12913.049086084906,13161.376953125,332925.0
2016-07-26,13161.377177350832,13782.196855527758,12913.049306080062,13699.4208984375,139322.0
2016-07-27,13782.197141335228,14030.525017755683,13575.257244318182,13658.033203125,114324.0
2016-07-28,13740.810944517216,14071.914822698354,13533.871020654005,13823.5869140625,105287.0
2016-07-29,13782.197106245363,13989.137002735533,13616.645189053226,13947.7490234375,65648.0
2016-08-01,13947.748196438626,13989.136173282657,13409.704497466217,13782.1962890625,94406.0
2016-08-02,13823.586580528847,13823.586580528847,13409.706742788461,13451.0947265625,71058.0
2016-08-03,13451.092491851994,13492.48046875,13202.764630463957,13492.48046875,59409.0
2016-08-04,13492.48046875,13616.644399444018,13285.540584259968,13492.48046875,41424.0
2016-08-05,13492.481285511363,13864.973100142046,13409.705326704547,13658.033203125,68239.0
2016-08-08,13658.034797984466,14237.466577292898,13658.034797984466,13989.138671875,149879.0
2016-08-09,14154.690718933285,14154.690718933285,13906.362811583578,14113.302734375,70198.0
2016-08-10,14154.690860037077,14692.73466465837,14030.52690512447,14651.3466796875,176922.0
2016-08-11,14609.955923549107,14734.119854910714,14237.464129464286,14485.7919921875,107582.0
2016-08-12,14485.79434481534,14858.286199396307,14403.018377130682,14568.5703125,71388.0
2016-08-16,14403.018626282992,14527.182579957844,14113.302734375,14113.302734375,82409.0
2016-08-17,14030.526079963236,14320.241957720587,13864.974149816177,14071.9140625,49968.0
2016-08-18,14237.465414839182,14320.241376553364,13989.137529696638,14154.689453125,49933.0
2016-08-19,14278.854746561565,14278.854746561565,13575.259005426647,13823.5869140625,97863.0
2016-08-22,13823.585157459365,13864.973136972716,13078.60152621904,13368.3173828125,121509.0
2016-08-23,13285.541299438477,13451.093215942383,13078.601403808594,13244.1533203125,73986.0
2016-08-24,13285.54296875,13409.706921728974,13119.991031444704,13285.54296875,35826.0
2016-08-25,13285.54296875,13616.646843360593,13119.991031444704,13285.54296875,53633.0
2016-08-26,13285.54304028165,13409.706993929141,12954.439163888337,12995.8271484375,55431.0
2016-08-29,12954.439125462583,12995.82710988898,12540.559281198603,12581.947265625,89729.0
2016-08-30,12747.49776243932,12830.273721935679,12581.945843446601,12788.8857421875,66832.0
2016-08-31,13161.37785359172,13161.37785359172,12375.006220829951,12747.498046875,90394.0
2016-09-01,12581.946081349208,13078.601847718255,12581.946081349208,13037.2138671875,50932.0
2016-09-02,12995.8271484375,13037.215132986665,12830.275210240845,12995.8271484375,31515.0
2016-09-05,13037.215022734123,13119.990991132436,12788.887117539187,12871.6630859375,42775.0
2016-09-06,12954.436805138223,12995.824782151443,12706.108943058895,12913.048828125,63069.0
2016-09-07,12913.050494209265,12954.4384765625,12664.722600089857,12954.4384765625,60952.0
2016-09-08,12913.051141036185,12913.051141036185,12250.843390213817,12581.947265625,139298.0
2016-09-09,12416.39342645202,12623.333316892888,12292.2294921875,12292.2294921875,60916.0
2016-09-12,12043.901310847355,14568.567908653848,11961.125356820914,12913.048828125,1233123.0
2016-09-13,12995.824782151443,13037.212759164664,12706.108943058895,12913.048828125,143640.0
2016-09-19,13161.377362060548,13658.033111572266,13037.213424682617,13244.1533203125,187164.0
2016-09-20,13244.154916158537,13616.646773175496,13161.378947932546,13575.2587890625,100611.0
2016-09-21,13699.421147649295,14361.62881641784,13368.31731326502,13947.7490234375,311150.0
2016-09-22,13947.75064607946,14527.182423661396,13492.48282083651,13575.2587890625,473788.0
2016-09-23,13658.034974971932,13989.13885315307,13492.483035881363,13823.5869140625,127636.0
2016-09-26,13906.361044139465,14071.912961331602,13533.869230457158,13947.7490234375,105412.0
2016-09-27,13823.584265906531,13989.136173282657,13699.420335374438,13782.1962890625,111581.0
2016-09-28,13989.137038352274,13989.137038352274,13533.869264914772,13658.033203125,140437.0
2016-09-29,13699.421056718273,13823.584993788227,13451.093182578365,13533.869140625,83630.0
2016-09-30,13492.480704968657,14154.68834693031,13326.928794478245,14030.5244140625,219373.0
2016-10-04,14237.466688049853,14403.018626282992,13823.586842467008,14113.302734375,201044.0
2016-10-05,14113.300392978163,14196.0763483622,13740.80859375,13740.80859375,123503.0
2016-10-06,13740.808570704277,14030.5244140625,13533.868682591261,14030.5244140625,114923.0
2016-10-07,14237.466761788923,14278.854746561565,13740.810944517216,13823.5869140625,165168.0
2016-10-10,13823.585328216108,14237.4651284621,13658.033408117712,14196.0771484375,130104.0
2016-10-11,14278.852822946947,14568.56867732558,14071.912926962208,14237.46484375,197433.0
2016-10-12,14154.689323992769,15065.224894542012,14113.301343513258,15023.8369140625,445863.0
2016-10-13,15106.614189558131,15561.882014448925,14899.674269153225,15396.330078125,364124.0
2016-10-14,15313.554687500002,15396.330658783785,14941.062816722973,15313.5546875,187317.0
2016-10-17,15230.776984679665,15313.552946552925,14816.89717531337,14858.28515625,194253.0
2016-10-18,14734.120431483478,14816.896388963722,14361.628622822378,14403.0166015625,190485.0
2016-10-19,14403.018769862289,14734.122649629238,14237.466829978814,14651.3466796875,126544.0
2016-10-20,14692.73380055147,14734.121783088236,14071.9140625,14071.9140625,125780.0
2016-10-21,14113.301228841146,14113.301228841146,13782.197387695314,13906.361328125,131104.0
2016-10-24,13906.361328125002,14071.913248697918,13740.809407552084,13906.361328125,83907.0
2016-10-25,13906.361010174418,14403.01676053779,13658.033134992731,14237.46484375,111182.0
2016-10-26,14030.525348288476,14403.017171694364,13782.197466017884,14320.2412109375,116058.0
2016-10-27,14361.629661858415,15023.837369609812,14361.629661858415,14816.8974609375,181302.0
2016-10-28,14941.062279929578,14941.062279929578,14527.182438380283,14692.734375,103614.0
2016-10-31,14651.345818014706,14899.673713235294,14444.405905330883,14775.509765625,143744.0
2016-11-01,14734.122247869318,15189.390070134943,14568.5703125,14568.5703125,114977.0
2016-11-02,14403.016212665929,14568.568123156343,14030.5244140625,14030.5244140625,107690.0
2016-11-03,13906.360856681034,14485.792559042744,13823.58489920079,14403.0166015625,120544.0
2016-11-04,14320.240926693084,14485.79284492075,14113.301028908501,14361.62890625,47999.0
2016-11-07,14444.40562532734,14816.8974609375,14403.017643592877,14816.8974609375,81178.0
2016-11-08,14941.060455061432,14941.060455061432,14527.1806640625,14527.1806640625,70403.0
2016-11-09,14775.508911132814,14775.508911132814,12995.825764973959,13906.361328125,383787.0
2016-11-10,14485.792559042744,14651.344474003234,14154.688729121768,14403.0166015625,155745.0
2016-11-11,14403.015464907787,15147.9990234375,14196.075587538422,15147.9990234375,184108.0
2016-11-14,15272.1669921875,15396.330951473577,14858.287127900576,15272.1669921875,126802.0
2016-11-15,15272.16447049781,15396.328409282345,15106.61255211843,15354.9404296875,107217.0
2016-11-16,15561.88013334424,15892.983965968586,15354.940237954024,15810.2080078125,143620.0
2016-11-17,15892.98429144385,15934.372271369486,15313.55257248496,15479.1044921875,117363.0
2016-11-18,15354.939320439877,15603.267180069632,15147.999437415081,15230.775390625,104058.0
2016-11-21,15106.612791673575,15686.04451518982,14899.672890417773,15603.2685546875,98820.0
2016-11-22,15686.046078124999,15851.598015624999,15396.3301875,15520.494140625,84258.0
2016-11-23,15603.26847219857,15603.26847219857,15106.612711810285,15189.388671875,80902.0
2016-11-24,15106.614759290542,15396.330658783785,14899.674831081082,15313.5546875,88158.0
2016-11-25,15106.614759290542,15396.330658783785,15106.614759290542,15313.5546875,32166.0
2016-11-28,15313.554852089186,15396.33082426264,14734.123046875,14734.123046875,93871.0
2016-11-29,14651.342912946428,15065.22265625,14568.566964285714,15065.22265625,67648.0
2016-11-30,15065.22265625,15147.998604910714,14899.67075892857,15065.22265625,22665.0
2016-12-01,15065.223784722222,15147.999739583334,14775.507942708333,14899.671875,42158.0
2016-12-02,14941.060455061432,14982.448434161324,14444.404705862715,14527.1806640625,85355.0
2016-12-05,14527.181112829661,14609.957073586525,14196.077269802205,14320.2412109375,61662.0
2016-12-06,14609.958406690143,14692.734375000002,14237.466549295776,14692.734375,55354.0
2016-12-07,14899.671763392857,14899.671763392857,14403.016037946429,14485.7919921875,50578.0
2016-12-08,14485.792167911135,14692.732056024151,13947.748458817294,14030.5244140625,148240.0
2016-12-09,14030.525348288476,14444.405152072797,13906.36140715318,14320.2412109375,126448.0
2016-12-12,14527.182438380283,14692.734375000002,14237.466549295776,14692.734375,91517.0
2016-12-13,14609.958694716632,14734.122649629238,14527.182724774895,14651.3466796875,53112.0
2016-12-14,14568.569093208092,14651.345053964957,14196.077269802205,14320.2412109375,97160.0
2016-12-15,14154.688175223213,14527.179969308036,14154.688175223213,14485.7919921875,55092.0
2016-12-16,14527.180824477666,14527.180824477666,14278.852947136167,14361.62890625,42714.0
2016-12-19,14320.23953804348,14403.015489130436,14113.299660326087,14278.8515625,67074.0
2016-12-20,14278.854533450705,14899.674295774648,14237.466549295776,14692.734375,128016.0
2016-12-21,14734.121213440112,14982.449099059888,14692.733232503482,14858.28515625,82498.0
2016-12-22,14858.28573069853,14858.28573069853,14568.569852941177,14775.509765625,53199.0
2016-12-23,14775.511032961727,14899.674991221911,14568.57110252809,14734.123046875,63427.0
2016-12-26,14609.957073586525,14734.12101472182,14113.30130904534,14320.2412109375,117553.0
2016-12-27,14320.240926693084,14403.016885806917,14196.076988022334,14361.62890625,60681.0
2016-12-28,14461.652125816561,14795.061973097634,14336.623433086159,14753.3857421875,59711.0
2016-12-29,14753.384682395243,14753.384682395243,14503.327314897017,14670.0322265625,41710.0
2017-01-02,14628.354694234915,15795.2889718377,14628.354694234915,15711.9365234375,336885.0
2017-01-03,15753.615834153545,16003.673228346457,15545.234672326116,15878.64453125,154169.0
2017-01-04,15961.996995980971,15961.996995980971,15545.234672326116,15878.64453125,123170.0
2017-01-05,15836.96785013089,15920.3203125,15586.91046302356,15920.3203125,110864.0
2017-01-06,15920.317644437999,15920.317644437999,15670.260299237401,15711.9365234375,77485.0
2017-01-09,15711.938431258053,16253.729411646262,15545.233514215528,16170.376953125,209272.0
2017-01-10,16420.43432868879,17962.45481133215,16170.376953125,16170.376953125,1323977.0
2017-01-11,16170.376393687186,16628.81489969378,16045.347710230842,16587.138671875,184494.0
2017-01-12,16753.84286045792,17003.90021658416,16503.78550433168,16837.1953125,175227.0
2017-01-13,16920.550330159705,17337.312653562654,16545.46423909705,16962.2265625,167456.0
2017-01-16,17295.634544794284,17378.987000431847,16378.757532781094,16587.138671875,182026.0
2017-01-17,16462.109988418655,16753.843583150127,16337.081304962312,16587.138671875,92073.0
2017-01-18,17045.579032162117,17212.28396157202,16420.435546875,16420.435546875,250758.0
2017-01-19,16587.14178482487,16628.818020465136,15878.645778940392,16212.0556640625,198263.0
2017-01-20,16087.024839339718,16128.701069493447,15336.85269657258,15503.5576171875,230332.0
2017-01-23,15503.55821875,15878.6443046875,15420.205755208333,15628.5869140625,122240.0
2017-01-24,15670.262537802419,15753.614998109879,15253.500236265121,15503.5576171875,128599.0
2017-01-25,15586.91190238621,15795.293077551802,15295.178257154383,15336.8544921875,93112.0
2017-01-26,15420.20381314767,16087.0234375,15336.851360103627,16087.0234375,126974.0
2017-01-31,16087.02695714171,16295.408135343028,15878.645778940392,16212.0556640625,83308.0
2017-02-01,16253.729571906886,16545.46317960778,16128.700882892219,16337.08203125,124374.0
2017-02-02,16253.72798859127,16337.080439814816,15545.232153191138,15753.61328125,170034.0
2017-02-03,15795.289506861773,16337.080439814816,15545.232153191138,15753.61328125,201882.0
2017-02-06,16045.350907175165,16128.70337942023,15753.617254317434,15836.9697265625,110568.0
2017-02-07,15836.9697265625,15920.322198807566,15628.588545949835,15836.9697265625,86157.0
2017-02-08,15836.967617603059,15878.643848175698,15420.205311876662,15670.2626953125,80094.0
2017-02-09,15503.55672418115,15711.937862947025,15503.55672418115,15586.9091796875,46940.0
2017-02-10,15795.291597173456,15920.320290554777,14586.680894487361,14836.73828125,334538.0
2017-02-13,14795.062126287536,14920.0908203125,14545.004738237605,14920.0908203125,113512.0
2017-02-14,14961.767051654155,15003.44328299581,14711.709663604226,14920.0908203125,70455.0
2017-02-15,15003.443956611569,15170.14888946281,14878.41525697314,15128.47265625,96432.0
2017-02-16,15170.147380006907,15253.499838138812,14753.385089347377,15086.794921875,99186.0
2017-02-17,15086.795291826253,15128.47152191417,14961.7666015625,14961.7666015625,56941.0
2017-02-20,15045.118277809837,15045.118277809837,14628.35599864613,14670.0322265625,71012.0
2017-02-21,14836.736858806022,15086.794221594888,14795.060631674543,14878.4130859375,83360.0
2017-02-22,15086.795049132435,15086.795049132435,14670.032754957507,14711.708984375,89928.0
2017-02-23,14795.062038766398,14795.062038766398,14211.594803434766,14294.947265625,178429.0
2017-02-24,14253.271034529884,14461.652190005467,14211.594803434766,14294.947265625,63840.0
2017-02-27,14336.623046875,14503.32796602471,14169.918127725292,14336.623046875,63967.0
2017-02-28,14586.68005335915,14586.68005335915,14211.593994844201,14461.6513671875,63815.0
2017-03-02,14419.977332261029,14586.682272518383,14169.919921875,14169.919921875,86499.0
2017-03-03,14086.565348307293,14169.917805989584,13586.450602213543,14003.212890625,107570.0
2017-03-06,14003.213572214076,14294.947188301869,13753.156186995968,14211.5947265625,71705.0
2017-03-07,14211.596156939338,14378.30109719669,14128.243686810662,14169.919921875,47835.0
2017-03-08,14253.271034529884,14336.623496720116,14086.566110149417,14294.947265625,48230.0
2017-03-09,14253.270303545845,14795.061279996418,14253.270303545845,14545.00390625,120803.0
2017-03-10,14586.679713611296,15586.9091796875,14044.88875282002,15586.9091796875,397934.0
2017-03-13,15670.260830026456,15920.31818369709,15628.584604414684,15753.61328125,257923.0
2017-03-14,15878.645962685034,16045.350907175165,15586.912309827303,15836.9697265625,138223.0
2017-03-15,15836.96785013089,16003.67277486911,15711.939156577226,15920.3203125,142556.0
2017-03-16,15836.96564114987,16503.785247093023,15795.289415778423,16128.69921875,248032.0
2017-03-17,16295.405801578443,16587.139409279334,16170.377112563774,16337.08203125,155695.0
2017-03-20,16212.052816795876,16337.081501758312,15753.614305266943,16295.4052734375,129824.0
2017-03-21,16337.084560032894,16378.760796155428,15836.9697265625,15836.9697265625,98352.0
2017-03-22,15628.584514292636,16295.404120235788,15628.584514292636,16128.69921875,159432.0
2017-03-23,16253.728515625,16337.080969551283,15920.318699919873,16253.728515625,116851.0
2017-03-24,16378.758260921555,16545.46317960778,16170.377112563774,16337.08203125,113048.0
2017-03-27,16295.405516963161,16587.13911956864,16253.729288019522,16545.462890625,118588.0
2017-03-28,16628.814182394803,17045.576442605197,16628.814182394803,16837.1953125,185111.0
2017-03-29,16962.226868586753,17003.903101679105,16670.4932369403,16753.845703125,92991.0
2017-03-30,16837.197109375,17045.57826171875,16462.11103515625,16670.4921875,83632.0
2017-03-31,16670.493080900244,17128.931640625,16670.493080900244,17128.931640625,153290.0
2017-04-03,17420.66584638466,17795.751953125,17170.6084418911,17795.751953125,201076.0
2017-04-04,17962.456138667076,18129.161068028254,16670.492936117935,16962.2265625,306869.0
2017-04-05,17253.957987132355,17879.101392463235,17128.929306066177,17712.396484375,248544.0
2017-04-06,17837.430106707317,18004.13506097561,17003.905335365853,17087.2578125,200375.0
2017-04-07,17087.254355134475,17337.311735941323,16837.196974327628,17045.578125,148052.0
2017-04-10,17045.579334771453,17128.931800956158,16128.70220673974,16753.845703125,285285.0
2017-04-11,16837.198732805024,17587.370953573565,16837.198732805024,17420.666015625,220535.0
2017-04-12,17420.667721036585,17504.020198170732,17003.905335365853,17087.2578125,89007.0
2017-04-13,17212.28652820122,17212.28652820122,16712.17166539634,17087.2578125,80211.0
2017-04-14,16878.87226660647,17212.28208915672,16545.46244405622,16587.138671875,96069.0
2017-04-17,16545.46244405622,16837.19603878769,16420.433760599873,16587.138671875,100705.0
2017-04-18,16753.845546304747,17170.60787332725,16545.464382793492,17128.931640625,125723.0
2017-04-19,17170.606125876166,17879.102009710863,17170.606125876166,17837.42578125,262887.0
2017-04-20,17754.07299107143,17962.454129464284,17504.015625,17504.015625,133703.0
2017-04-21,17629.042887369793,18295.86247649016,17504.014214409723,18004.12890625,221416.0
2017-04-24,17879.103664477483,18170.83729070439,17462.34134129619,18045.80859375,153220.0
2017-04-25,18170.83498161765,18212.511208639706,17670.720257352943,17712.396484375,135363.0
2017-04-26,17712.397380134455,17754.073609264186,17087.253943188534,17629.044921875,177924.0
2017-04-27,17670.720987470166,17754.073444958234,17337.3111575179,17462.33984375,86089.0
2017-04-28,17629.044758726133,17879.102131190335,17462.33984375,17462.33984375,124138.0
2017-05-02,17545.69115485767,17629.04360689975,16837.1953125,16837.1953125,111612.0
2017-05-04,16962.225985646804,17962.455527797967,16795.521061954943,17920.779296875,207690.0
2017-05-08,18004.131020642202,18212.51216671445,17754.073645355504,18170.8359375,231698.0
2017-05-10,18837.65560493119,18921.008063360092,17629.044957712154,18170.8359375,430510.0
2017-05-11,18879.33203125,18879.33203125,18295.86481615618,18879.33203125,317709.0
2017-05-12,18879.33429827009,19254.42041015625,18504.248186383928,18670.953125,190004.0
2017-05-15,18587.597488334275,18670.949943438914,18170.835212811086,18420.892578125,150493.0
2017-05-16,18545.921592881947,18754.302734375,18045.80685329861,18754.302734375,171470.0
2017-05-17,18712.63047053776,18795.98294479405,18212.515625,18212.515625,97393.0
2017-05-18,17795.752093604988,18462.571844185033,17629.047155959975,17962.45703125,128470.0
2017-05-19,17378.988011853446,18295.865077227012,17212.283090876437,18129.16015625,250751.0
2017-05-22,17879.102751962382,18212.512593490817,17545.692910433947,17587.369140625,163648.0
2017-05-23,17754.07421875,17962.45537155223,17128.930760343308,17754.07421875,206989.0
2017-05-24,17962.453036221592,18587.596413352272,17879.1005859375,18337.5390625,146719.0
2017-05-25,18504.24396306818,18962.68243963068,18129.157936789772,18337.5390625,195334.0
2017-05-26,18379.216291520977,18379.216291520977,17504.015515734267,17879.1015625,122844.0
2017-05-29,18045.8057657385,18045.8057657385,17170.605024213077,17212.28125,132770.0
2017-05-30,17337.3113179669,17670.721151004727,17003.901484929076,17629.044921875,124939.0
2017-05-31,17670.72281626506,17712.39904932229,17170.608019578314,17295.63671875,94551.0
2017-06-01,17378.987672667572,17754.073737545288,17253.958984375,17253.958984375,74679.0
2017-06-02,17295.635529287618,17629.045370816053,17212.283068905508,17587.369140625,66273.0
2017-06-05,17587.36824697818,17795.749387345222,17378.987106611145,17670.720703125,96975.0
2017-06-07,17795.74859019035,17795.74859019035,17128.92897088579,17378.986328125,114323.0
2017-06-08,17462.34395960366,17462.34395960366,17087.2578125,17087.2578125,71275.0
2017-06-09,17087.2578125,17295.639005335364,17003.905335365853,17087.2578125,69430.0
2017-06-12,17629.046598064364,17670.722831156716,16753.845703125,16753.845703125,121492.0
2017-06-13,16878.872722174117,16962.2251800614,16378.757974850441,16545.462890625,138689.0
2017-06-14,16545.46394306078,16712.16886943922,16378.75901668233,16628.81640625,77345.0
2017-06-15,16712.16780639956,16962.2251800614,16503.78666168136,16545.462890625,77539.0
2017-06-16,16503.78641504156,16587.138871683183,16170.376588475063,16295.4052734375,83202.0
2017-06-19,16253.729571906886,16378.758260921555,16087.024653220662,16337.08203125,67674.0
2017-06-20,16378.759395908128,16378.759395908128,15753.615907514688,15961.9970703125,84896.0
2017-06-21,15961.995229466076,16087.0239127256,15503.55672418115,15586.9091796875,104938.0
2017-06-22,15586.91023416722,15961.996309320977,15586.91023416722,15670.2626953125,80058.0
2017-06-23,15670.261172279794,16170.37589054404,15503.55626619171,16087.0234375,66681.0
2017-06-26,16087.025314331055,16337.082702636719,15961.996620178223,16003.6728515625,101017.0
2017-06-27,16003.671914357683,16545.462890625,15878.643227526763,16545.462890625,69023.0
2017-06-28,16545.463496093747,16878.87333984375,16462.11103515625,16670.4921875,75378.0
2017-06-29,16837.19603878769,16878.87226660647,16587.138671875,16587.138671875,55343.0
2017-06-30,16587.1397265625,16920.549570312498,16462.11103515625,16670.4921875,45615.0
2017-07-03,16670.49278846154,16837.197716346156,16503.787860576926,16795.521484375,35454.0
2017-07-04,16920.549570312498,16920.549570312498,16295.40611328125,16670.4921875,38859.0
2017-07-05,16670.492940989847,16712.16917334232,16295.406849817577,16420.435546875,33656.0
2017-07-06,16670.49186862245,16670.49186862245,16295.405801578443,16337.08203125,39017.0
2017-07-07,16253.728515625,16295.404742588142,15878.642472956732,16253.728515625,69150.0
2017-07-10,16128.69921875,16378.756570978683,15836.96564114987,16128.69921875,52978.0
2017-07-11,16045.349082946777,16378.758934020996,15920.320388793945,16003.6728515625,34892.0
2017-07-12,16087.024528522445,16795.52042744701,16045.34829917394,16712.16796875,95134.0
2017-07-13,16795.52042744701,16837.19665679551,16545.463051355986,16712.16796875,75962.0
2017-07-14,16712.16871538766,16753.8449465981,16337.08263449367,16462.111328125,62446.0
2017-07-17,16670.49132832481,16753.843784966433,16212.052816795876,16295.4052734375,46933.0
2017-07-18,16295.405640906894,16337.081870167525,16003.672036082473,16170.376953125,60076.0
2017-07-19,16087.024653220662,16378.758260921555,16003.67219387755,16337.08203125,62116.0
2017-07-20,16253.728343588084,16462.109476198188,15795.289851845855,16087.0234375,63678.0
2017-07-21,16045.349082946777,16295.406471252441,15961.996620178223,16003.6728515625,54793.0
2017-07-24,16462.110720264667,16753.84432796556,16128.700882892219,16337.08203125,145020.0
2017-07-25,16337.08262434555,16337.08262434555,15878.644081315446,15920.3203125,92893.0
2017-07-26,15961.997078230575,16087.025775971284,15378.529822107264,15420.2060546875,87374.0
2017-07-27,15545.234450520833,15836.968072916667,15420.205755208333,15628.5869140625,54423.0
2017-07-28,15628.587454803719,15628.587454803719,14920.09149018595,15128.47265625,84410.0
2017-07-31,14920.090545004987,15753.61515645778,14920.090545004987,15670.2626953125,44341.0
2017-08-01,15670.260830026456,15836.965732473545,15420.20347635582,15753.61328125,25111.0
2017-08-02,15795.291387030418,15878.643848175698,15586.91023416722,15670.2626953125,26204.0
2017-08-03,15628.585407440674,15753.6140907002,15170.146902155748,15586.9091796875,28896.0
2017-08-04,15545.234231839006,15920.3203125,15420.20553828534,15920.3203125,29622.0
2017-08-07,16045.349006053664,16170.37769960733,15795.291618946336,15920.3203125,25219.0
2017-08-08,16003.673376623377,16170.37830762987,15920.32091112013,16045.349609375,27617.0
2017-08-09,15961.99692086494,16170.37808171174,15628.587063510058,15795.2919921875,27061.0
2017-08-10,15795.289415778423,16670.49014857881,15753.613190406977,16128.69921875,103975.0
2017-08-11,15920.318699919873,16587.13833133013,15920.318699919873,16253.728515625,67931.0
2017-08-14,16337.083082170051,16712.16917334232,16337.083082170051,16420.435546875,55903.0
2017-08-16,16503.785877403847,16503.785877403847,16087.023607772437,16253.728515625,68722.0
2017-08-17,16128.69921875,16253.727894864342,15920.318091892765,16128.69921875,49101.0
2017-08-18,16003.67277486911,16253.73016197644,15836.96785013089,15920.3203125,19683.0
2017-08-21,16128.700140478777,16128.700140478777,15586.9091796875,15586.9091796875,37908.0
2017-08-22,15670.264782072369,15961.9984349301,15670.264782072369,15836.9697265625,22177.0
2017-08-23,15961.996620178223,16087.025314331055,15670.263000488281,16003.6728515625,31166.0
2017-08-24,15878.644157409668,16128.701545715332,15795.291694641113,16003.6728515625,41391.0
2017-08-25,15878.642472956732,16253.728515625,15878.642472956732,16253.728515625,33078.0
2017-08-28,16212.054390173886,16253.730622539371,15878.64453125,15878.64453125,24557.0
2017-08-29,15795.292212865259,16087.025842126623,15503.558583603895,16045.349609375,37541.0
2017-08-30,16045.349308894232,16962.226412259617,15836.968149038463,16795.521484375,112295.0
2017-08-31,16795.52087890625,16920.549570312498,16337.082343749998,16670.4921875,75729.0
2017-09-01,16670.492484177215,16670.492484177215,16420.435096914556,16462.111328125,17875.0
2017-09-04,16087.024494603736,16462.110557949418,15961.995806821842,16170.376953125,25578.0
2017-09-05,16170.3781578084,16337.083087270343,15878.64453125,15878.64453125,45687.0
2017-09-06,15836.9697265625,16003.674671052631,15420.207365337172,15836.9697265625,47476.0
2017-09-07,15961.995964205993,16420.43449059311,15795.291045519769,16337.08203125,28199.0
2017-09-08,16337.081870167525,16462.110557949418,16170.376953125,16170.376953125,18603.0
2017-09-11,16087.022904829544,16587.137606534092,16087.022904829544,16503.78515625,34038.0
2017-09-12,16378.759314522526,16628.816708637372,16337.083082170051,16420.435546875,24070.0
2017-09-13,16462.109612029733,17378.98660307949,16462.109612029733,17170.60546875,169772.0
2017-09-14,17170.605024213077,17295.63370157385,16795.51899213075,17212.28125,59741.0
2017-09-15,17170.60529641544,17170.60529641544,16462.109446806066,17003.900390625,62023.0
2017-09-18,16962.225664731053,17087.254355134475,16753.84451405868,17045.578125,39680.0
2017-09-19,16920.54776454208,17087.252668626235,16753.84286045792,16837.1953125,40034.0
2017-09-20,16837.195693108974,17003.90060096154,16128.699834735578,16253.728515625,54870.0
2017-09-21,16128.699479663646,16503.78551407443,15961.994575481076,16378.7568359375,24395.0
2017-09-25,16253.730773133117,16378.759471387986,16045.349609375,16045.349609375,36650.0
2017-09-26,15836.968445616883,16128.702074878247,15420.20611810065,16045.349609375,38398.0
2017-09-27,16212.053216567954,16712.16796875,15961.995840476933,16712.16796875,27980.0
2017-09-28,16712.167355331345,16795.519810968908,16420.433760599873,16587.138671875,15686.0
2017-09-29,16587.14017465539,16712.16886943922,16503.787711466164,16628.81640625,13760.0
2017-10-10,16712.169613993225,16920.55078125,16587.140913639163,16920.55078125,23812.0
2017-10-11,16920.551201779308,17462.342250112142,16753.846263830743,17420.666015625,78234.0
2017-10-12,17545.690784801136,18545.920188210228,17337.309659090908,18337.5390625,151021.0
2017-10-13,18420.892408675798,18504.244863013697,17962.45390981735,18254.1875,67230.0
2017-10-16,18212.513068836408,18379.217993951614,17754.074524769585,18087.484375,52950.0
2017-10-17,17962.455527797967,18337.541606104653,17837.42683502907,17920.779296875,40500.0
2017-10-18,17962.454129464284,18170.835267857143,17462.339397321426,17504.015625,42187.0
2017-10-19,17587.36666304977,18087.481354890046,17587.36666304977,18004.12890625,34312.0
2017-10-20,18004.1331235363,18004.1331235363,17504.018314549183,17795.751953125,23965.0
2017-10-23,17795.749387345222,17920.778071565448,17378.987106611145,17670.720703125,27850.0
2017-10-24,17670.720319634704,18295.863727168948,17545.691638127853,18254.1875,44211.0
2017-10-25,18212.51127283105,18295.863727168948,17879.101455479453,18254.1875,43536.0
2017-10-26,18129.158578904393,18170.834805522565,17420.662726395487,17545.69140625,57641.0
2017-10-27,17587.369296508215,17837.426679870892,17420.66437426643,17754.07421875,42337.0
2017-10-30,17837.426521771325,18004.131442535545,17587.369140625,17587.369140625,31613.0
2017-10-31,17587.369296508215,18129.160293794015,17504.016835387323,17754.07421875,67145.0
2017-11-01,18045.80647217366,18045.80647217366,17712.39665282634,17879.1015625,36239.0
2017-11-02,18170.834805522565,18212.511032140734,17545.69140625,17545.69140625,39943.0
2017-11-03,17587.370953573565,17712.39965703499,17295.637312163577,17420.666015625,45988.0
2017-11-06,17420.663169642856,17545.69185267857,17087.253348214286,17504.015625,24321.0
2017-11-07,17545.69123295114,17545.69123295114,17170.605197092325,17378.986328125,23785.0
2017-11-08,17462.339056811288,17462.339056811288,17045.576788152306,17170.60546875,38264.0
2017-11-09,17170.606525513285,17295.635213805857,16920.54914892814,17253.958984375,36480.0
2017-11-10,17253.96033873175,17253.96033873175,16962.226709815997,17128.931640625,27869.0
2017-11-13,17253.960036057695,17420.66496394231,16920.55018028846,17337.3125,61544.0
2017-11-14,17337.31037621359,17420.662829945388,17045.576788152306,17170.60546875,29671.0
2017-11-15,17087.256139727873,17670.72342254785,16962.227436266447,17420.666015625,70867.0
2017-11-16,17420.662726395487,17629.04385948634,17295.634046540974,17545.69140625,34933.0
2017-11-17,17545.691334443934,17545.691334443934,16753.843031939337,17003.900390625,57256.0
2017-11-20,17003.903248152707,17253.960648860837,16837.19831434729,16920.55078125,25533.0
2017-11-21,16878.874547798645,17087.255715055417,16795.522080895935,16920.55078125,27190.0
2017-11-22,16920.550027412282,17045.578722196115,16628.81640625,16628.81640625,34939.0
2017-11-23,16753.845546304747,17170.60787332725,16712.169313602495,17128.931640625,36126.0
2017-11-24,17253.958984375,17378.987672667572,16920.54914892814,17253.958984375,38654.0
2017-11-27,17337.312925170067,18629.276147959183,17128.93176020408,18379.21875,226951.0
2017-11-28,18462.567373770253,18462.567373770253,17837.42400896991,18004.12890625,55513.0
2017-11-29,18004.131602112677,18129.160293794015,17712.397988189554,17754.07421875,44398.0
2017-11-30,17754.07299107143,17920.777901785714,17504.015625,17504.015625,23647.0
2017-12-01,17754.072773972603,18337.5399543379,17712.39654680365,18254.1875,66895.0
2017-12-04,18295.863895468043,18504.24503322964,18087.48275770645,18420.892578125,96423.0
2017-12-05,18420.892518939392,18420.892518939392,17629.04419798951,17879.1015625,51222.0
2017-12-06,17879.102009710863,18045.806923554323,17545.692182023948,17837.42578125,34464.0
2017-12-07,17879.104594983553,17962.457063957834,17253.961077676435,17420.666015625,63296.0
2017-12-08,17420.665269540754,17629.046433052008,17128.931640625,17128.931640625,14345.0
2017-12-11,17003.900292266186,17378.986328125,16878.87161364658,17378.986328125,26604.0
2017-12-12,17253.96033873175,17462.341502243005,17128.931640625,17128.931640625,21075.0
2017-12-13,17128.931786521083,17504.017884036144,17128.931786521083,17295.63671875,17437.0
2017-12-14,17295.63370157385,17462.33860472155,16962.22389527845,17212.28125,20170.0
2017-12-15,17087.255715055417,17212.284415409482,16920.55078125,16920.55078125,28174.0
2017-12-18,16920.55018028846,17128.93134014423,16753.845252403848,16795.521484375,16556.0
2017-12-19,16795.520744193156,17337.311735941323,16753.84451405868,17045.578125,45026.0
2017-12-21,17462.339397321426,17670.720535714285,17253.95825892857,17504.015625,35609.0
2017-12-22,17504.017884036144,17670.72281626506,17212.28425263554,17295.63671875,18241.0
2017-12-26,17295.635213805857,17378.987672667572,16878.87291949728,17253.958984375,32202.0
2017-12-27,17554.90046574519,17763.887376051684,17304.116173377402,17387.7109375,51196.0
2017-12-28,17471.30788934426,17889.281762295082,17387.713114754097,17847.484375,39235.0
2018-01-02,17805.686987704918,17931.079149590165,17554.902663934427,17847.484375,24915.0
2018-01-03,17847.482063802083,17847.482063802083,17471.305626860118,17554.900390625,23819.0
2018-01-04,17805.68475811298,17805.68475811298,17304.116173377402,17387.7109375,28358.0
2018-01-05,17387.7109375,17638.49522986779,17304.116173377402,17387.7109375,39088.0
2018-01-08,17387.71170774648,17889.280314700707,17387.71170774648,17805.685546875,46527.0
2018-01-09,17889.279083806818,18976.010990767045,17847.48170276989,18390.84765625,180044.0
2018-01-10,18432.64630556778,18432.64630556778,17554.90124339789,17805.685546875,87643.0
2018-01-11,17972.873484411084,18181.86038539261,17763.88658342956,18098.265625,35679.0
2018-01-12,18265.457724883177,18390.84988317757,17847.483863901867,17889.28125,42186.0
2018-01-15,18223.659562783447,18516.241253011623,17889.280488236964,18432.646484375,43416.0
2018-01-16,18432.644966744087,18976.010918144708,18390.847585867115,18558.037109375,76197.0
2018-01-17,18599.8353515625,19101.4039453125,18558.03796875,18808.822265625,87497.0
2018-01-18,18934.2144140625,18934.2144140625,18641.632734375,18808.822265625,42427.0
2018-01-19,18725.22808988764,18767.025474016853,18307.254248595505,18599.8359375,48526.0
2018-01-22,18599.834923797538,19101.403506012306,18474.442778243847,18683.4296875,51538.0
2018-01-23,18725.22706935123,18850.61921490492,18349.050632690156,18683.4296875,66931.0
2018-01-24,18683.42836312072,18725.225742009134,18223.657195348176,18307.251953125,51571.0
2018-01-25,18307.25417935646,19728.365234375,18307.25417935646,19728.365234375,154786.0
2018-01-26,19895.555894581546,19895.555894581546,19185.000326917918,19477.58203125,76799.0
2018-01-29,19644.770466432732,20062.744306144068,19435.783546577066,19728.365234375,67527.0
2018-01-30,20188.136291503906,20229.933675130207,19393.986002604164,20062.744140625,68244.0
2018-01-31,19686.56647734877,20062.742906852247,19393.984809957172,19519.376953125,63262.0
2018-02-01,19519.37658372962,19811.95824558424,19226.794921875,19226.794921875,32315.0
2018-02-02,19352.189278960985,20480.71867535828,18850.620658339965,19686.568359375,62488.0
2018-02-05,19310.390974813432,19811.959571561834,18808.822378065033,19602.97265625,55387.0
2018-02-07,20188.136900235066,20188.136900235066,18892.41796875,18892.41796875,43204.0
2018-02-08,18767.02650606659,19017.810824633183,18432.64741464447,18516.2421875,37778.0
2018-02-09,17722.091705607476,18056.470794392524,17513.104775116823,17889.28125,67309.0
2018-02-12,17931.075285350176,18181.859555075356,17220.519854462174,17680.291015625,67696.0
2018-02-13,17847.479674258477,17889.277050544795,16593.558385668886,17262.31640625,82289.0
2018-02-14,17262.318578553615,17304.115960099753,16718.952618453866,16760.75,65367.0
2018-02-19,16927.942332424755,17220.524051750614,16802.550166999386,17011.537109375,38873.0
2018-02-20,17011.535332123814,17638.49609375,17011.535332123814,17638.49609375,50634.0
2018-02-21,17680.293477858413,17931.077782508884,17262.31963677429,17638.49609375,45786.0
2018-02-22,17638.49363733747,17680.291015625,17345.911989324763,17680.291015625,17994.0
2018-02-23,17722.090946471293,17847.483099394438,17304.11710339414,17471.306640625,20392.0
2018-02-26,17471.30498798077,18140.063073645106,17471.30498798077,17931.076171875,51522.0
2018-02-27,18265.456443544965,18516.240742541006,17972.87476138292,18474.443359375,33261.0
2018-02-28,18474.44465537383,18474.44465537383,17763.88909170561,17889.28125,16959.0
2018-03-07,17513.10150247488,17972.872663637707,17387.709367612293,17680.291015625,33454.0
2018-03-08,17805.685546875,17972.87508252641,17638.496011223593,17805.685546875,18575.0
2018-03-09,17972.8744924594,18014.671875,17722.090197215777,18014.671875,29667.0
2018-03-12,18432.645037286933,19352.18742009943,18181.860751065342,18390.84765625,91209.0
2018-03-13,18265.45609285201,18432.645622306034,17889.27965158046,18181.861328125,55070.0
2018-03-14,18349.053762335527,18683.43287417763,18014.67465049342,18265.458984375,53355.0
2018-03-15,18474.44502856553,18976.013671875,18056.47115914097,18976.013671875,72140.0
2018-03-16,19017.808742309844,19268.593033417226,18349.050632690156,18683.4296875,91032.0
2018-03-19,18516.239799360796,18516.239799360796,17972.873845880684,18390.84765625,115032.0
2018-03-20,18181.860453999125,18390.84735576923,17931.076171875,17931.076171875,42352.0
2018-03-21,17931.07946608583,18140.06640625,17805.687301987327,18140.06640625,19638.0
2018-03-22,18140.06402262181,18140.06402262181,17931.077109918795,18014.671875,19531.0
2018-03-23,17722.092713452086,17931.079655827703,17011.537109375,17011.537109375,30048.0
2018-03-26,17053.332797547846,17554.901409240432,16844.345876009273,17471.306640625,27391.0
2018-03-27,17722.087440617575,17722.087440617575,17220.518928147267,17596.6953125,24255.0
2018-03-28,17554.89804025424,17554.89804025424,17011.532148532082,17262.31640625,27443.0
2018-03-29,17262.318791316105,17471.305701622598,16927.939734825723,17387.7109375,26127.0
2018-03-30,17513.103677197385,17513.103677197385,17095.129842419406,17178.724609375,36599.0
2018-04-02,17220.520474788646,17471.304753547705,17011.533575822763,17304.115234375,80802.0
2018-04-03,17513.10546875,17513.10546875,17053.33420346062,17513.10546875,87765.0
2018-04-04,17638.498361280486,17680.295750762194,17053.334908536584,17136.9296875,36045.0
2018-04-05,17387.712985436894,17387.712985436894,16886.144341626212,17220.5234375,42773.0
2018-04-06,17178.72516994724,17178.72516994724,15966.601009537339,16091.9931640625,93791.0
2018-04-09,16050.195736434109,16342.77742954619,15715.816658591732,16175.587890625,57475.0
2018-04-10,16008.39727457061,16551.763239503816,16008.39727457061,16426.37109375,77207.0
2018-04-11,16551.76215930451,16844.343813635653,16384.57264254386,16677.154296875,35146.0
2018-04-12,16551.76171875,16760.748609138256,16300.97745028409,16551.76171875,28730.0
2018-04-13,16342.776256494019,16802.54745552582,16133.7893478432,16593.560546875,82073.0
2018-04-16,16468.170481337915,16593.56264236333,16217.386159287084,16342.7783203125,18224.0
2018-04-17,16217.384685905612,16509.96636838329,16175.587302694516,16384.57421875,20047.0
2018-04-18,16342.776835538903,16635.358518016583,16342.776835538903,16384.57421875,29646.0
2018-04-19,16300.978947996184,16468.16847566794,15715.815601145037,16426.37109375,112709.0
2018-04-20,16509.96696846738,16677.15650738857,16050.195736434109,16175.587890625,42158.0
2018-04-23,16133.789494296274,16384.57378695373,15966.59996585797,16259.181640625,28628.0
2018-04-24,16342.773938301281,16342.773938301281,15924.800180288461,16300.9765625,38130.0
2018-04-25,16008.397132169577,17095.129052369077,15966.599750623442,16760.75,71391.0
2018-04-26,16886.1446524463,17554.90285650358,16509.96816266408,17513.10546875,92392.0
2018-04-27,17513.103083683895,17680.292611929086,17095.129263070914,17387.7109375,55627.0
2018-04-30,17387.711136890954,18140.06402262181,17262.31898926914,18014.671875,59571.0
2018-05-02,17847.48457077864,17972.87673403938,17345.91591773568,17513.10546875,29503.0
2018-05-03,17722.09208131068,17722.09208131068,17053.333889563106,17220.5234375,19044.0
2018-05-04,17011.53435473172,17972.874133991747,16969.736973024763,17722.08984375,34453.0
2018-05-08,17638.498455882353,17763.890625,17095.132389705883,17763.890625,42467.0
2018-05-09,17805.684681919643,17889.279445684522,17387.71086309524,17554.900390625,18824.0
2018-05-10,17554.90358231707,17680.295750762194,17011.537519054877,17136.9296875,29722.0
2018-05-11,17053.333889563106,17220.5234375,16677.157406705097,17220.5234375,69851.0
2018-05-14,17304.113782536322,17304.113782536322,16635.35576195521,17262.31640625,52481.0
2018-05-15,17178.721759259257,17304.11388888889,16718.95061728395,16927.9375,31137.0
2018-05-16,16927.94098355877,17011.535753847947,16384.574976679105,16802.548828125,38800.0
2018-05-17,16844.34476309227,16927.93952618454,16300.97880299252,16760.75,71114.0
2018-05-18,16468.17005778834,16635.35960152223,16091.99358438708,16217.3857421875,71546.0
2018-05-21,16300.980933304027,16551.765255354858,16133.79138527014,16342.7783203125,29830.0
2018-05-23,16384.574857954547,16384.574857954547,16008.398394379059,16091.9931640625,29229.0
2018-05-24,16091.994238024934,16133.791625656168,15924.8046875,15924.8046875,19119.0
2018-05-25,15799.4125246063,16008.399462762467,15297.843873031496,15924.8046875,101806.0
2018-05-28,16008.398992426879,16008.398992426879,15005.26171875,15005.26171875,176547.0
2018-05-29,15214.247619459833,15465.0319208795,15047.058085180055,15088.85546875,39064.0
2018-05-30,15088.854887081625,15297.841796875,14670.881067494876,15297.841796875,89115.0
2018-05-31,15632.220852544398,15632.220852544398,15088.854887081625,15297.841796875,51105.0
2018-06-01,15297.842265199251,15715.816097581745,15172.450115484502,15339.6396484375,41312.0
2018-06-04,15506.829568842406,15548.626953125,15172.450494581653,15548.626953125,17324.0
2018-06-05,15465.033203125,15590.425364231418,15214.248880912162,15465.033203125,20586.0
2018-06-07,15506.828558447527,15632.220703125,15339.639032210896,15632.220703125,14041.0
2018-06-08,15632.220852544398,15632.220852544398,15297.841796875,15297.841796875,16339.0
2018-06-11,15339.63863747036,16635.357432461045,15005.259593601795,15423.2333984375,293598.0
2018-06-12,15465.031172069826,16802.547381546134,15465.031172069826,16760.75,158211.0
2018-06-14,16844.34432415986,17011.53384598775,16300.97837821922,16635.357421875,74309.0
2018-06-15,16593.55848765432,17262.31651234568,16593.55848765432,16927.9375,78733.0
2018-06-18,16844.34621326959,17429.509605293846,16677.15667269123,16802.548828125,72212.0
2018-06-19,16551.764431958127,17178.725205895935,16551.764431958127,16969.73828125,52246.0
2018-06-20,17262.316966337316,17262.316966337316,16844.343189912684,17053.330078125,25593.0
2018-06-21,17262.31651234568,17262.31651234568,16760.74799382716,16927.9375,25721.0
2018-06-22,16718.955792682926,17220.524466463412,16509.96884527439,17136.9296875,33454.0
2018-06-25,16969.73532284007,17220.519588694853,16760.748434627756,17053.330078125,7916.0
2018-06-26,16760.752180673542,17220.5234375,16677.157406705097,17220.5234375,19305.0
2018-06-27,17262.319376330597,17304.116759808396,16300.979556341243,17178.724609375,35705.0
2018-06-28,16718.953284438776,17136.927116549745,16384.57421875,16384.57421875,24666.0
2018-06-29,16384.57378695373,16551.763315392032,15799.410437419667,16259.181640625,33564.0
2018-07-02,16259.179186698717,16593.558193108973,16133.787059294871,16300.9765625,11733.0
2018-07-03,16008.398394379059,16342.777473112825,15883.006239853896,16091.9931640625,31513.0
2018-07-04,15799.411051006218,16175.587504601603,15757.613667273397,15966.6005859375,30872.0
2018-07-05,15799.4125246063,16091.994238024934,15799.4125246063,15924.8046875,14148.0
2018-07-06,15924.802583748395,16259.181640625,15799.410437419667,16259.181640625,12252.0
2018-07-09,16008.397928873697,16091.9926961263,15966.600545247395,16050.1953125,15893.0
2018-07-10,16133.790837166878,16593.562078640545,15966.601294812817,16468.169921875,11878.0
2018-07-11,16300.980088271104,16300.980088271104,16008.398394379059,16091.9931640625,18098.0
2018-07-12,16259.182927083333,16259.182927083333,15506.829989583333,15674.01953125,36091.0
2018-07-13,15841.209735372791,15841.209735372791,15339.641089397926,15381.4384765625,23802.0
2018-07-16,15423.235816089527,15715.817525337838,15047.05933277027,15465.033203125,33888.0
2018-07-17,15465.031838613013,15506.829221960617,15130.652771832192,15256.044921875,16869.0
2018-07-18,15339.640201107486,15465.032355339972,15214.248046875,15214.248046875,13362.0
2018-07-19,15297.841988895716,15297.841988895716,14754.476016612534,14879.8681640625,22878.0
2018-07-20,15047.057693995786,15047.057693995786,14712.678634129212,14879.8681640625,13021.0
2018-07-23,14879.867427357456,14879.867427357456,14252.906721148574,14294.7041015625,23795.0
2018-07-24,14085.718225400311,15214.24757877066,14085.718225400311,15172.4501953125,30177.0
2018-07-25,15214.24677983357,15214.24677983357,14712.678204674221,14754.4755859375,16815.0
2018-07-26,14838.07158417754,15214.248046875,14587.287275712568,15214.248046875,15638.0
2018-07-27,15214.24757877066,15256.044962228823,15047.058044938018,15172.4501953125,3053.0
2018-07-30,15214.24703295765,15339.639178833675,15214.24703295765,15297.841796875,3280.0
2018-07-31,15297.843516248338,15799.412156125332,15047.059196309841,15715.8173828125,54416.0
2018-08-01,15548.625539888211,15674.017681338923,15214.246496019648,15423.2333984375,25104.0
2018-08-02,15381.43656079235,15381.43656079235,15047.05750512295,15297.841796875,20059.0
2018-08-03,15256.046037169219,15256.046037169219,15005.26171875,15005.26171875,13261.0
2018-08-06,14838.072173137185,15423.235582782032,14838.072173137185,15005.26171875,13346.0
2018-08-07,15005.260273001048,15297.84194963338,14838.070743496857,14963.462890625,9116.0
2018-08-08,15130.651944371499,15297.841468618697,14796.2728958771,14921.6650390625,10710.0
2018-08-09,14963.462815089779,15130.65234375,14879.868050759667,15130.65234375,4936.0
2018-08-10,15130.6522690403,15381.43656079235,15130.6522690403,15297.841796875,11046.0
2018-08-13,15214.247223929073,15214.247223929073,14754.476016612534,14879.8681640625,7641.0
2018-08-14,15005.261340814794,15005.261340814794,14712.679643361582,14796.2744140625,13212.0
2018-08-16,14838.071799412959,14963.463955464336,14294.705789856991,14796.2744140625,22121.0
2018-08-17,15005.261431361607,15005.261431361607,14294.705876116072,14629.0849609375,18951.0
2018-08-20,14921.665894563534,16384.574315599173,14921.665894563534,15172.4501953125,74040.0
2018-08-21,15381.43703167575,15799.410864058244,15256.044881961001,15339.6396484375,34900.0
2018-08-22,15506.829181390498,15506.829181390498,15130.652732246253,15339.6396484375,18541.0
2018-08-23,15339.639729145145,15590.424029894111,15088.855428396178,15172.4501953125,13430.0
2018-08-24,15256.044962228823,15339.639729145145,15047.058044938018,15172.4501953125,9055.0
2018-08-27,15172.449115536077,15465.030778921071,15130.651735052506,15423.2333984375,10230.0
2018-08-28,15506.830358244244,16133.79115439967,15423.23558542352,15883.0068359375,39146.0
2018-08-29,16635.356627469235,16718.951384391192,16008.395950554566,16133.7880859375,113926.0
2018-08-30,16384.57570732097,16426.373094329443,15883.00706321931,16342.7783203125,15675.0
2018-08-31,16342.776997884113,16342.776997884113,15799.411010742188,16050.1953125,27726.0
2018-09-03,15924.803582243218,16175.587890625002,15841.208812782625,16175.587890625,13779.0
2018-09-04,16217.384571883378,16217.384571883378,15548.626445207774,15590.423828125,41803.0
2018-09-05,15674.018477387039,15966.600155631597,15465.031564355211,15841.2080078125,29944.0
2018-09-06,15715.817290296052,15966.601608758223,15548.627744654605,15883.0068359375,14427.0
2018-09-07,15883.00531372389,16008.3974609375,15632.22101929667,16008.3974609375,9146.0
2018-09-10,16008.399462762467,16008.399462762467,15799.4125246063,15924.8046875,7140.0
2018-09-11,15924.80277302523,16050.194920844327,15757.61324259977,15841.2080078125,4210.0
2018-09-12,16050.1968503937,16050.1968503937,15841.209912237533,15924.8046875,8216.0
2018-09-13,15883.005777994791,16133.790079752604,15841.208394368488,16050.1953125,16630.0
2018-09-14,16050.196611253195,16468.170481337915,15924.80445022778,16342.7783203125,24790.0
2018-09-17,16342.776404844151,16551.763315392032,15966.59996585797,16259.181640625,16830.0
2018-09-18,16133.78960815111,16593.560814601013,15883.00531372389,16008.3974609375,28704.0
2018-09-19,16008.397347967546,16384.57378695373,16008.397347967546,16259.181640625,7452.0
2018-09-20,16259.183546295555,16468.170481337915,16050.196611253195,16342.7783203125,18140.0
2018-09-21,16342.776329914122,16509.965857585878,16091.992038406488,16426.37109375,15278.0
2018-09-27,16426.369735164346,16426.369735164346,16091.990707476521,16133.7880859375,5520.0
2018-09-28,16133.788209945436,16259.180346292162,15757.611800905257,15799.4091796875,17194.0
2018-10-01,15883.00563053474,15883.00563053474,15256.044881961001,15339.6396484375,23887.0
2018-10-02,15465.032355339972,15465.032355339972,15047.058507898351,15214.248046875,25398.0
2018-10-04,15214.248453305636,15339.640610887825,13918.529491623012,14461.8955078125,93002.0
2018-10-05,14461.895121480082,15214.248046875,14252.90819775927,15214.248046875,41255.0
2018-10-08,15172.449802505238,15297.84194963338,14629.083831616621,14963.462890625,15298.0
2018-10-10,14754.477586360399,14879.869747150997,14336.503717058406,14670.8828125,23690.0
2018-10-11,13793.137648249247,14252.90890319089,13751.340261436371,13876.732421875,38239.0
2018-10-12,13584.149151917403,15047.057522123892,13040.783185840708,14169.3125,15039.0
2018-10-15,14294.704646017699,14378.299410029498,14043.9203539823,14169.3125,11746.0
2018-10-16,14378.299885110293,14378.299885110293,13960.326051240809,14211.1103515625,13843.0
2018-10-17,14294.705118336396,14336.502501723346,14085.718201401654,14211.1103515625,5208.0
2018-10-18,14043.920429104479,14336.502104710822,13960.325664645523,14002.123046875,28054.0
2018-10-19,14043.919921875,14043.919921875,13667.743495396206,14043.919921875,15559.0
2018-10-22,14043.920939371257,14043.920939371257,13793.136636882484,13960.326171875,10557.0
2018-10-23,13793.1357421875,14043.920028409091,13625.946218039773,13793.1357421875,11382.0
2018-10-24,13625.94782193305,13667.7452078899,13375.163506191951,13500.5556640625,15339.0
2018-10-25,12915.390911865234,13500.55425415039,12915.390911865234,13375.162109375,32994.0
2018-10-26,13416.95956536788,13458.756947191456,12915.39098348497,13207.97265625,20431.0
2018-10-29,13082.5808203125,13207.97296875,12539.21484375,12539.21484375,20670.0
2018-10-30,12037.644886363636,12831.795069839014,11828.657995975378,12413.8212890625,96484.0
2018-10-31,12581.0122265625,12622.809609375001,12288.430546875,12539.21484375,6715.0
2018-11-01,12581.013299065668,12706.405458192567,12246.6342080606,12372.0263671875,39194.0
2018-11-02,12497.417236328125,13040.783203125,12455.619854266826,13040.783203125,25724.0
2018-11-05,13040.78316580414,13207.972693570859,12789.99887415406,13124.3779296875,10801.0
2018-11-06,12957.188904003593,13207.973205371405,12915.391520442292,13082.5810546875,14880.0
2018-11-07,13082.581804494002,13625.94782193305,13082.581804494002,13500.5556640625,32504.0
2018-11-08,13834.933123224431,13876.730504261364,13709.540980113636,13793.1357421875,9917.0
2018-11-09,13709.540980113636,13876.730504261364,13584.148837002842,13793.1357421875,13449.0
2018-11-12,13834.933916170634,13918.528683035714,13124.37839781746,13166.17578125,9704.0
2018-11-13,13124.377134947448,14211.108999624625,12706.403340840841,13918.52734375,44083.0
2018-11-14,14043.920879501384,15130.652852319943,14043.920879501384,15088.85546875,127015.0
2018-11-15,15339.64003171203,15674.019105972782,15005.260957451277,15548.626953125,74348.0
2018-11-16,15548.626243889665,15715.815773393855,14754.475978744764,14963.462890625,24981.0
2018-11-19,14963.464164183311,16300.980514054445,14838.072006382892,16217.3857421875,47256.0
2018-11-20,15966.599755598261,16217.384044953209,15506.828558447527,15632.220703125,37182.0
2018-11-21,15548.624787483808,16551.76187054728,15548.624787483808,16133.7880859375,27503.0
2018-11-22,16217.385275355298,16468.169583737083,16133.790505894704,16175.587890625,17743.0
2018-11-23,16509.96701247971,16509.96701247971,16091.9931640625,16091.9931640625,16573.0
2018-11-26,16091.990707476521,16426.369735164346,15883.003815171633,16133.7880859375,11622.0
2018-11-27,16133.78960815111,16133.78960815111,15883.00531372389,16008.3974609375,10609.0
2018-11-28,16133.790970320553,16384.57528592139,15924.804040653189,16217.3857421875,42907.0
2018-11-29,16384.57371183206,17136.926586354963,16300.978947996184,16426.37109375,47696.0
2018-11-30,16342.776329914122,16802.54753101145,16342.776329914122,16426.37109375,20973.0
2018-12-03,16593.562078640545,17011.5359345257,16259.182993932423,16468.169921875,22501.0
2018-12-04,16468.170751953123,16802.549853515626,16217.38642578125,16718.955078125,16516.0
2018-12-05,16342.777899987917,16844.346531189592,16217.3857421875,16217.3857421875,18388.0
2018-12-06,16259.180866109913,16426.37038658405,15506.828023976293,15757.6123046875,24066.0
2018-12-07,15757.612847802473,16008.397137157419,15465.03117688837,15632.220703125,9603.0
2018-12-10,15757.614769468917,15883.006929438165,15506.83044953042,15715.8173828125,5441.0
2018-12-11,15590.424760416667,16175.58815625,15088.856135416667,15674.01953125,17445.0
2018-12-12,15715.814924568966,15841.207064924569,15465.030643857759,15757.6123046875,9160.0
2018-12-13,15799.409058249676,16175.585464398479,15548.624787483808,16133.7880859375,14627.0
2018-12-14,16175.588832689367,16175.588832689367,15339.641089397926,15381.4384765625,9575.0
2018-12-17,15381.4384765625,15506.830638056215,15005.26199208135,15381.4384765625,7940.0
2018-12-18,15088.855726016465,15590.424337407594,15088.855726016465,15548.626953125,6611.0
2018-12-19,15465.030149429564,15799.4091796875,15339.638013082837,15799.4091796875,3197.0
2018-12-20,15632.220929730662,15841.207840555939,15047.057579419888,15130.65234375,15294.0
2018-12-21,15130.65245896243,15172.44984144575,14545.489104195925,14879.8681640625,20207.0
2018-12-24,14879.867254083807,14879.867254083807,14629.082974520597,14712.677734375,6588.0
2018-12-26,14461.89430211243,15130.65242012919,14461.89430211243,14963.462890625,13220.0
2018-12-27,15211.286316088936,15638.56963957458,14912.187989648985,15254.0146484375,13186.0
2018-12-28,15211.286436811295,15553.113098312673,15083.10143874828,15510.384765625,9977.0
2019-01-02,15424.92878225948,15595.842120567064,15211.287109375,15211.287109375,3106.0
2019-01-03,15168.557297279096,15510.383940598062,14784.002323545259,14869.458984375,8733.0
2019-01-04,14698.547236271676,14869.460576228323,14527.633896315028,14784.00390625,3825.0
2019-01-07,14869.460210755815,15211.286882267443,14570.36187318314,14698.546875,10411.0
2019-01-08,14869.460142818769,14997.645144049966,14698.54680784384,14912.1884765625,3864.0
2019-01-09,15083.102105644311,15211.287109375,14784.003763606039,15211.287109375,9133.0
2019-01-10,15638.57045514396,15852.212128028441,15168.558774798103,15211.287109375,19646.0
2019-01-11,15211.286793664383,15681.298464255136,15168.558459974314,15595.841796875,10450.0
2019-01-14,15595.839365802745,16194.035944217097,15382.197730654763,16151.3076171875,17888.0
2019-01-15,16151.310727242746,16664.050750329818,16023.125721470977,16194.0390625,20452.0
2019-01-16,16194.04021638569,16407.681907894737,15852.213509971218,16236.7685546875,18110.0
2019-01-17,16236.76765625,16236.76765625,15424.9292734375,16023.1259765625,21671.0
2019-01-18,15809.483940390415,16108.582285208611,15681.29893546833,15937.6689453125,11852.0
2019-01-21,16023.125796394554,16023.125796394554,15766.755783652241,15980.3974609375,8655.0
2019-01-22,16065.855201480263,16236.7685546875,15852.213509971218,16236.7685546875,8040.0
2019-01-23,16194.035944217097,16364.949252335484,15937.665982039518,16151.3076171875,7638.0
2019-01-24,16151.309386397546,16236.76604981764,15980.39605955736,16108.5810546875,5444.0
2019-01-25,16108.581359863281,16493.136352539062,16065.85302734375,16407.6796875,7529.0
2019-01-28,16535.864371787964,16535.864371787964,16065.852722977454,16108.5810546875,7261.0
2019-01-29,16108.582467308657,16108.582467308657,15809.484119109293,15980.3974609375,9208.0
2019-01-30,15980.39808047715,16236.768103158603,15681.299720682124,15894.94140625,15825.0
2019-01-31,16151.307617187502,16151.307617187502,15638.567692832343,16151.3076171875,18835.0
2019-02-01,15980.397640625,16151.310984375,15724.027625,16023.1259765625,18001.0
2019-02-07,15937.670186574835,16279.49689298931,15809.485171669408,16236.7685546875,22501.0
2019-02-08,16236.76479517487,16578.59142244171,16108.579809949804,16493.134765625,11083.0
2019-02-11,16450.40770836787,16450.40770836787,15894.939396137268,16108.5810546875,12853.0
2019-02-12,16407.679376657827,16407.679376657827,15937.667727847314,16108.5810546875,6774.0
2019-02-13,16108.5810546875,16108.5810546875,15766.754401007129,16108.5810546875,8900.0
2019-02-14,16108.583091817876,16108.583091817876,15766.756394909275,15894.94140625,9759.0
2019-02-15,16023.124880907013,16023.124880907013,15724.026549796748,15766.7548828125,7191.0
2019-02-18,15980.39605955736,16194.037718107593,15724.026069297082,16108.5810546875,17353.0
2019-02-19,16065.853628108638,16364.95196692981,15852.211957522088,16322.2236328125,17933.0
2019-02-20,16108.582828602892,16407.68118351064,15852.212810110539,16065.8544921875,31770.0
2019-02-21,16065.854131851605,16151.310802765709,15852.212454566345,15980.3974609375,8303.0
2019-02-22,15894.940610338472,16108.582285208611,15894.940610338472,15937.6689453125,7417.0
2019-02-25,15937.6693046875,16023.1259765625,15852.2126328125,16023.1259765625,4505.0
2019-02-26,16023.1259765625,16108.5826484375,15852.2126328125,16023.1259765625,10564.0
2019-02-27,16023.1259765625,16065.8543125,15852.2126328125,16023.1259765625,11544.0
2019-02-28,16151.30987995427,16194.038212970021,15766.7548828125,15766.7548828125,35519.0
2019-03-04,15766.755497488079,16236.767178985014,15595.842158761921,15681.298828125,29005.0
2019-03-05,15681.298532443578,15766.755200195314,15296.743527560764,15382.2001953125,17972.0
2019-03-06,15424.929328429665,15467.657664519498,15211.287647980502,15339.47265625,7500.0
2019-03-07,15424.928413003177,15424.928413003177,14997.645077462923,15125.830078125,13806.0
2019-03-08,15125.830694025213,15296.74403520064,14741.275676380505,15040.3740234375,23214.0
2019-03-11,15083.102639711004,15382.200992339833,14997.645967531336,15339.47265625,17525.0
2019-03-12,15254.015699906782,15638.57071755149,14912.189017555931,15040.3740234375,32097.0
2019-03-13,15125.830440221207,15211.287109375,14784.003763606039,15211.287109375,23500.0
2019-03-14,15211.28817218661,15254.016509748932,14954.918146812679,14997.646484375,24350.0
2019-03-15,14954.917352849787,15467.657376376066,14869.460682262074,15040.3740234375,85228.0
2019-03-18,15168.5608706267,15766.757637355639,15040.375849184784,15724.029296875,38832.0
2019-03-19,15809.483215828253,15980.396547891261,15553.11321773374,15766.7548828125,22987.0
2019-03-20,15894.937655009922,16194.035944217097,15809.48100095073,16151.3076171875,35175.0
2019-03-21,16023.126055743243,16151.311064189189,15681.299366554054,15809.484375,31141.0
2019-03-22,15809.484119109293,15980.3974609375,15766.755783652241,15980.3974609375,17540.0
2019-03-25,15937.669404117454,16407.681102362203,15766.75605930118,16279.49609375,31025.0
2019-03-26,16279.494689941406,16621.321350097656,16151.309692382812,16407.6796875,36269.0
2019-03-27,16621.31941550926,17475.885966435184,16407.67777777778,17304.97265625,156431.0
2019-03-28,17390.4318225337,17988.62849456189,17176.790153952206,17433.16015625,65900.0
2019-03-29,17518.617400399882,18116.814092120854,17176.79071941647,18031.357421875,41673.0
2019-04-01,18116.8122345267,18159.540565268508,17475.887273399574,17604.072265625,37657.0
2019-04-02,17604.074755271085,17945.901449548193,17262.248060993978,17732.259765625,51358.0
2019-04-03,17732.25697279543,18031.355283179928,17475.886992465857,17988.626953125,27602.0
2019-04-04,18031.358664772728,18074.08700284091,17689.531960227272,17860.4453125,19034.0
2019-04-05,17860.44354116945,18159.541877983294,17518.61687052506,17903.171875,42060.0
2019-04-08,17860.443586482557,18757.73859920058,17860.443586482557,18373.18359375,61381.0
2019-04-09,18287.725350839122,18757.73698368779,18159.540360062212,18458.638671875,17828.0
2019-04-10,18458.639533296944,19569.576171875,18202.26953977893,19569.576171875,153804.0
2019-04-11,19655.035334191973,19825.94868492408,19142.295281995663,19697.763671875,31488.0
2019-04-12,19697.762441196235,19996.860786290323,19227.750756048386,19868.67578125,53174.0
2019-04-15,19996.85949440502,19996.85949440502,18715.009526814956,19569.576171875,33970.0
2019-04-16,19270.478279826308,19441.391612685078,18415.91161553246,18757.73828125,43570.0
2019-04-17,18415.911436037386,18843.194764019692,18415.911436037386,18715.009765625,26482.0
2019-04-18,18971.38,19355.935,18757.738333333335,19227.75,35316.0
2019-04-19,19227.748233093127,19484.11820953437,18885.92159783814,19270.4765625,24563.0
2019-04-22,19270.479022643904,19398.66402722912,18629.55399971783,18928.65234375,19105.0
2019-04-23,18629.55225929054,19355.933884079393,18629.55225929054,18971.37890625,32139.0
2019-04-24,18928.652729235197,19740.491108141447,18800.467722039473,19484.12109375,29429.0
2019-04-25,19484.120588631467,19911.403934873382,18800.467234644395,19825.947265625,42649.0
2019-04-26,19911.402829899016,19911.402829899016,18971.37952033297,19569.576171875,27280.0
2019-04-29,19185.02118159798,19655.032836381004,19142.292849344976,19569.576171875,14144.0
2019-04-30,19740.492009558027,20125.04704870526,19484.12198345987,19697.763671875,22790.0
2019-05-02,19697.763326961438,20253.231707114363,19697.763326961438,20082.318359375,15856.0
2019-05-03,20381.41436298077,20381.41436298077,19526.847723023504,19996.859375,10347.0
2019-05-07,19484.120588631467,19911.403934873382,19398.66391938308,19825.947265625,8530.0
2019-05-08,19655.034284468882,19911.404296875,19655.034284468882,19911.404296875,11221.0
2019-05-09,19825.944376361655,19825.944376361655,19313.20443559368,19612.302734375,29976.0
2019-05-10,19612.305232853083,19825.946902056276,19270.478562127977,19740.490234375,13119.0
2019-05-13,19868.67578125,20338.68746639785,19569.577436155912,19868.67578125,26861.0
2019-05-14,19655.033927128232,20082.31727337015,19569.57725787985,19825.947265625,14975.0
2019-05-15,19825.945296391754,21278.70852931701,19825.945296391754,20723.240234375,51291.0
2019-05-16,20595.055426954732,21022.3387345679,20082.31545781893,20765.96875,24172.0
2019-05-17,20894.153468651108,21107.795119659808,19954.130204212815,20253.228515625,17312.0
2019-05-20,20253.230980083154,20595.057663291307,19014.109253453593,19911.404296875,73482.0
2019-05-21,19825.947084233263,20295.958760799134,19099.565402267817,19783.21875,48296.0
2019-05-22,19783.216515382483,19783.216515382483,19142.29157427938,19270.4765625,49302.0
2019-05-23,19612.305592504043,19954.132269497575,19313.2072501347,19825.947265625,30899.0
2019-05-24,19612.304566731076,20082.316223014393,19526.847901952293,20039.587890625,22907.0
2019-05-27,19441.39088011911,19954.130859375,19270.477553700483,19954.130859375,41112.0
2019-05-28,19996.860283430233,20424.143622819767,19954.13194949128,20210.501953125,22006.0
2019-05-29,20466.87195675872,20466.87195675872,19996.860283430233,20210.501953125,15379.0
2019-05-30,20424.14325404724,20424.14325404724,19227.74992535828,20125.044921875,31839.0
2019-05-31,19740.487719566994,19911.40103315632,19441.389420785676,19612.302734375,19609.0
2019-06-03,19655.034284468882,19911.404296875,19441.392607463786,19911.404296875,14933.0
2019-06-04,20466.873391788566,20466.873391788566,19484.121642287235,20082.318359375,32396.0
2019-06-05,19783.220871710528,20509.602631578946,19612.30751644737,20295.9609375,23630.0
2019-06-07,20723.24052570247,20723.24052570247,19996.85889902836,20338.685546875,11794.0
2019-06-10,20936.883965853987,20936.883965853987,19526.848923255657,19825.947265625,30959.0
2019-06-11,19911.405011635637,20082.318359375,19783.22000083112,20082.318359375,11932.0
2019-06-12,20210.501819681675,20765.970157220494,19783.218483113353,20637.78515625,13930.0
2019-06-13,20509.6015625,20851.42825520833,20338.688216145834,20509.6015625,9061.0
2019-06-14,20851.42713370406,22176.00549670575,20509.600459381043,22090.548828125,79834.0
2019-06-17,21876.908411214954,23372.40019713785,21791.451737733645,22859.66015625,57061.0
2019-06-18,23073.299053485574,23073.299053485574,21791.44910606971,22218.732421875,36992.0
2019-06-19,22090.54878566576,22176.005454082264,21406.895438333744,21620.537109375,36864.0
2019-06-20,21620.537109375,21791.450446208004,21364.167104125496,21620.537109375,12789.0
2019-06-21,21791.452047413793,21791.452047413793,20723.243613717037,21065.0703125,46360.0
2019-06-24,21065.0703125,21065.0703125,20723.243613717037,21065.0703125,17396.0
2019-06-25,21193.254964358453,21193.254964358453,20637.786588276475,20979.61328125,48614.0
2019-06-26,20851.42828685259,22517.833416334663,20637.786603585657,21449.625,70324.0
2019-06-27,21321.438410683284,22304.19008091518,21150.52507672991,21535.080078125,44458.0
2019-06-28,21193.25280612245,21577.807796556124,20637.784486607143,20936.8828125,33780.0
2019-07-01,20936.88494462831,21278.71163760183,20381.416568546334,20979.61328125,30366.0
2019-07-02,21107.796564363816,21535.079895626244,20851.42656560636,21492.3515625,32172.0
2019-07-03,21235.98331673307,21791.451693227093,21150.526643426296,21449.625,29945.0
2019-07-04,21065.069970119523,21577.81000996016,20979.61329681275,21449.625,11274.0
2019-07-05,21492.35119604541,21748.721190431635,21150.52453686377,21406.89453125,9433.0
2019-07-08,21406.8963046875,21791.451328125,20595.057921875,21364.16796875,38760.0
2019-07-09,20979.61021665593,21235.980198936857,20680.511903994844,20723.240234375,14937.0
2019-07-10,20723.243064163624,20979.613081452244,19825.948003653444,20466.873046875,29150.0
2019-07-11,20466.87322591146,20680.514908854166,20338.688216145834,20509.6015625,4761.0
2019-07-12,20509.5992416318,20723.2409003988,20082.315924097806,20424.142578125,11313.0
2019-07-15,20338.688216145834,20765.97158203125,20082.318196614582,20509.6015625,28169.0
2019-07-16,20894.154227412397,20894.154227412397,19911.402597084205,20424.142578125,33768.0
2019-07-17,20082.318020942068,20595.058055519312,19825.948003653444,20466.873046875,41365.0
2019-07-18,20765.971400378392,20851.428072807936,20424.14471066023,20466.873046875,46521.0
2019-07-19,20466.871514545226,21150.52484279726,20424.14318152947,21022.33984375,24775.0
2019-07-22,20936.884255773093,21492.352613579318,20466.872568398594,21278.7109375,19789.0
2019-07-23,21321.43704989712,21321.43704989712,20637.78375771605,20765.96875,11289.0
2019-07-24,20765.96904481132,20808.697376179243,20253.229068396227,20381.4140625,9589.0
2019-07-25,20338.686587712313,20466.871587214704,19612.304923865446,20125.044921875,24074.0
2019-07-26,19697.760869747057,20253.229180607603,19441.39088011911,19954.130859375,16543.0
2019-07-29,19911.402711004273,20082.316038995727,19270.477731036324,19996.859375,18021.0
2019-07-30,19484.12023133117,20039.588571259468,19270.478562127977,19740.490234375,14849.0
2019-07-31,19911.403569737555,19911.403569737555,19227.750228287336,19740.490234375,16746.0
2019-08-01,19868.674561067433,20424.14288212953,19655.03289912047,20039.587890625,29863.0
2019-08-02,19655.035338320973,20210.503728317002,19655.035338320973,20167.775390625,12853.0
2019-08-05,19911.401503603105,20082.3148212306,18715.008280210644,19270.4765625,22378.0
2019-08-06,18715.011539974257,19911.404971753433,17518.61810819508,18672.283203125,23759.0
2019-08-07,19911.40276321309,19911.40276321309,18501.36780358641,19099.564453125,9546.0
2019-08-08,19484.119254484307,19484.119254484307,19014.10760580157,19056.8359375,13544.0
2019-08-09,19484.122338219026,19484.122338219026,18757.740584381914,19313.208984375,10165.0
2019-08-12,19313.20865453036,23799.684116312856,19014.11029041153,22517.833984375,228030.0
2019-08-13,22304.188319052417,23927.864863351253,22304.188319052417,23842.408203125,105329.0
2019-08-14,23927.864863351253,24611.518145161288,22859.656610523074,23842.408203125,63274.0
2019-08-16,23799.681870606328,24654.248544595783,22816.930195518453,24312.421875,63294.0
2019-08-19,24312.420368207688,24867.888671875,24141.507044002363,24867.888671875,32763.0
2019-08-20,24867.889895112454,25124.25989403114,24269.693230968856,24696.9765625,44499.0
2019-08-21,24440.605392156864,24440.605392156864,23927.86541889483,23970.59375,24789.0
2019-08-22,23799.67987301187,24269.691504256272,23628.766552559362,23842.408203125,25524.0
2019-08-23,23842.412818338526,24483.337894100314,23628.771126417927,24013.326171875,15699.0
2019-08-26,24013.322752143504,24013.322752143504,23073.299441561372,23671.49609375,16203.0
2019-08-27,23799.682325994316,24013.323998579544,23244.213977272724,23500.583984375,11606.0
2019-08-28,23500.58174474508,24056.050040529964,23073.29844029517,23885.13671875,19274.0
2019-08-29,23885.138995028406,24184.237336647726,23286.94231178977,23500.583984375,20029.0
2019-08-30,24013.326535657776,24013.326535657776,23329.673111155065,23628.771484375,10954.0
2019-09-02,23372.39930756123,23457.85597778997,22688.745945731283,23116.029296875,21515.0
2019-09-03,22945.115499441967,23927.8671875,22945.115499441967,23927.8671875,18337.0
2019-09-04,23970.59529325388,24056.05196096601,22859.65861299612,23415.126953125,32780.0
2019-09-05,23756.95306766055,23756.95306766055,22945.114743405964,23286.94140625,13941.0
2019-09-06,23500.586467280744,23671.499823406422,22945.11805987229,23628.771484375,11830.0
2019-09-09,23671.495725769928,23885.137383944748,23201.484077785324,23586.0390625,11934.0
2019-09-10,23457.853884272914,23671.49554077813,23201.483896466652,23543.310546875,11189.0
2019-09-11,23329.670938974057,23543.312614239385,22646.017578125,22646.017578125,35729.0
2019-09-16,22646.01863839286,22945.11699776786,22176.00693080357,22432.376953125,20891.0
2019-09-17,22560.56005130597,22902.38671875,22133.276717000932,22902.38671875,14498.0
2019-09-18,22859.66015625,23201.48685017523,22688.746809287382,22859.66015625,9610.0
2019-09-19,22816.930736058603,22902.38740548204,22389.6473889414,22603.2890625,5068.0
2019-09-20,22603.289958596677,23030.573322653327,22475.10494937968,22816.931640625,6076.0
2019-09-23,22902.38575634058,23714.224057404892,22774.200761435688,23586.0390625,17808.0
2019-09-24,23286.942637332486,23756.954323590573,22902.387621303144,23116.029296875,23363.0
2019-09-25,23116.028752323422,23415.127091078066,22475.10374070632,22987.84375,13339.0
2019-09-26,23158.757129439888,23799.682142247268,22816.93045594262,23457.85546875,16361.0
2019-09-27,23500.582399230072,23756.952389039856,23286.940741055252,23586.0390625,8619.0
2019-09-30,23586.0390625,23714.224057404892,23116.0274145154,23586.0390625,7565.0
2019-10-01,23500.58246836146,24526.06243061723,22902.38582371226,24056.05078125,14821.0
2019-10-02,23885.138853236607,24056.05219029018,23543.312179129465,23927.8671875,7013.0
2019-10-04,23415.127176339287,24098.78052455357,23415.127176339287,23927.8671875,6173.0
2019-10-07,23927.8671875,24056.05219029018,23714.225516183036,23927.8671875,19036.0
2019-10-08,23714.227118130388,24782.435546875,23543.31376953125,24782.435546875,75791.0
2019-10-10,24782.434464830138,24910.61947068271,24355.15111198824,24526.064453125,16663.0
2019-10-11,24355.15111198824,24568.792788409188,24184.23777085148,24526.064453125,16792.0
2019-10-14,25209.717817672037,25209.717817672037,24312.42277670405,24526.064453125,47915.0
2019-10-15,24782.43391528021,24867.89058395359,24269.693903239928,24397.87890625,9099.0
2019-10-16,24440.607668067227,25722.457720588234,24355.15099789916,25423.359375,72865.0
2019-10-17,25252.4443959311,25551.54272210964,24953.34606975256,25038.802734375,24761.0
2019-10-18,25081.532811819467,25124.261147103658,24355.15111198824,24526.064453125,33286.0
2019-10-21,24696.97607588524,25038.802734375,24568.791078951577,25038.802734375,9671.0
2019-10-22,25038.80486717419,25380.631554780663,24739.706515518526,25081.533203125,33851.0
2019-10-23,25124.26044804217,25124.26044804217,24611.520438898453,24825.162109375,5354.0
2019-10-24,24825.16156195934,24825.16156195934,24269.693230968856,24696.9765625,11971.0
2019-10-25,24696.976196289062,25038.802856445312,24098.779541015625,24611.51953125,18906.0
2019-10-28,24654.248229346886,24996.074894571797,24312.42156412197,24696.9765625,19843.0
2019-10-29,25209.71656033737,25209.71656033737,24483.33489673443,24696.9765625,8667.0
2019-10-30,24739.70576445039,24953.34743771853,24440.607421875,24440.607421875,8773.0
2019-10-31,24355.150026133364,24654.24835978763,24184.236692616636,24269.693359375,8095.0
2019-11-01,24141.508359237458,24739.705026545995,24098.780025858276,24269.693359375,6922.0
2019-11-04,24269.695501077586,24910.620558324354,24269.695501077586,24782.435546875,20820.0
2019-11-05,24782.433045385616,24782.433045385616,24397.87804985377,24654.248046875,14287.0
2019-11-06,24654.248411188473,24910.618411998057,24355.150076910624,24739.705078125,13931.0
2019-11-07,24782.432558760684,24996.07421875,24654.247562767094,24996.07421875,32685.0
2019-11-08,24996.07452392578,24996.07452392578,24269.69287109375,24611.51953125,74244.0
2019-11-11,24526.062276409935,25380.62890625,24269.692287457914,25380.62890625,48850.0
2019-11-12,25423.358872952944,26320.653891998343,25423.358872952944,25765.185546875,47638.0
2019-11-13,25765.185,25978.826666666668,25423.358333333334,25637.0,34934.0
2019-11-14,25637.00093851461,26363.382631772525,25551.54426871956,26320.654296875,46247.0
2019-11-15,26662.478515625,27346.131810897437,26107.010213216145,26662.478515625,81097.0
2019-11-18,27687.95903110048,27687.95903110048,26534.294071471293,26790.6640625,75164.0
2019-11-19,26747.937860768314,27346.134554140128,26705.20952552747,26833.39453125,28592.0
2019-11-20,27602.502367424244,27602.502367424244,26705.207398823764,26790.6640625,25386.0
2019-11-21,26833.393333333333,27175.22,25337.90166666667,25637.0,61357.0
2019-11-22,25765.1863231568,26876.123046875,25765.1863231568,26876.123046875,53047.0
2019-11-25,26747.938194163977,26961.5798730311,25679.729799828354,26448.83984375,34589.0
2019-11-26,26448.838978125,26833.3939875,25978.8273,26705.208984375,22316.0
2019-11-27,26747.939453125,26747.939453125,26021.55771078774,26747.939453125,33193.0
2019-11-28,26747.93690640319,26747.93690640319,25765.18523092831,26149.740234375,66955.0
2019-11-29,25893.36746231156,26705.205716080403,25508.8125,25508.8125,29637.0
2019-12-02,25508.81746859164,25679.730818464952,24782.435731630067,25295.17578125,308316.0
2019-12-03,25209.717023982557,25722.45703125,24867.89035247093,25722.45703125,31520.0
2019-12-04,25637.001261326193,26235.197957423807,25209.717906970756,25936.099609375,32522.0
2019-12-05,25936.098333333335,26235.196666666667,25295.173333333336,25637.0,35714.0
2019-12-06,25637.000051145664,26448.838386098607,25295.173383797053,26107.01171875,92944.0
2019-12-09,26406.11184682377,26534.296855788933,25978.828483606558,26064.28515625,30106.0
2019-12-10,26107.01128782242,27217.947938368055,25850.64129154266,26918.849609375,51314.0
2019-12-11,26918.849306778167,27474.317625806925,26705.207645613264,27303.404296875,55117.0
2019-12-12,26876.122237121683,27431.590582245026,25765.185546875,25765.185546875,297380.0
2019-12-13,26064.28228305785,26235.19560950413,25551.54230371901,25850.640625,52783.0
2019-12-16,25978.824120603014,25978.824120603014,25124.25753768844,25508.8125,46428.0
2019-12-17,25850.642397040563,25850.642397040563,25295.174048013243,25807.9140625,44290.0
2019-12-18,25636.999149133662,25936.097472540223,25423.35748955755,25893.369140625,13277.0
2019-12-19,25679.730110079297,26021.556800396495,25209.718410893154,25594.2734375,35231.0
2019-12-20,25551.544561398907,25594.272896785864,25038.80453675545,25466.087890625,51073.0
2019-12-23,25466.086057487202,25551.54272210964,24611.519411262798,25038.802734375,43216.0
2019-12-24,25081.53287214241,25466.087890625,24611.521182885906,25466.087890625,47540.0
2019-12-26,25423.356119791668,25423.356119791668,24910.616164434523,25124.2578125,48138.0
2019-12-27,25455.531198003326,26458.060680116472,25455.531198003326,26196.53125,50073.0
2019-12-30,26196.53052545363,27286.236454133064,25978.58933971774,27024.70703125,41828.0
2020-01-02,26458.059948336693,27199.05997983871,25978.58933971774,27024.70703125,31944.0
2020-01-03,27199.061672185428,27765.70879035596,26327.296875,26327.296875,29610.0
2020-01-06,26414.474158653848,26458.062399839742,25455.5328525641,25499.12109375,19388.0
2020-01-07,25281.179397170607,25935.00300226985,25281.179397170607,25804.23828125,17755.0
2020-01-08,25673.47370613801,25978.591390251706,25281.179540848974,25542.708984375,25253.0
2020-01-09,25760.6506383855,26458.0625,25586.297672981877,26458.0625,15881.0
2020-01-10,25804.237858606557,26588.826171875,25804.237858606557,26588.826171875,38582.0
2020-01-13,26588.826171875,26763.179130379096,26152.943775614753,26588.826171875,14702.0
2020-01-14,26588.82568755065,26893.943359375,26283.708015726297,26893.943359375,33629.0
2020-01-15,26414.4723907767,27155.47244134304,26414.4723907767,26937.53125,19825.0
2020-01-16,27547.76584576138,28681.060010302197,27199.05994897959,27765.70703125,61709.0
2020-01-17,27678.53033524525,27809.295045490504,26981.11854727057,27547.765625,25196.0
2020-01-20,26632.415415923868,26632.415415923868,24932.474006396813,25978.591796875,79377.0
2020-01-21,25804.236584051723,25804.236584051723,24932.471834590517,25281.177734375,53906.0
2020-01-22,25063.23833791062,25586.29722496267,24932.47361614761,25542.708984375,20109.0
2020-01-23,25760.650540865383,25804.23878205128,24278.65034054487,25499.12109375,92907.0
2020-01-28,24845.29457640105,25106.823992994745,24670.941632005255,24888.8828125,28746.0
2020-01-29,24888.88586531196,25499.12124554728,24888.88586531196,25237.591796875,21589.0
2020-01-30,24888.883379755433,25411.942224864128,24496.58924592391,25063.236328125,31306.0
2020-01-31,25368.353637695312,25542.706583658855,24888.883036295574,25106.82421875,148137.0
2020-02-03,25455.53068426724,25673.47187163254,25063.236547009696,25281.177734375,32810.0
2020-02-04,25368.355058593752,26588.825748697916,25368.355058593752,26152.943359375,32755.0
2020-02-05,26065.768948327615,26588.82785698971,25368.35707011149,25411.9453125,28555.0
2020-02-06,25847.82717711032,25891.415418555698,25150.415313984242,25237.591796875,66846.0
2020-02-07,25237.590825497788,25673.47322317478,24365.826030143806,24627.35546875,53133.0
2020-02-10,24453.002163620804,24932.47279428004,24365.825685319127,24670.943359375,22054.0
2020-02-11,24583.766402159687,24976.060546875,24540.178163857985,24976.060546875,25096.0
2020-02-12,24976.060546875,25019.6487851767,24583.766402159687,24976.060546875,22535.0
2020-02-13,24845.295831969896,25019.6487851767,24627.354640461388,24976.060546875,35724.0
2020-02-14,24976.061033430877,25019.649272581715,24453.002163620804,24670.943359375,36422.0
2020-02-17,24496.59375,24670.946730427044,24409.417259786474,24496.59375,13220.0
2020-02-18,24365.825823102678,24714.53173828125,24235.061104910714,24409.4140625,15078.0
2020-02-19,24540.179131959972,24670.9438520237,23929.943771662565,24365.826171875,29302.0
2020-02-20,24365.823884236877,24583.765063881216,23450.47092973066,23668.412109375,40289.0
2020-02-21,23319.70746129587,23842.766320240826,23188.94274655963,23755.58984375,26491.0
2020-02-24,23755.590616088404,23755.590616088404,22753.06110384981,22927.4140625,47487.0
2020-02-25,23014.58756868132,23799.17578125,22927.411100618134,23799.17578125,39194.0
2020-02-26,23537.650742115027,23624.827226345085,22491.532931354363,23494.0625,52051.0
2020-02-27,23276.11983816964,23537.64927455357,22622.29624720982,23188.943359375,44145.0
2020-02-28,23363.297532265777,23363.297532265777,22142.826765654878,22796.650390625,73172.0
2020-03-02,23058.178082090435,23494.06046549479,22230.001553622158,23014.58984375,78692.0
2020-03-03,23145.3538620283,23624.824469339623,22753.059728773584,23101.765625,40910.0
2020-03-04,23101.768126755618,23799.179994733146,22840.238676264045,23276.12109375,51533.0
2020-03-05,23232.530685107515,23494.060111206287,22883.824783642485,23058.177734375,28625.0
2020-03-06,22927.41363856589,23363.296027131782,22360.766533430233,22491.53125,28838.0
2020-03-09,22491.53131262525,22491.53131262525,21445.413577154308,21750.53125,82429.0
2020-03-10,21750.53055607535,22709.47178299651,21619.765843313373,21837.70703125,51254.0
2020-03-11,21794.12069515306,22012.06190210459,21053.120591517858,21358.23828125,33029.0
2020-03-12,21924.883822166314,21924.883822166314,20268.530769994704,20573.6484375,45296.0
2020-03-13,17871.178606859412,20181.355353599774,17871.178606859412,19222.4140625,106019.0
2020-03-16,19135.237095424105,19440.354771205355,18263.472307477678,18307.060546875,71404.0
2020-03-17,18132.708283492822,19309.590792277213,17696.825872831938,18219.884765625,52347.0
2020-03-18,17871.177602914664,20617.236600435695,17871.177602914664,18132.70703125,97706.0
2020-03-19,19571.118403645833,19614.706640625,15996.882971354167,16345.5888671875,96619.0
2020-03-20,18437.82573341837,19353.178784013606,17130.17851828231,19222.4140625,57410.0
2020-03-23,17871.17913908559,18655.76749153325,17260.94375384852,17696.826171875,53804.0
2020-03-24,18045.530013844935,20660.82421875,18045.530013844935,20660.82421875,53639.0
2020-03-25,21096.707328125,21794.119140625,20312.1190390625,21794.119140625,79029.0
2020-03-26,21794.119982215445,22186.414141895322,20791.590463033535,21445.4140625,45910.0
2020-03-27,21532.591246811222,22099.238384885204,20617.238177614796,21358.23828125,48648.0
2020-03-30,21271.05882352941,21358.235294117647,19919.823529411762,20748.0,21689.0
2020-03-31,20617.23620172234,20922.35386221294,20224.942066805845,20878.765625,43281.0
2020-04-01,20312.11860955056,20791.58922050562,19396.765625,19396.765625,33683.0
2020-04-02,19396.766799400593,20486.47279936692,19309.590319403287,20224.943359375,19078.0
2020-04-03,20268.53097975629,21794.11933307128,20268.53097975629,20791.58984375,28884.0
2020-04-06,21358.235520205824,21837.706113516564,21009.529634161645,21706.94140625,45109.0
2020-04-07,21837.706113516564,21968.47082078313,20965.941398406125,21706.94140625,39603.0
2020-04-08,21445.414412550916,21663.355615930497,21096.708487143584,21401.826171875,24804.0
2020-04-09,21445.41315184049,21794.119056748466,20835.177818251534,21314.6484375,31954.0
2020-04-10,21794.11927505061,22099.236944901317,21140.29569679909,21532.58984375,51079.0
2020-04-13,21183.884912109377,21794.120279947918,20486.473063151043,20922.35546875,72429.0
2020-04-14,21314.6484375,21445.41315184049,20573.64838957055,21314.6484375,63135.0
2020-04-16,20791.590716504674,22317.179133858266,20748.002476008856,22142.826171875,65374.0
2020-04-17,22273.5892119628,24409.412835027728,22273.5892119628,23581.236328125,142327.0
2020-04-20,24191.471550707545,24409.412735849055,22927.41267688679,23101.765625,119389.0
2020-04-21,23101.76823924081,23276.12120708414,21358.238560807542,22535.12109375,119596.0
2020-04-22,22317.17803030303,23188.94279711174,21924.88388523911,23014.58984375,108917.0
2020-04-23,23886.354750359194,23929.94298895474,22753.060546875,22753.060546875,134076.0
2020-04-24,22709.472726004464,22709.472726004464,21489.002022879464,21968.47265625,51851.0
2020-04-27,22012.061450387548,22404.3556148499,21794.120247908464,22142.826171875,45245.0
2020-04-28,21968.47161612426,22142.82456545858,21576.17748012204,22099.236328125,35808.0
2020-04-29,21881.2967289001,22230.00265286663,21881.2967289001,22142.826171875,26414.0
2020-05-04,21619.765843313373,22360.765882297907,21532.589368138724,21837.70703125,26631.0
2020-05-06,21837.70800591626,22447.943359375,21837.70800591626,22447.943359375,42521.0
2020-05-07,22491.53033625731,23319.70684088694,22230.00091374269,22360.765625,152116.0
2020-05-08,22665.883035714283,23188.941875,22535.118325892858,22883.82421875,75786.0
2020-05-11,23712.00258945386,23842.767309616287,22971.002508533427,23145.35546875,118721.0
2020-05-12,23188.94279711174,23188.94279711174,22404.3545069839,23014.58984375,65429.0
2020-05-13,22491.53132412239,22971.001953125,22404.354846121914,22971.001953125,52268.0
2020-05-14,22971.00116885859,23232.530593930984,22360.76584368967,22578.70703125,71671.0
2020-05-15,22796.64865204782,23668.413418856533,22491.530983664772,23014.58984375,165041.0
2020-05-18,23014.589053468208,23014.589053468208,22230.000790281792,22622.294921875,58687.0
2020-05-19,22753.060683139534,22927.41363856589,22317.17829457364,22491.53125,69826.0
2020-05-20,22535.118103966346,22796.647521033654,22317.176923076924,22665.8828125,53656.0
2020-05-21,22535.118543632074,23232.530336084903,22491.530306603774,23101.765625,57398.0
2020-05-22,23188.942000842966,23188.942000842966,22360.76550081286,22622.294921875,69516.0
2020-05-25,22622.295831088362,22840.23702406609,22404.35463811063,22753.060546875,31373.0
2020-05-26,22796.64821881033,22840.236456322393,22404.354081201738,22578.70703125,72380.0
2020-05-27,22360.766742142514,22971.002091830615,20617.237171605087,22709.47265625,88323.0
2020-05-28,22578.708220776032,22665.884700392926,21881.296383840865,22186.4140625,56294.0
2020-05-29,22142.82795780642,22447.94566588643,21881.29849373784,22404.357421875,32427.0
2020-06-01,22665.884069683907,23058.17821704382,22273.589922323994,22753.060546875,83386.0
2020-06-02,23014.589978448275,23014.589978448275,22535.11935389727,22753.060546875,83422.0
2020-06-03,22753.062148960325,22883.82687395435,22230.003248984227,22796.650390625,61703.0
2020-06-04,22840.238946306265,22883.827188570205,22142.82707008317,22273.591796875,52719.0
2020-06-05,22317.180039138944,22404.35652366683,21968.474101027397,22273.591796875,34917.0
2020-06-08,22317.180039138944,22317.180039138944,21924.885858763453,22273.591796875,34807.0
2020-06-09,22230.001258850098,22360.76597213745,22012.06007003784,22317.177734375,34990.0
2020-06-10,22273.591796875,22404.35652366683,22055.650585555286,22273.591796875,35912.0
2020-06-11,22230.001169535928,22578.707070234534,21750.53055607535,21837.70703125,52368.0
2020-06-12,20573.64879759519,21750.53125,20312.119363727455,21750.53125,65532.0
2020-06-15,21271.059890327695,21881.29521505021,20617.236328125,20617.236328125,41982.0
2020-06-16,20617.237098029047,21489.001880186723,20486.472380705396,21009.53125,59684.0
2020-06-17,20835.177387787055,21183.883285490603,20617.23620172234,20878.765625,30546.0
2020-06-18,20660.82574314024,21489.00230246443,20660.82574314024,21445.4140625,29965.0
2020-06-19,21358.23716286307,21532.590119294608,20878.76653267635,21009.53125,24723.0
2020-06-22,20922.35612955032,20922.35612955032,20181.35601662875,20355.708984375,50032.0
2020-06-23,20137.766532258065,20748.00188172043,20094.17829301075,20268.53125,29664.0
2020-06-24,20312.118447849894,20617.23610693777,20050.589025774574,20399.294921875,35023.0
2020-06-25,20268.53033685065,20530.05976055195,20050.5891504329,20137.765625,25256.0
2020-06-26,20094.17953275562,20355.708984375,19963.414806945933,20355.708984375,25662.0
2020-06-29,20399.295178865133,20399.295178865133,19789.059853001647,19876.236328125,35393.0
2020-06-30,20094.177387716452,20442.883285984848,19919.82443858225,20137.765625,27812.0
2020-07-01,20137.764705882353,20965.941176470587,20007.0,20748.0,31743.0
2020-07-02,20748.00045010288,21227.471048739713,20442.8827964249,21183.8828125,22206.0
2020-07-03,20922.35546875,21794.120279947918,20617.23778483073,20922.35546875,19057.0
2020-07-06,20922.35455974843,21227.472230411426,20660.825127751574,20791.58984375,15166.0
2020-07-07,20922.35546875,21096.708430989584,20748.002506510416,20922.35546875,31531.0
2020-07-08,20835.178293568464,21140.29596732365,20748.001815352698,21009.53125,13516.0
2020-07-09,21053.119560566684,21489.001953125,20878.766603543358,21489.001953125,26460.0
2020-07-10,22012.06154133783,22012.06154133783,21183.88496849542,21401.826171875,29226.0
2020-07-13,21619.76722837022,21663.35546875,21183.884824572433,21663.35546875,24705.0
2020-07-14,21489.003286690036,23145.356481201645,21358.238560807542,22535.12109375,205813.0
2020-07-15,22535.119222005207,23014.58984375,22317.17803030303,23014.58984375,79551.0
2020-07-16,22840.236328125,23014.589277194656,22622.29514178793,22840.236328125,38273.0
2020-07-17,22665.88448660714,23232.53159877232,22491.531529017855,23188.943359375,58061.0
2020-07-20,23232.533047309833,23668.415468460113,22971.003594619666,23494.0625,76911.0
2020-07-21,23799.17754800811,23799.17754800811,22578.706904520513,22840.236328125,69985.0
2020-07-22,22665.884205426355,22709.472444282947,22360.766533430233,22491.53125,29935.0
2020-07-23,22447.943220669385,22840.23737404031,22012.060828035028,22709.47265625,32248.0
2020-07-24,22491.530306603774,23232.530336084903,22317.177358490564,23101.765625,34183.0
2020-07-27,23101.766809620924,23276.119766674667,22622.29617772313,22709.47265625,25659.0
2020-07-28,22665.884205426355,23101.766593992248,22142.825339147286,22491.53125,33871.0
2020-07-29,22535.11990553707,23276.11997980038,22230.00222789924,22927.4140625,27134.0
2020-07-30,23014.58953857422,23188.942489624023,22317.177734375,22317.177734375,21039.0
2020-07-31,22317.177290836655,22491.530238421314,21794.11844808267,21881.294921875,20655.0
2020-08-03,21663.353737394173,22273.589053940486,21401.82431601718,21881.294921875,22546.0
2020-08-04,21750.530643463135,22622.29539871216,21750.530643463135,22317.177734375,11885.0
2020-08-05,22055.650742574257,22230.003712871287,21445.415346534654,22012.0625,37965.0
2020-08-06,22099.23971379499,22578.71039792072,21401.82780961211,22404.357421875,45041.0
2020-08-07,22055.64978201375,22404.35570742108,21401.826171875,21401.826171875,48305.0
2020-08-10,21401.82667629778,21445.41491800103,20965.944259265238,21096.708984375,22654.0
2020-08-11,21401.827228483606,21532.59195696721,20922.356557377047,21271.0625,29611.0
2020-08-12,21227.471048739713,21489.000466177986,20791.588686342595,21183.8828125,32361.0
2020-08-13,21183.88315882732,21358.2361066366,20748.000789304122,21140.294921875,26881.0
2020-08-14,21009.531949869794,21314.649633789064,20660.826025390626,20922.35546875,36822.0
2020-08-18,20922.35612955032,21271.062065042828,20355.708984375,20355.708984375,54481.0
2020-08-19,20399.296176861702,21053.119772273934,20268.531457779252,20486.47265625,20484.0
2020-08-20,20312.118247267375,20399.294720431615,19135.23585955017,19440.353515625,58932.0
2020-08-21,19614.706113674496,20224.941414988814,19178.823755592843,19483.94140625,29090.0
2020-08-24,19614.706113674496,19701.882585290827,18873.70610493568,19483.94140625,34113.0
2020-08-25,19266.00044939159,19919.8239940542,19222.412213080752,19701.8828125,39464.0
2020-08-26,19571.121283039647,19876.23898678414,19483.944796255506,19789.0625,33736.0
2020-08-27,19876.236729452055,19876.236729452055,19004.47196061644,19091.6484375,59961.0
2020-08-28,18960.88496537642,19396.767378373577,18830.12024147727,19178.826171875,25547.0
2020-08-31,19091.647283976512,19701.882585290827,19091.647283976512,19483.94140625,41496.0
2020-09-01,19483.942448796453,19701.883639498876,19266.00125809403,19353.177734375,33128.0
2020-09-02,19396.767378373577,19701.88506747159,19091.649689275568,19178.826171875,35360.0
2020-09-03,19222.412675561798,19571.118574438202,19091.64796348315,19396.765625,40557.0
2020-09-04,19178.824914383564,19658.295537243153,18612.17781464041,19091.6484375,71183.0
2020-09-07,19091.648856026786,19832.64892578125,18917.2958984375,19527.53125,52822.0
2020-09-08,19745.474095618207,20486.474227241848,19614.709366508152,20050.591796875,82380.0
2020-09-09,20050.59054312227,20268.531744677948,19701.884620633187,19963.4140625,44106.0
2020-09-10,20094.17863937904,20573.649279364225,19919.82567938443,20224.943359375,54040.0
2020-09-11,20224.94476902174,20486.474227241848,19876.23882472826,20050.591796875,37603.0
2020-09-14,19919.824782232918,20312.118924552604,19745.471830090835,20094.177734375,28722.0
2020-09-15,19876.236328125,20137.765753495067,19571.11866519326,19876.236328125,35003.0
2020-09-16,19658.297609544836,20224.94476902174,19527.53288043478,20050.591796875,27477.0
2020-09-17,20137.76702374454,20181.355264055677,19701.884620633187,19963.4140625,28796.0
2020-09-18,19789.06110125546,20050.59054312227,19701.884620633187,19963.4140625,11653.0
2020-09-21,19789.060686383928,19876.23716517857,19309.59005301339,19527.53125,21521.0
2020-09-22,19701.882585290827,19876.23552852349,19353.176698825504,19483.94140625,20450.0
2020-09-23,19701.884207589286,19745.472446986605,19309.59005301339,19527.53125,26390.0
2020-09-24,19527.53125,19571.11948939732,19091.648856026786,19527.53125,28554.0
2020-09-25,19527.529867256635,19745.47104881084,19309.588685702434,19701.8828125,23689.0
2020-09-28,19701.882352941175,20137.764705882353,19571.11764705882,20007.0,19622.0
2020-09-29,19919.824314736914,20442.883158887555,19919.824314736914,20399.294921875,33495.0
2020-10-05,20442.884559368264,20486.47279936692,20050.590399380388,20224.943359375,18605.0
2020-10-06,20094.177478362843,20835.1775155259,19876.236290961944,20617.236328125,25944.0
2020-10-07,20617.23702478105,20791.58998059315,20399.295830015923,20530.060546875,18990.0
2020-10-08,20486.471961069918,20922.35434322034,20312.119008209746,20573.6484375,17433.0
2020-10-12,20442.88303500791,20791.588928995254,20399.294798259492,20660.82421875,13441.0
2020-10-13,20791.588235294115,20835.176470588234,20442.882352941175,20748.0,22848.0
2020-10-14,20748.000692246835,20878.76540249209,20486.471271756327,20660.82421875,16931.0
2020-10-15,20486.47161568446,20748.001040565538,20355.70690324392,20617.236328125,19510.0
2020-10-16,20486.471961069918,20617.23667571504,20268.530769994704,20573.6484375,11490.0
2020-10-19,20355.70724642479,20704.413152145127,20312.119008209746,20573.6484375,13192.0
2020-10-20,20660.824913930086,20835.177866790254,20312.119008209746,20573.6484375,16731.0
2020-10-21,20573.649342105262,20878.767023026317,20312.11990131579,20704.4140625,41651.0
2020-10-22,20704.4140625,20704.4140625,20399.296381578948,20704.4140625,22596.0
2020-10-23,20530.060546875,20660.825263734077,20137.76639629777,20530.060546875,21265.0
2020-10-26,20486.47265625,20704.413854720744,20312.119697473405,20486.47265625,23216.0
2020-10-27,20312.11810367804,20617.23575759595,20094.176922308103,20442.8828125,21774.0
2020-10-28,20224.942531779663,20617.23667571504,20181.35429356462,20573.6484375,15777.0
2020-10-29,20573.649135638298,20573.649135638298,19876.237300531913,20486.47265625,21016.0
2020-10-30,20573.650194057816,20573.650194057816,20137.767774692184,20355.708984375,17131.0
2020-11-02,20181.353736812234,20573.647869925215,20094.17726278713,20399.294921875,11764.0
2020-11-03,20399.294921875,20617.23610693777,20224.94197382479,20399.294921875,12743.0
2020-11-04,20399.294798259492,20922.353639240504,20268.53008801424,20660.82421875,35312.0
2020-11-05,20878.76540249209,21053.118349485758,20660.82421875,20660.82421875,15309.0
2020-11-06,20660.82434395032,20704.412580962875,20050.589025774574,20399.294921875,30461.0
2020-11-09,20268.531457779252,20617.237375332446,20268.531457779252,20486.47265625,12870.0
2020-11-10,21314.648848029457,21314.648848029457,20442.88406896895,20530.060546875,31029.0
2020-11-11,20530.06019928496,20878.766105005296,20399.29548463983,20573.6484375,46526.0
2020-11-12,21096.70716200314,21576.17777932139,20399.29535499477,20835.177734375,122244.0
2020-11-13,21009.530304939515,21619.765625,20922.35383064516,21619.765625,70998.0
2020-11-16,21794.120247908464,22273.59089336245,21663.35552642101,22142.826171875,55710.0
2020-11-17,22230.00444582928,22491.53390989786,21706.945517692122,22404.357421875,33659.0
2020-11-18,22447.944765930773,22753.062461778376,21881.297616499513,22273.591796875,45835.0
2020-11-19,22099.2371002907,22578.707727713176,21576.178234011626,22491.53125,26197.0
2020-11-20,22273.58868689904,22927.412229567308,22230.000450721152,22665.8828125,25209.0
2020-11-23,22491.52986778846,22753.059284855768,22230.000450721152,22665.8828125,23041.0
2020-11-24,22665.884205426355,22796.648921996122,22230.001816860466,22491.53125,26547.0
2020-11-25,22360.76681082589,22622.29624720982,21837.707938058036,21968.47265625,35068.0
2020-11-26,21881.296040134803,22404.3549096201,21837.707801011027,22230.001953125,16995.0
2020-11-27,22012.06096404733,22622.29631750607,21968.472724514566,22447.943359375,17762.0
2020-11-30,22447.942447662354,22578.707160949707,22186.413021087646,22317.177734375,13454.0
2020-12-01,22578.706810428852,22578.706810428852,22142.82443957115,22360.765625,19205.0
2020-12-02,22360.76812590667,22535.12109375,22186.415158063344,22535.12109375,11425.0
2020-12-03,22317.17988394584,22535.12109375,22230.003400024176,22535.12109375,14324.0
2020-12-04,22535.11844818762,22622.294921875,22317.17726396917,22622.294921875,24505.0
2020-12-07,22665.884146341465,23232.53125,22273.589997654784,23232.53125,32148.0
2020-12-08,23232.53125,23624.82539868668,23101.766533771108,23232.53125,39130.0
2020-12-09,23188.94219327634,23624.824565330407,23101.76571886553,23581.236328125,23153.0
2020-12-10,23581.238678255446,24017.12109375,23188.944504310344,24017.12109375,33115.0
2020-12-11,24017.12048157649,24104.296962453358,23319.708634561568,23363.296875,39036.0
2020-12-14,23581.237869291428,23581.237869291428,22883.82602842514,23145.35546875,21723.0
2020-12-15,23145.35546875,23319.708428966573,22796.649548316855,23145.35546875,16896.0
2020-12-16,23145.35484762753,23755.590192009422,22753.060697667737,23712.001953125,26154.0
2020-12-17,23755.589276946626,23755.589276946626,23363.295142097966,23581.236328125,34216.0
2020-12-18,23406.88363584003,23406.88363584003,22883.824783642485,23058.177734375,36580.0
2020-12-21,22927.415696154738,23494.062852143354,22665.88623954461,23450.474609375,16642.0
2020-12-22,23101.766952366506,23319.70815003034,22404.355119842236,22447.943359375,27026.0
2020-12-23,22665.884280123337,23058.178431125474,22404.354846121914,22971.001953125,19725.0
2020-12-24,23188.941514157457,23886.35328901934,23014.58857044199,23668.412109375,42871.0
2020-12-28,23668.411079155223,23886.35224931319,22970.999334649725,23799.17578125,58728.0
2020-12-29,23843.746326691515,24556.830328985092,23620.90757597477,24289.423828125,38189.0
2020-12-30,24155.719480613425,24423.125969328703,23888.312991898147,24066.583984375,20375.0
2021-01-04,24333.99159676276,24423.1270971172,23442.636593218336,23576.33984375,27025.0
2021-01-05,23398.069836402352,23576.340844679704,22952.392315708974,23219.798828125,30267.0
2021-01-06,23264.36679025424,23710.044314971754,23175.231285310736,23665.4765625,28463.0
2021-01-07,23754.611719495468,23932.88272677123,23086.095442211354,23353.501953125,42327.0
2021-01-08,23353.502084333013,23576.340844679704,22996.960067778313,23219.798828125,34634.0
2021-01-11,23175.22923929283,23665.474473200946,22150.171022939492,22373.009765625,67900.0
2021-01-12,22328.442750000002,22595.84925,21971.90075,22283.875,45223.0
2021-01-13,22061.03420492669,22595.847155349154,22061.03420492669,22417.576171875,48123.0
2021-01-14,22818.687739463603,23308.93298386614,22640.41674149904,23264.365234375,44931.0
2021-01-15,23398.066863121345,23487.202355933237,22595.847427814326,22863.25390625,44715.0
2021-01-18,22907.822533275463,24289.422724971064,22462.145052083335,24066.583984375,113333.0
2021-01-19,24066.585328733767,24423.127333603894,23442.63682021104,24022.017578125,35622.0
2021-01-20,23977.44836987799,24289.4226051738,23620.906386682782,24200.287109375,31860.0
2021-01-21,24200.286044675093,25002.5054715704,24022.015060920578,24690.53125,51520.0
2021-01-22,24512.261711434927,24512.261711434927,23799.177734375,23799.177734375,25984.0
2021-01-25,23799.18035755018,24467.696659728557,23576.34159015739,24423.12890625,18495.0
2021-01-26,24155.720092999076,24735.10083323706,23932.881346753697,24111.15234375,59956.0
2021-01-27,24645.965979978613,24645.965979978613,23442.63671875,23442.63671875,44181.0
2021-01-28,23308.934332263678,23799.17960502639,22729.553555362283,23219.798828125,26119.0
2021-01-29,23219.796262770433,23398.067251352164,22774.118791316105,23175.228515625,43794.0
2021-02-01,23175.23074127907,25002.508549726073,22996.959735576922,24913.373046875,50164.0
2021-02-02,25359.050561130367,25537.321566832514,24690.534289747317,24913.373046875,47453.0
2021-02-03,24913.373176849145,25180.779686797436,24423.12790861061,24779.669921875,25073.0
2021-02-04,24690.53125,24957.93772563177,24111.150552797837,24690.53125,111252.0
2021-02-05,24556.831163584757,24913.373176849145,24423.12790861061,24779.669921875,14663.0
2021-02-08,24423.12790861061,25002.508680165243,24378.56015695256,24779.669921875,10620.0
2021-02-09,24779.669313063063,24957.940315315314,24556.83056024775,24735.1015625,8441.0
2021-02-10,24824.235614809782,25715.590574048914,24556.829127038043,25626.455078125,32884.0
2021-02-15,25715.59022166631,26027.564453125,25403.615990207618,26027.564453125,18820.0
2021-02-16,26294.972156907363,28345.088630157767,26027.56566039644,27542.869140625,142565.0
2021-02-17,27364.59824792311,29191.875981090612,27186.327249565304,28835.333984375,147467.0
2021-02-18,29147.309074610563,29682.12208515388,28077.68305352394,29325.580078125,68427.0
2021-02-19,28523.360236220473,29281.011992495078,27854.843980684054,28300.521484375,42907.0
2021-02-22,28389.656127929688,28389.656127929688,27141.759155273438,27810.275390625,45822.0
2021-02-23,27765.70715095766,28255.95238155242,27186.32642389113,27632.00390625,23382.0
2021-02-24,27632.005505709625,28033.11526305057,26116.70197797716,27320.03125,52881.0
2021-02-25,27008.056621784566,27810.276125401928,26740.65012057878,27721.140625,26542.0
2021-02-26,27498.300264342546,27498.300264342546,26339.53882694724,26606.9453125,32578.0
2021-03-02,27632.004148004886,27943.978388385585,26874.352421366042,27364.59765625,27843.0
2021-03-03,27008.055660796403,27320.029901102633,26473.2426774143,26651.513671875,39991.0
2021-03-04,26428.67613606771,27364.598899739583,26384.108385416665,26740.650390625,23667.0
2021-03-05,26740.65139358108,26829.78689822635,25982.999604096283,26384.109375,18988.0
2021-03-08,26384.10766196013,27097.19165282392,26205.836664244183,26829.78515625,14322.0
2021-03-09,26829.78443800403,28077.68138860887,26829.78443800403,27632.00390625,52991.0
2021-03-10,28255.95351626642,28523.360016420364,26874.35326547106,27141.759765625,31931.0
2021-03-11,26740.648941532258,27632.00390625,26696.08119329637,27632.00390625,28496.0
2021-03-12,27943.978757849294,28523.35949764521,27542.86901491366,28389.65625,14188.0
2021-03-15,28478.791996830427,28567.927496038035,27810.275752773374,28122.25,10945.0
2021-03-16,27899.411832079477,28924.470094280477,27676.573079427082,28879.90234375,15523.0
2021-03-17,28300.520271571648,29191.875240755006,28077.681529275807,28924.46875,13997.0
2021-03-18,28924.469968077956,29325.57972110215,28523.360215053763,29013.60546875,11424.0
2021-03-19,28389.65575940462,28879.90099229858,28122.24926873519,28211.384765625,19159.0
2021-03-22,28255.953734005907,28389.65698511319,27854.843980684054,28300.521484375,9876.0
2021-03-23,28033.114256279438,28657.062745290426,27899.411008634223,28389.65625,10302.0
2021-03-24,27988.547231791337,28523.360236220473,27676.572979207678,28300.521484375,11603.0
2021-03-25,27765.70776098901,28701.630494505494,27632.0045133438,28389.65625,18616.0
2021-03-26,28478.79077943314,29191.874742611435,28122.248797843993,28746.197265625,15323.0
2021-03-29,28567.92566600349,28746.196652998835,28077.680451766304,28701.62890625,20732.0
2021-03-30,28300.52158685378,29370.147599585263,28300.52158685378,28879.90234375,17810.0
2021-03-31,28879.903164950283,31375.697265625,28612.496654163708,31375.697265625,69459.0
2021-04-01,30930.016966540403,31286.558948863636,30439.771740845958,30885.44921875,26240.0
2021-04-02,30796.31457519531,30840.882324218746,29904.959594726562,30662.611328125,31484.0
2021-04-05,30484.34293740713,30484.34293740713,29771.258892087666,29994.09765625,18624.0
2021-04-06,29994.095578887758,30662.611825073964,29592.985831176036,30127.798828125,13294.0
2021-04-07,30127.799078824624,30306.070079291043,29548.41832730877,29860.392578125,18939.0
2021-04-08,29860.39232965052,30707.17957481971,29637.553580921784,30127.798828125,27912.0
2021-04-09,30350.63720922085,30528.908206044467,29726.688720338192,29815.82421875,24876.0
2021-04-12,30306.06982710799,30350.637576853736,29860.39232965052,30127.798828125,19190.0
2021-04-13,31286.558948863636,32177.913904671717,30439.771740845958,30885.44921875,118356.0
2021-04-14,31687.67117445301,32712.729454357963,31063.72265625,31063.72265625,97631.0
2021-04-15,31063.723724229196,31063.723724229196,29637.555633590266,29994.09765625,83222.0
2021-04-16,29994.097992302388,30350.6400189568,29682.12371897978,30306.072265625,38356.0
2021-04-19,30306.070567507417,30618.044823349406,29726.68980665801,30038.6640625,30316.0
2021-04-20,29860.391724537036,30484.34020833333,29548.417482638888,30083.23046875,41812.0
2021-04-21,29637.553467901584,30038.66321408371,29147.308222567874,29548.41796875,33196.0
2021-04-22,29236.443599849852,29949.52759009009,29236.443599849852,29682.12109375,36169.0
2021-04-23,29191.876094933712,29860.392341382576,29147.308345170455,29414.71484375,15966.0
2021-04-26,29414.71435546875,30751.74682617187,29191.875610351562,29949.52734375,44450.0
2021-04-27,29949.529843976776,30707.181640625,29592.987822024672,30707.181640625,56326.0
2021-04-28,31108.290754838425,32623.594315962357,30707.180988658558,31375.697265625,70560.0
2021-04-29,31019.155511282235,31821.37505036712,30484.342485225647,31108.291015625,29275.0
2021-04-30,30885.45225476809,31286.562024310533,30573.47798956841,31108.291015625,17122.0
2021-05-03,31108.29196478028,31553.96950009232,29682.12385178176,30172.369140625,25682.0
2021-05-04,30172.366212397235,30528.908206044467,29191.875729867337,29815.82421875,24096.0
2021-05-06,29860.391724537036,30172.365966435184,29459.281984953705,30083.23046875,34139.0
2021-05-07,30083.23363356259,30796.317690061853,29860.39486590657,30172.369140625,42611.0
2021-05-10,30528.908450501658,30528.908450501658,29592.98570968336,30261.501953125,22051.0
2021-05-11,30083.23310220882,31019.15590983309,29459.284563792633,30707.181640625,37396.0
2021-05-12,30751.745858028018,31108.287838990662,30083.22964372306,31019.15234375,28408.0
2021-05-13,31019.155251242897,32044.213542591442,30439.774477871983,31375.697265625,50862.0
2021-05-14,32267.04867703938,32356.184170622364,31108.28726046062,31687.66796875,26387.0
2021-05-17,31821.371823428723,31999.642814036168,31197.42335630267,31732.236328125,35661.0
2021-05-18,31643.10300705506,32445.322519909972,31375.696502770086,32177.916015625,16925.0
2021-05-20,31865.94283281035,32668.162372657323,31821.37508059663,32400.755859375,21451.0
2021-05-21,32400.752564817994,33336.67526614011,31197.423377403844,32445.3203125,34269.0
2021-05-24,32980.133783726094,33202.97252550803,32356.18530673668,32623.591796875,20337.0
2021-05-25,32935.56604591411,33648.65001984459,32801.86280080214,33336.67578125,32751.0
2021-05-26,33381.24401855469,34495.437744140625,32980.13427734375,34228.03125,35096.0
2021-05-27,34228.03187250996,35163.954619023905,33247.54137616202,33559.515625,31946.0
2021-05-28,33648.64977930206,33826.92077151028,32801.862566313,33604.08203125,33043.0
2021-05-31,33247.540890522876,34762.8443627451,32534.45690359477,34094.328125,58289.0
2021-06-01,34094.32998981882,34361.73649954289,33381.245963887966,33514.94921875,13077.0
2021-06-02,33202.97400033602,33826.922505040326,32980.13524865591,33158.40625,13308.0
2021-06-03,33158.40256605691,33292.10580221037,32846.428348365516,32890.99609375,13663.0
2021-06-04,32757.295285059397,32890.998531120866,32177.914552126374,32356.185546875,25509.0
2021-06-07,32222.485587284486,32668.16311961207,31821.375808189656,32311.62109375,24142.0
2021-06-08,32133.349169529156,33826.92374434484,31999.645913622655,33247.54296875,32489.0
2021-06-09,32891.00162417763,34406.305222039475,32891.00162417763,33871.4921875,33651.0
2021-06-10,34183.46302083333,35609.63096955128,33336.67580128205,34762.84375,141458.0
2021-06-11,34718.2750111318,35119.38473526554,33916.05556286431,34406.30078125,34523.0
2021-06-14,34406.29758792776,35609.62664864543,34317.16210194867,35163.94921875,20053.0
2021-06-15,35475.93020567602,35609.63346022003,33960.6266541773,34941.1171875,26113.0
2021-06-16,34896.551328428985,34896.551328428985,34138.899511592084,34361.73828125,17768.0
2021-06-17,34138.89551033592,34540.00524870801,33960.62451550388,34495.4375,4366.0
2021-06-18,34138.90085227273,34673.713920454546,34049.76534090909,34317.171875,7855.0
2021-06-21,33871.490255376346,34317.167758736556,32311.61899361559,33158.40625,29348.0
2021-06-22,33158.40695085752,33916.0587225841,32088.780920184698,33782.35546875,40156.0
2021-06-23,34317.16494278169,34896.54564960788,34049.758462708065,34807.41015625,22615.0
2021-06-24,35119.38793512658,36099.87846123418,34228.0329113924,35208.5234375,37342.0
2021-06-25,35208.521489221464,36189.0119610732,35208.521489221464,35921.60546875,17862.0
2021-06-28,36099.87985177262,36634.69288661369,35119.389287897306,36456.421875,13862.0
2021-06-29,36367.28332328106,37392.341554206876,35966.17358074487,36946.6640625,29736.0
2021-06-30,37080.373361144215,37436.915412693685,36679.263553151075,37392.34765625,20233.0
2021-07-01,38952.215773373384,39754.435320193435,37124.93791672772,38016.29296875,52654.0
2021-07-02,38149.99465376782,45013.42827138493,38149.99465376782,43765.53125,159008.0
2021-07-05,43631.82605445266,45459.10375438377,42874.17432521292,44478.61328125,108213.0
2021-07-06,44656.88600708502,45102.563512145745,43319.85349190283,44032.9375,68570.0
2021-07-07,43765.53062311935,45102.56312688064,43364.42087199097,44434.046875,61238.0
2021-07-08,44567.75012537613,44924.292126379136,43810.098373244735,44434.046875,55264.0
2021-07-09,44478.61376473477,47598.35621316307,43631.82652873281,45369.96875,104468.0
2021-07-12,45548.23900491783,45815.64549614044,44300.342045878984,44746.01953125,38912.0
2021-07-13,44567.75,45013.4275,43676.395,44567.75,27821.0
2021-07-14,44656.88562562688,45815.64712888666,44211.208124373115,44434.046875,35484.0
2021-07-15,44746.0173915692,47509.217668737816,43676.39147782651,45726.5078125,91679.0
2021-07-16,45637.37717601547,46617.86770128143,45102.56416223404,46083.0546875,27396.0
2021-07-19,46439.59739533635,46707.00390625,45280.83584804389,46707.00390625,19888.0
2021-07-20,45637.373373373375,46083.05084772272,44300.34095032533,44523.1796875,32006.0
2021-07-21,44523.179878544484,44924.28960718002,42428.495740114464,42829.60546875,38902.0
2021-07-22,42829.60246672454,43765.525101273146,42250.221788194445,43319.84765625,40322.0
2021-07-23,43141.57982124217,44523.1800014679,41849.115136514876,42695.90234375,52671.0
2021-07-26,42695.90508319805,43052.447088068184,41180.6015625,41180.6015625,32596.0
2021-07-27,41180.60170570265,44122.07325610998,41180.60170570265,43765.53125,39905.0
2021-07-28,43676.38939481084,44122.066837615035,42161.086089276585,43587.25390625,34503.0
2021-07-29,43097.01176958208,44523.1796875,43052.444022147145,44523.1796875,31561.0
2021-07-30,44924.29114004045,44924.29114004045,42918.7424284315,44077.50390625,16793.0
2021-08-02,43899.23302431238,46261.32373526523,42562.20054641454,45369.96875,82624.0
2021-08-03,45459.10448096264,47598.35645653735,43899.23324877275,46528.73046875,50621.0
2021-08-04,46974.407708525876,49470.20166647412,46707.00121303142,48222.3046875,43175.0
2021-08-05,48222.31055382562,50183.291759341635,47865.76851645907,50094.15625,30746.0
2021-08-06,50272.418430779566,50807.23139280914,49291.92800039202,49737.60546875,14420.0
2021-08-09,49113.66420122663,49648.477241530374,47330.95406688084,47687.49609375,20157.0
2021-08-10,46796.13349382267,47509.21743277616,45548.23660065407,45993.9140625,18723.0
2021-08-11,45369.972016242944,48044.037164548026,44835.158986581926,47330.953125,25567.0
2021-08-12,46796.1395023376,47954.90105191929,44835.15841843012,45280.8359375,38237.0
2021-08-13,44835.15883657095,46172.19140625,43275.28750527871,46172.19140625,39895.0
2021-08-17,45459.1015625,45993.914522058825,43943.798177083336,45459.1015625,24471.0
2021-08-18,45369.97054303279,45369.97054303279,43498.125,43498.125,49126.0
2021-08-19,43319.85217476489,43899.2329137278,42027.3874493861,42651.3359375,35874.0
2021-08-20,42473.06788395679,43810.10045113277,41492.57733469441,42294.796875,34895.0
2021-08-23,42785.04390495868,43498.12797004132,42339.366364282025,43141.5859375,22238.0
2021-08-24,43275.28430175781,44300.342529296875,43141.5810546875,44211.20703125,23858.0
2021-08-25,44389.48316461268,44434.05091879401,43141.58604753521,44300.34765625,21059.0
2021-08-26,44567.74877880762,44567.74877880762,43453.55505933742,44478.61328125,21502.0
2021-08-27,44166.639160646984,44344.91015625,43186.1486848304,44344.91015625,28398.0
2021-08-30,44567.74586853877,45459.10078590954,43810.094188773604,44835.15234375,25772.0
2021-08-31,45191.699941830404,45191.699941830404,42785.041365046534,43097.015625,58044.0
2021-09-01,43364.41540075232,44300.33803530093,42473.06051070602,43319.84765625,69719.0
2021-09-02,43364.41979980469,44211.20703125,42785.0390625,44211.20703125,17971.0
2021-09-03,44211.206909547735,44478.61340295226,43676.393922738695,44344.91015625,45114.0
2021-09-06,44567.751024590165,44835.157530737706,43408.98949795082,43498.125,11644.0
2021-09-07,43542.6953125,43988.37284896366,42874.1790078045,43542.6953125,32430.0
2021-09-08,43765.52828973121,43810.09603748043,42161.08937075939,42695.90234375,63659.0
2021-09-09,42695.904905826384,42918.74365794447,41804.549897354016,42740.47265625,37079.0
2021-09-10,42740.473559934704,43097.01557086221,41002.331256663114,41804.55078125,52016.0
2021-09-13,41804.54870363114,42695.90368665099,41537.142208725185,42651.3359375,22506.0
2021-09-14,42339.3614518432,43097.01318308671,42339.3614518432,42918.7421875,18646.0
2021-09-15,43676.39231636598,43676.39231636598,42161.08890947165,43230.71484375,44812.0
2021-09-16,43230.720096426725,43453.55885981037,42606.771558952525,43186.15234375,17997.0
2021-09-17,43498.12184343434,44122.0703125,42829.60562657828,44122.0703125,25176.0
2021-09-23,44122.07002885114,44122.07002885114,42383.92787619943,42963.30859375,24787.0
2021-09-24,43230.71816795645,43230.71816795645,42473.06640625,42473.06640625,12224.0
2021-09-27,42473.06666199182,42740.47316773363,41893.685899551216,42205.66015625,10864.0
2021-09-28,41759.981938303856,42161.09169011254,41403.43993669614,41581.7109375,21207.0
2021-09-29,41314.307116699216,42785.04296875,40734.92632649739,42785.04296875,42509.0
2021-09-30,42785.04296875,43141.58499348958,42071.95891927083,42785.04296875,9011.0
2021-10-01,42740.47507360814,42740.47507360814,41626.28125,41626.28125,10632.0
2021-10-05,41269.73896276596,41893.6875,40913.19694148936,41893.6875,12014.0
2021-10-06,42651.3368492464,42651.3368492464,39219.62009126106,40289.24609375,19224.0
2021-10-07,40289.247738930884,41358.87378509719,40244.67998700729,41269.73828125,10861.0
2021-10-08,41180.6033271474,42785.042417815486,41046.90006959173,42027.390625,14738.0
2021-10-12,42161.09534801136,43631.831232244316,41982.8243317407,43141.5859375,20736.0
2021-10-13,43141.5859375,43943.805510717975,42383.93411834969,43141.5859375,10301.0
2021-10-14,44122.071291019536,44835.15527148046,43141.58081788577,44478.61328125,36002.0
2021-10-15,44567.75012537613,44746.02112587763,41002.330115346034,44434.046875,19249.0
2021-10-18,44122.075700431036,44567.75323275862,43587.262661637935,43943.8046875,6210.0
2021-10-19,43453.55705180921,43943.802310855266,42116.52452713816,42339.36328125,17073.0
2021-10-20,42517.634803105015,42829.60906266658,41759.98302988406,41804.55078125,6005.0
2021-10-21,41804.55091076203,42071.95741978609,41269.7378927139,41670.84765625,15117.0
2021-10-22,41670.843402409955,42473.06284759004,41225.165932865464,42071.953125,6029.0
2021-10-25,42071.951785714286,42205.65502232143,41046.89363839286,42116.51953125,6583.0
2021-10-26,42339.36459748641,42339.36459748641,40868.628774626355,41002.33203125,16777.0
2021-10-27,41269.738412445826,41403.44166864166,40645.78988353196,41136.03515625,3654.0
2021-10-28,41358.87308114035,42339.363606770836,40645.7890625,40645.7890625,11707.0
2021-10-29,40734.92041973039,43052.443244485294,40690.35267310049,40913.19140625,10821.0
2021-11-01,41002.32719809322,42116.520871954446,40422.94648768538,42071.953125,11105.0
2021-11-02,42428.49840328467,42918.74365794447,42071.956399895724,42740.47265625,9107.0
2021-11-03,42740.4736392798,42740.4736392798,40378.3828125,40378.3828125,20225.0
2021-11-04,40467.51659729803,41180.60059020197,40289.245599072055,40824.05859375,10629.0
2021-11-05,40824.0619612069,41002.332974137935,39932.706896551725,40066.41015625,11075.0
2021-11-08,40200.111100406386,40467.51760440022,39353.32383775925,39754.43359375,5648.0
2021-11-09,39754.43200331603,40645.78698096886,38060.85754577566,38640.23828125,20103.0
2021-11-10,38640.24066582542,39085.91818215558,37169.50486193587,37526.046875,21391.0
2021-11-11,37570.61378892148,37793.45254211793,36812.962028053546,37035.80078125,20600.0
2021-11-12,36590.12460466867,37615.182906626505,36545.55685240964,36991.234375,25470.0
2021-11-15,36991.231689453125,37838.01892089844,36144.44445800781,37080.3671875,45800.0
2021-11-16,37124.93493652344,37392.34143066406,36411.85095214844,37080.3671875,29453.0
2021-11-17,37080.37041564792,37080.37041564792,35787.90558144866,36456.421875,20391.0
2021-11-18,36456.42047072785,36456.42047072785,34985.684681566454,35208.5234375,32698.0
2021-11-19,35030.25378209046,36723.82839242054,35030.25378209046,36456.421875,51845.0
2021-11-22,36322.71420739348,37169.501409774435,35119.38502506266,35565.0625,31786.0
2021-11-23,35966.17346191406,36367.283203125,35297.6572265625,35654.19921875,28502.0
2021-11-24,35475.932802547766,36055.31361464968,34673.71321656051,34985.6875,17650.0
2021-11-25,35609.62995365123,36055.30742491095,34138.89429849417,34406.30078125,39393.0
2021-11-26,34584.577164366376,36322.71957340025,34584.577164366376,35520.5,37487.0
2021-11-29,35208.52349473443,37481.47880895146,34673.71047962454,36500.98828125,36293.0
2021-11-30,37080.37272727273,37080.37272727273,34317.171875,34317.171875,32917.0
2021-12-01,34317.166147828866,35565.063098659004,33916.056413633465,34896.546875,24116.0
2021-12-02,34718.27590586656,36545.553585122696,34317.16617139571,36322.71484375,18994.0
2021-12-03,36144.442863228,37124.933298482036,35743.333139714996,35966.171875,15775.0
2021-12-06,35698.76838485054,36991.233157835144,35431.36188009511,36902.09765625,15783.0
2021-12-07,36545.55419921875,36634.689697265625,35253.08947753906,35654.19921875,33116.0
2021-12-08,35654.19993857494,36812.961436578626,35654.19993857494,36278.1484375,25373.0
2021-12-09,36233.578010110294,36812.95871629902,36010.73927696078,36367.28125,14892.0
2021-12-10,36367.28676909308,37392.345097143494,36278.151262306084,37347.77734375,22963.0
2021-12-13,37392.34109116022,41448.00621546961,37392.34109116022,40333.8125,101191.0
2021-12-14,39888.137803819445,40556.65407986111,39264.18927951389,40110.9765625,31919.0
2021-12-15,39888.136768539975,39977.272269698726,38194.562246523754,38461.96875,27241.0
2021-12-16,38417.40112645349,38863.07863372093,37481.47836119186,38328.265625,22788.0
2021-12-17,37659.748837631356,40690.35584468335,37659.748837631356,40289.24609375,37776.0
2021-12-20,40289.245245354236,40289.245245354236,37169.5028037892,38372.83203125,80853.0
2021-12-21,38328.26378567182,38328.26378567182,36768.39258509215,37481.4765625,15142.0
2021-12-22,37436.910725502516,37882.588234139446,35386.79418577261,35475.9296875,36669.0
2021-12-23,36055.3137089627,36367.28799321825,35565.06840513255,36144.44921875,25593.0
2021-12-24,36189.0118394623,36500.98607945767,35921.6053480377,36055.30859375,16446.0
2021-12-27,36055.30760377653,36590.12057194133,34941.11392009987,35698.765625,14264.0
2021-12-28,35698.7716698135,36278.152483430946,35342.229630664304,36144.44921875,31542.0
2021-12-29,37049.1849609375,38722.957663690475,36777.76236049107,37999.1640625,22909.0
2021-12-30,37999.16792168675,38994.38422439759,37411.085560993975,37546.796875,19377.0
2022-01-04,39808.650219298244,39808.650219298244,38451.53714364035,38677.72265625,14185.0
2022-01-05,38677.72130732914,38677.72130732914,36823.00016861511,37727.7421875,21366.0
2022-01-06,37049.1849609375,38903.9060639881,36325.391359747024,37999.1640625,48853.0
2022-01-07,37999.16993343195,38315.829682877215,37320.61332747781,38225.35546875,26340.0
2022-01-10,38134.87918730945,38134.87918730945,36823.003153582315,37094.42578125,18118.0
2022-01-11,36868.24257235222,37365.85075431035,36461.108605295565,36732.53125,18835.0
2022-01-12,36732.52825956938,37908.69295753588,36551.57984449761,37818.21875,14462.0
2022-01-13,37818.2175,37818.2175,36823.00125,37320.609375,13899.0
2022-01-14,37003.949009735436,38542.01046001784,36823.00060381986,38044.40234375,30058.0
2022-01-17,37592.03249331948,38406.300345160336,37320.6098760392,38089.640625,8354.0
2022-01-18,38361.064710365856,38361.064710365856,37003.951572027436,37094.42578125,12754.0
2022-01-19,36868.23798875302,38225.35104355375,36868.23798875302,37456.3203125,10841.0
2022-01-20,37094.42503404964,37546.796071050245,36913.47661924939,37365.84765625,9523.0
2022-01-21,38180.116291920735,39175.332593368905,36461.10631669207,37094.42578125,66019.0
2022-01-24,36868.24097287003,37094.42650031095,35692.07623017724,36370.6328125,32252.0
2022-01-25,37365.849092805416,37365.849092805416,35782.55040243231,35918.26171875,14092.0
2022-01-26,35375.41348236386,36732.52653155941,35375.41348236386,36551.578125,12997.0
2022-01-27,36325.38968433143,36325.38968433143,35239.6993326204,35692.0703125,14011.0
2022-01-28,35692.07453084729,35963.497150853735,34832.569567493556,35103.9921875,14283.0
2022-02-03,35103.994537275066,35465.89138817481,34832.57189910026,35194.46875,7102.0
2022-02-04,34425.437970931154,35692.076950150695,34425.437970931154,35646.83984375,9339.0
2022-02-07,35692.0703125,35827.781606463876,35103.98803865653,35692.0703125,7423.0
2022-02-08,36008.73412698413,37365.847222222226,35511.12599206349,37049.1875,19291.0
2022-02-09,36823.002176765265,36913.47638358779,35511.12617783874,35556.36328125,33721.0
2022-02-10,35737.30849358974,35827.782692307694,34832.56650641026,35284.9375,23433.0
2022-02-11,35284.9453125,35284.9453125,34606.388671875,34832.57421875,8302.0
2022-02-15,33475.45816945964,33656.40659199726,32615.95316240595,33068.32421875,24442.0
2022-02-16,33701.643312542576,33701.643312542576,32842.138315309945,33204.03515625,12978.0
2022-02-17,33384.98276969178,33656.405393835616,32480.24068921233,33023.0859375,43951.0
2022-02-18,32977.850480293535,34425.437881348946,32661.190736312667,34289.7265625,88212.0
2022-02-21,34289.7265625,34561.14920019789,33611.16996825528,34289.7265625,9899.0
2022-02-22,33927.82854813408,37320.611402947485,33611.168815018165,34244.48828125,25605.0
2022-02-23,34470.67224555336,34832.569067028984,33384.98178112648,34334.9609375,15972.0
2022-02-24,33520.69315364922,35873.022497764956,33384.98184533485,34787.33203125,47016.0
2022-02-25,34606.38447377874,36144.44600594668,34606.38447377874,35420.65234375,19193.0
2022-02-28,35420.65276898734,36189.6835443038,35284.94145569621,35737.3125,9062.0
2022-03-02,35737.31095130997,36053.970668600065,35465.8883364899,35827.78515625,4387.0
2022-03-03,36099.20703125,36415.866742050435,35692.073117363725,36099.20703125,3189.0
2022-03-04,36099.20770060742,36099.20770060742,35284.93985773657,35375.4140625,5444.0
2022-03-07,34742.093469910375,35646.83548735595,34742.093469910375,35330.17578125,9277.0
2022-03-08,35194.467992665814,35782.55036272322,35058.75667649873,35465.890625,7985.0
2022-03-10,36596.81830033848,36913.4780384131,35465.890664357685,35918.26171875,18537.0
2022-03-11,35737.313806784,38451.5401718562,35737.313806784,37592.03515625,22965.0
2022-03-14,37727.74410999699,37727.74410999699,35601.600257275335,37501.55859375,30614.0
2022-03-15,36958.70975509345,38225.348522709864,36234.91617359835,36913.47265625,24803.0
2022-03-16,36913.47538343558,37501.55771184816,35918.25913535276,36868.23828125,19157.0
2022-03-17,37003.951572027436,37365.848408917685,36370.632107469515,37094.42578125,14998.0
2022-03-18,37094.42529965753,37139.662403681505,36234.92032320205,36325.39453125,12145.0
2022-03-21,36868.23627989969,36868.23627989969,35918.25718557099,36642.05078125,17810.0
2022-03-22,36053.97000696163,36596.815226639854,36008.73290532178,36551.578125,6012.0
2022-03-23,36370.63239099749,36596.817915817126,35692.075816538585,36053.97265625,13708.0
2022-03-24,36189.683926302416,36189.683926302416,35284.94182814485,35601.6015625,8424.0
2022-03-25,36008.73474936948,36008.73474936948,35601.60081376103,35873.0234375,9518.0
2022-03-28,35556.36560089974,36008.73666452442,35103.994537275066,35194.46875,11668.0
2022-03-29,35194.4691580414,35692.077333797766,35194.4691580414,35511.12890625,6395.0
2022-03-30,35511.127845707924,37094.4265394656,35194.46810695639,36823.00390625,20910.0
2022-03-31,36551.58052591464,37546.79682736281,36325.39500285823,37094.42578125,11020.0
2022-04-01,36913.47619047619,37049.1875,36325.39384920635,37049.1875,6677.0
2022-04-04,37049.18867663872,37139.66288586128,36687.291839748475,37094.42578125,6936.0
2022-04-05,37365.84728400181,37682.50700674759,37094.42466450543,37501.55859375,24433.0
2022-04-06,37411.08121013062,37411.08121013062,36551.576321385175,37230.1328125,110062.0
2022-04-07,37139.66170634921,37365.847222222226,36642.05357142857,37049.1875,9553.0
2022-04-08,37139.663645001536,37139.663645001536,36370.63285089066,36823.00390625,12784.0
2022-04-11,36958.70975509345,37094.42105162377,36642.05006318934,36913.47265625,11447.0
2022-04-12,36913.47682849937,37003.951036412356,35737.31212563052,35873.0234375,14408.0
2022-04-13,35873.0234375,36415.86868497793,35827.7863335435,35873.0234375,16488.0
2022-04-14,35873.021523535404,36234.91833587876,35511.124711192046,36099.20703125,10463.0
2022-04-15,36189.68123433584,36642.05224976504,35737.31021890664,36099.20703125,61039.0
2022-04-18,36551.58057228916,38270.5905496988,35873.02400225904,37546.796875,55658.0
2022-04-19,38542.01312881098,38542.01312881098,36777.76604897104,37094.42578125,41917.0
2022-04-20,37411.08297599467,37411.08297599467,36053.969929707084,36099.20703125,48294.0
2022-04-21,36099.207771070076,36370.63038589015,35782.54805377999,35827.78515625,24417.0
2022-04-22,35827.78826935279,36234.922226959075,35420.65431174651,35646.83984375,32959.0
2022-04-25,35556.36188892327,36642.0523282797,35149.227974164605,36551.578125,230146.0
2022-04-26,36913.47762784091,40577.68312766335,36913.47762784091,39808.65234375,231760.0
2022-04-27,39582.46672874273,41618.13644622093,37727.745430595925,38903.91015625,153378.0
2022-04-28,38903.90929742908,39763.41427027926,37999.16722074468,38270.58984375,62180.0
2022-04-29,38813.43186383929,39175.32866443452,37592.03016183036,37999.1640625,54066.0
2022-05-03,40713.392017991406,43291.90684579753,40487.20650678034,42115.7421875,144578.0
2022-05-04,41980.02791005291,43291.903782242065,40622.91493882275,42749.05859375,115222.0
2022-05-06,42341.925123762376,42341.925123762376,41075.2863380088,41120.5234375,71926.0
2022-05-10,40758.63209259133,41527.66288679117,39084.85918756816,41482.42578125,38610.0
2022-05-11,40849.10580231742,41482.42527212079,40034.83791257023,40261.0234375,60090.0
2022-05-12,40034.83700653147,40441.9709421911,38542.012575779445,39175.33203125,40677.0
2022-05-13,39311.04199871242,41391.948709806515,39265.804896297326,40622.91796875,24578.0
2022-05-16,40894.34219784768,41572.898760865064,40622.91957264073,40984.81640625,19534.0
2022-05-17,40984.817502818485,41030.054608229984,39763.415656708006,40125.3125,28385.0
2022-05-18,40261.021079673425,40894.34051238739,39582.464544622744,40170.546875,19841.0
2022-05-19,38903.90836864407,40894.34088983051,38270.58893008475,40034.8359375,36763.0
2022-05-20,40034.83662525172,40668.156074690734,38813.43482990506,39311.04296875,26684.0
2022-05-23,38949.14802126025,39175.33354983899,38451.539858387005,38632.48828125,13353.0
2022-05-24,38134.88202566299,38813.43864533671,37275.37697407628,37953.93359375,40522.0
2022-05-25,38044.404379015774,38813.435145297895,37501.55913222839,38722.9609375,18504.0
2022-05-26,38768.19477279162,40034.833575169876,38677.72057262174,39944.359375,20429.0
2022-05-27,40261.02574899656,40261.02574899656,39311.04648975057,39446.7578125,9356.0
2022-05-30,39446.754220023286,39989.59946158324,38677.723461146685,38858.671875,11861.0
2022-05-31,39311.04648975057,39627.706242832566,38542.015660837154,39446.7578125,22399.0
2022-06-02,39808.653518728715,40441.97300652668,38451.54033059024,39853.890625,12950.0
2022-06-03,39853.89221096357,40939.58280467881,39582.46956253476,40668.16015625,16088.0
2022-06-07,40668.15742621528,40894.34295138889,39853.88953559028,40713.39453125,12330.0
2022-06-08,41256.242115825684,41256.242115825684,39446.7578125,39446.7578125,8699.0
2022-06-09,38903.91049291618,39039.62180858914,38089.642598878396,38315.828125,18975.0
2022-06-10,38632.48773141065,38632.48773141065,36958.71484375,36958.71484375,11939.0
2022-06-13,36777.76318176498,36777.76318176498,35375.413048142946,36234.91796875,18543.0
2022-06-14,34742.09771573604,36189.68512055837,34334.96375812976,35646.83984375,32043.0
2022-06-15,35420.65072076613,36370.62985887097,34696.85709173387,35058.75390625,16877.0
2022-06-16,35103.99161381843,36189.68207610147,33792.11563855975,33882.58984375,30097.0
2022-06-17,33565.93245464381,34063.54061771804,32661.19033996338,33973.06640625,16488.0
2022-06-20,34108.77445790816,34515.90837053571,31665.97098214286,33249.26953125,46261.0
2022-06-21,33249.271884540365,33792.11713979817,32615.952420072932,33339.74609375,24313.0
2022-06-22,33430.22179522447,34063.54128796214,31620.73753025968,32118.345703125,27642.0
2022-06-23,32118.34399628849,32435.003725829363,30851.705078125,30851.705078125,33292.0
2022-06-24,30715.99078719917,32389.76348105244,30715.99078719917,31485.021484375,14402.0
2022-06-27,32118.344049178108,32480.240883535043,30942.179337518064,31304.076171875,19866.0
2022-06-28,31304.076171875,31620.73590193732,30399.33408598266,31304.076171875,18982.0
2022-06-29,31349.314150336068,32389.767578125,30715.9946725515,32389.767578125,29690.0
2022-06-30,32570.712765957447,32706.424069148936,31485.022340425534,31892.15625,18523.0
2022-07-01,31892.158118206524,32254.05494791667,30806.467629076087,31213.6015625,18760.0
2022-07-04,31258.83741025405,32208.816550073636,29856.487251472754,30715.9921875,19430.0
2022-07-05,30715.993306902987,31032.653031716418,29992.19965018657,30308.859375,38793.0
2022-07-06,30308.85883849344,30489.807249469523,29223.16837263696,29313.642578125,24007.0
2022-07-07,29404.11838438453,30308.860488519436,29358.881279177782,29675.541015625,22438.0
2022-07-08,29720.77543192976,30354.094847526434,29494.589926359517,29946.9609375,22614.0
2022-07-11,30173.147882080077,30173.147882080077,28680.323474121094,28951.74609375,29126.0
2022-07-12,28816.03459272541,29223.168519467214,27323.21019467213,27594.6328125,51472.0
2022-07-13,28001.76795543324,28047.00506036932,27142.262961647728,27866.056640625,32339.0
2022-07-14,27458.921931979334,28182.715590812397,27232.736413594,27911.29296875,41827.0
2022-07-15,27775.57984325554,28770.796059137658,27458.92013820214,28589.84765625,119225.0
2022-07-18,28996.98285891686,30082.673324773343,28589.84893422068,29313.642578125,26815.0
2022-07-19,29404.117506377548,29630.303025657377,28816.03515625,28816.03515625,7478.0
2022-07-20,28906.50892857143,29313.64285714286,28227.95238095238,28499.375,23849.0
2022-07-21,28816.034480283306,29675.53943338438,28499.374760719755,29539.828125,22591.0
2022-07-22,29539.829228408646,29539.829228408646,28770.798452171362,28906.509765625,12557.0
2022-07-25,29087.45625788529,29268.40466384414,28589.84814149845,29132.693359375,6955.0
2022-07-26,28951.744548286606,29223.16715342679,28816.033245716513,29042.21875,9315.0
2022-07-27,29087.456296947228,29358.87890625,28725.55948454353,29358.87890625,4857.0
2022-07-28,29630.30203054617,30580.281179617115,29313.642314189186,30127.91015625,24756.0
2022-07-29,30308.859827483506,31077.890599225626,30308.859827483506,30851.705078125,16152.0
2022-08-01,30942.17854060683,31213.601159384085,30127.910684275073,31123.126953125,9841.0
2022-08-02,31168.36432042974,33475.456599590725,30535.044871248294,33158.796875,69554.0
2022-08-03,33158.79321831597,33927.82389322917,31439.783474392363,32570.7109375,81351.0
2022-08-04,32570.712765957447,33068.32087765958,31575.496542553192,31892.15625,34530.0
2022-08-05,31892.15897993608,31892.15897993608,31258.839510830967,31846.921875,6225.0
2022-08-08,31665.973772321428,32118.344826211734,30806.46876992985,31032.654296875,23541.0
2022-08-09,31213.603065796808,31349.314383474182,30308.86094794762,30444.572265625,9872.0
2022-08-10,30444.57098051668,30444.57098051668,29132.694965011502,29494.591796875,39663.0
2022-08-11,29766.015677238112,31394.551489366644,29766.015677238112,30444.572265625,55773.0
2022-08-12,30173.148064365672,30851.704617537314,29946.96254664179,30308.859375,44633.0
2022-08-16,30625.520773638968,31756.448424068767,30399.335243553007,31575.5,26453.0
2022-08-17,31575.497161686766,31620.73426363761,30942.177734375,30942.177734375,8489.0
2022-08-18,30896.940026595745,32344.527260638297,30535.043218085106,31892.15625,18921.0
2022-08-19,32027.868564151984,32027.868564151984,30715.99259189152,30806.466796875,11244.0
2022-08-22,30761.22871480213,30761.22871480213,29494.589885369103,29720.775390625,11715.0
2022-08-23,29494.59142414122,29946.962458253816,29177.931700262405,29630.302734375,14889.0
2022-08-24,29630.303910418254,30263.62338331269,29268.40706876429,29675.541015625,15733.0
2022-08-25,29675.538694992414,30263.621016691955,29404.11608497724,29811.25,27270.0
2022-08-26,29811.25114802004,30037.436665076337,28951.74618320611,29630.302734375,21796.0
2022-08-29,28816.034783935545,29494.59133300781,28725.560577392578,28951.74609375,20113.0
2022-08-30,29358.880484926187,30535.045188482552,28635.086821199195,29494.591796875,17913.0
2022-08-31,29901.724713387575,30942.178069526628,29585.064996301775,30580.28125,10936.0
2022-09-01,30625.518281953828,30625.518281953828,29946.96174690315,30127.91015625,7679.0
2022-09-02,30127.91184483069,31530.262095866354,30037.437635086455,31394.55078125,17214.0
2022-09-05,31077.889786711836,31394.549507973818,29992.199313813606,30670.755859375,12261.0
2022-09-06,30851.7033383915,30851.7033383915,29720.77579666161,29811.25,31663.0
2022-09-07,29856.4858903556,31711.206983544358,28996.980993512032,31485.021484375,19928.0
2022-09-08,31304.07612032625,31349.31322454637,30670.756661244504,30851.705078125,8836.0
2022-09-13,30851.705078125,31213.601911886,30444.57114014388,30851.705078125,12347.0
2022-09-14,29675.539167287632,30761.229624627424,29675.539167287632,30354.095703125,3853.0
2022-09-15,30851.70587531888,31258.839823820155,30218.38639987245,31032.654296875,6820.0
2022-09-16,31032.654296875,31123.128507653062,30580.283242984693,31032.654296875,3907.0
2022-09-19,31168.363129437592,31168.363129437592,29901.72427947496,30263.62109375,2221.0
2022-09-20,30173.146525065105,30489.806233723957,29856.48681640625,30399.33203125,4093.0
2022-09-21,29901.725443097013,30670.756203358207,29901.725443097013,30308.859375,3808.0
2022-09-22,30308.859315814392,30308.859315814392,29675.539867424242,29856.48828125,4944.0
2022-09-23,29856.488159179688,30127.910778808593,28680.323474121094,28951.74609375,4845.0
2022-09-26,29177.93148311492,29177.93148311492,27549.395772429434,28047.00390625,10894.0
2022-09-27,27458.922250103475,28092.2417089197,27142.262520695363,27323.2109375,10104.0
2022-09-28,27639.869474243365,28092.240496735074,26554.179020263266,27277.97265625,14480.0
2022-09-29,27504.158272653724,28544.61162836266,27323.20986296521,27956.529296875,12679.0
2022-09-30,27142.26249478297,27685.10774467863,26825.60276567717,27097.025390625,11455.0
2022-10-04,27232.736385569853,27685.107421875,27187.49928193934,27685.107421875,3009.0
2022-10-05,27730.34424603175,28725.560515873018,27232.736111111113,28499.375,7435.0
2022-10-06,28499.37341133373,28589.84761263955,27866.05400219298,28363.662109375,7151.0
2022-10-07,28273.189013829895,28273.189013829895,27639.869579920105,27956.529296875,3756.0
2022-10-11,27142.26049558081,27368.44599971065,26599.41528566919,26870.837890625,14373.0
2022-10-12,27187.498821614583,27277.97302734375,26735.12779296875,27142.26171875,2459.0
2022-10-13,26735.127694310897,27051.787413194445,25875.622743055555,26463.705078125,10095.0
2022-10-14,26825.60163375829,27594.632371994197,26735.127429259952,27277.97265625,9180.0
2022-10-17,27006.55083916804,28137.47842874794,26825.602424835255,27458.921875,8904.0
2022-10-18,27594.633270950562,28318.426930516478,27594.633270950562,28137.478515625,6468.0
2022-10-19,28047.002766927082,28408.899576822918,27866.054361979168,28227.951171875,4614.0
2022-10-20,27504.157552083332,28544.610880533855,27504.157552083332,28227.951171875,38893.0
2022-10-21,28544.61051198664,28951.744417862836,28092.239505457535,28363.662109375,9809.0
2022-10-24,28408.900095066303,29223.16793218604,28408.900095066303,28996.982421875,12935.0
2022-10-25,29313.644044528755,29358.881149535744,28273.19062936801,28318.427734375,11365.0
2022-10-26,28318.426735448473,29675.539837786262,28318.426735448473,29630.302734375,29734.0
2022-10-27,29585.064374272126,29585.064374272126,28725.559445967585,29132.693359375,26099.0
2022-10-28,28951.746845425867,29087.4581587638,27413.685294262617,28680.32421875,8740.0
2022-10-31,28680.321943146417,29675.53816199377,28318.425136292837,29042.21875,13977.0
2022-11-01,29585.066004840875,29766.014420772623,28906.509445096817,29494.591796875,9850.0
2022-11-02,29494.59028831563,30308.858118361153,29132.693474962063,29811.25,17656.0
2022-11-03,29177.93113368332,29630.302159011742,28408.900390625,28408.900390625,21683.0
2022-11-04,28227.95091540404,28227.95091540404,26418.46688236532,26870.837890625,33947.0
2022-11-07,26870.838176366182,26961.31237898021,25830.384846304863,26282.755859375,34627.0
2022-11-08,26780.364830508475,26780.364830508475,26056.57118644068,26689.890625,17746.0
2022-11-09,26689.890523097823,26689.890523097823,26011.333984375,26011.333984375,24328.0
2022-11-10,25920.862078792263,26327.99603814502,25242.305479870996,25423.25390625,23220.0
2022-11-11,26192.28236019737,26192.28236019737,25061.35479714912,25785.1484375,40106.0
2022-11-14,25920.860150103803,26056.57145979021,25332.777808129373,25875.623046875,31933.0
2022-11-15,25604.200061141302,26011.333984375,25604.200061141302,26011.333984375,10106.0
2022-11-16,26011.334760180747,26101.808968042245,25739.912136596253,25966.09765625,16958.0
2022-11-17,25966.098412742078,25966.098412742078,25468.4902550066,25694.67578125,17993.0
2022-11-18,25920.862078792263,26101.810505171266,25378.01679965525,25423.25390625,22550.0
2022-11-21,25694.674862132353,25694.674862132353,24563.747271369488,24608.984375,31178.0
2022-11-22,24789.931898584906,24789.931898584906,23749.478552476416,23975.6640625,52253.0
2022-11-23,24247.086852477478,25106.591796875,23930.427136120496,25106.591796875,23697.0
2022-11-24,25242.30428703912,25513.726913781473,24880.40745138264,25151.830078125,12143.0
2022-11-25,25151.829647654828,25151.829647654828,24654.221507143673,24835.169921875,9258.0
2022-11-28,24880.405803982503,24880.405803982503,24382.797687902854,24563.74609375,10859.0
2022-11-29,24292.32281207694,25242.301916459837,24292.32281207694,25061.353515625,10789.0
2022-11-30,25242.30313895089,25332.77734375,24880.406319754464,25332.77734375,12249.0
2022-12-01,25558.962158630693,25875.62186679072,25332.776652802102,25830.384765625,19121.0
2022-12-02,25830.387479258847,25830.387479258847,25332.779314159292,25558.96484375,6649.0
2022-12-05,25558.962484735788,25739.91089170737,25242.302772535524,25468.48828125,16914.0
2022-12-06,25604.199586478684,25604.199586478684,25106.591467306836,25468.48828125,8340.0
2022-12-07,25287.540170454547,25287.540170454547,24744.69494318182,24880.40625,12883.0
2022-12-08,25197.06675133766,26237.520136042807,24337.561781363846,24835.169921875,26366.0
2022-12-09,24835.168819304436,25242.302734375,24699.457514280915,25242.302734375,12330.0
2022-12-12,25558.96446550396,25830.387096996037,25151.830518265844,25694.67578125,16616.0
2022-12-13,25739.91126534598,25739.91126534598,25106.59183175223,25332.77734375,16480.0
2022-12-14,25332.776976021312,25830.38509519316,25197.06567079263,25468.48828125,18109.0
2022-12-15,25558.963165562156,25558.963165562156,24744.6953125,24744.6953125,23221.0
2022-12-16,24699.457805332568,24880.406214162846,24292.32388546445,24654.220703125,18100.0
2022-12-19,24654.22100784187,24654.22100784187,23930.427363574952,24066.138671875,20763.0
2022-12-20,24066.138191105772,24382.797904146635,23070.921950120195,23523.29296875,26524.0
2022-12-21,23342.344115497075,23523.292519493178,22844.7360045078,23206.6328125,28111.0
2022-12-22,23206.6328125,23432.818317495126,22889.973105506822,23206.6328125,21581.0
2022-12-23,23161.39607843137,23432.81868872549,22754.262162990195,23070.921875,34926.0
2022-12-26,23161.396484375,23387.581996917725,22935.210971832275,23161.396484375,20317.0
2022-12-27,23161.39619047619,23794.715617559523,22980.447782738094,23749.478515625,14685.0
2022-12-28,23935.384053048205,24586.0546875,23935.384053048205,24586.0546875,22554.0
2022-12-29,24214.24473618016,24586.056555545692,24167.768258759468,24539.580078125,17326.0
2023-01-02,24632.53025650289,24632.53025650289,23842.430229407513,24121.2890625,16627.0
2023-01-03,23888.907850796568,24260.719646139703,23238.237208946077,23703.001953125,46732.0
2023-01-04,23238.23669201521,24586.054420152093,23191.760218631178,24446.625,27004.0
2023-01-05,24632.531441482843,24725.484390318627,23563.572529871322,23703.001953125,33676.0
2023-01-06,23610.0476446329,25329.677099064826,23610.0476446329,25004.341796875,49711.0
2023-01-09,25004.34392361111,25376.15572916667,24864.914496527777,25097.296875,12817.0
2023-01-10,25004.343546987006,26398.637796818995,25004.343546987006,25933.873046875,35181.0
2023-01-11,26212.731896841397,26212.731896841397,25469.108296931005,25933.873046875,40223.0
2023-01-12,25933.873046875,25933.873046875,25283.202396953406,25933.873046875,19663.0
2023-01-13,25515.584249745247,25655.013671875,25050.81950931273,25655.013671875,23158.0
2023-01-16,25701.490410332204,25887.396308417792,25190.249190596845,25794.443359375,12573.0
2023-01-17,25933.87269432536,25933.87269432536,25329.67852761169,25747.966796875,15852.0
2023-01-18,25747.967577431173,26212.73233514654,25097.296916629664,26166.255859375,23702.0
2023-01-19,26166.255479507316,27095.78498144363,25794.443678732787,27002.83203125,23112.0
2023-01-20,26956.35529303633,27002.831767679498,26491.59054660467,26863.40234375,13988.0
2023-01-25,27049.30859375,27188.73801949098,26677.496791774054,27049.30859375,44898.0
2023-01-26,27002.831064230457,28629.50763436482,26909.878117365635,28536.5546875,31230.0
2023-01-27,28490.07908904247,29187.2262119391,27932.36139072516,29001.3203125,36994.0
2023-01-30,29047.79644714151,29094.272921456937,27792.931640625,27792.931640625,22051.0
2023-01-31,27514.074304384485,28164.744980501684,27235.2154431914,27560.55078125,7655.0
2023-02-01,27514.073078583766,27792.931927353195,26909.87890625,26909.87890625,11850.0
2023-02-02,27328.167882240206,27607.02673818143,27002.832550308773,27281.69140625,11061.0
2023-02-03,27281.690074573864,27560.54891690341,26538.06649502841,26584.54296875,23694.0
2023-02-06,26584.543145688152,27049.307885997387,26491.590197626305,26677.49609375,5231.0
2023-02-07,26770.44850352113,27049.307342099473,26305.68377255722,26398.63671875,12707.0
2023-02-08,26398.63698201275,26445.11345557263,25329.678090135472,25515.583984375,44137.0
2023-02-09,25562.060368670165,25701.489788862913,25097.295634694343,25469.107421875,30075.0
2023-02-10,25515.583984375,25747.966352174408,24957.86630165642,25515.583984375,23865.0
2023-02-13,25515.584890013968,25655.01431564246,24539.578910614528,24957.8671875,28480.0
2023-02-14,24679.00824976679,25376.155375466416,24679.00824976679,24911.390625,18429.0
2023-02-15,25190.249386682244,25190.249386682244,24632.531688084113,24864.9140625,15833.0
2023-02-16,25236.724609375,25283.201081952117,24864.912828758057,25236.724609375,19511.0
2023-02-17,25050.819873595505,25376.155196629214,24725.4845505618,24818.4375,17513.0
2023-02-20,24818.437587616823,25050.81996203271,24260.719889018692,24864.9140625,13829.0
2023-02-21,24864.914896880986,24864.914896880986,24214.244226682233,24260.720703125,26892.0
2023-02-22,24214.24361726335,24307.196567809468,23842.431815078886,23935.384765625,16482.0
2023-02-23,23981.859735576923,24260.71856971154,23703.00090144231,24167.765625,12623.0
2023-02-24,23935.384590490983,24214.243440088936,23610.04926596004,23842.431640625,20363.0
2023-02-27,23563.57396298363,23610.050440228173,23005.85623604911,23424.14453125,29600.0
2023-02-28,23424.14379222973,24260.720356237933,23238.237889116794,24074.814453125,25539.0
2023-03-02,24121.29040145874,24400.149250030518,23563.572704315186,23795.955078125,29965.0
2023-03-03,24121.291359195748,24539.57964866157,23795.956022944552,24307.197265625,33021.0
2023-03-06,24167.76783580306,24446.626695446943,23842.432499551865,24307.197265625,23733.0
2023-03-07,24074.815646488212,24260.721558816305,23610.050865667978,23656.52734375,31070.0
2023-03-08,23703.003394717263,23888.909303695436,23284.71509951637,23424.14453125,25976.0
2023-03-09,23238.23650709661,23656.524764224352,23005.854142025648,23331.189453125,25812.0
2023-03-10,23377.66664798924,23377.66664798924,22541.09010790215,22680.51953125,28541.0
2023-03-13,22680.520450367647,22680.520450367647,21750.990923713238,22122.802734375,33772.0
2023-03-14,22215.754254415762,22215.754254415762,21239.748314368208,21379.177734375,36814.0
2023-03-15,21843.94300730955,22076.325379727736,21379.178262473175,21658.037109375,18901.0
2023-03-16,21797.468072125812,21797.468072125812,21007.36795010846,21425.65625,12232.0
2023-03-17,21518.60811853105,22308.708200636942,21472.131643113058,21890.419921875,9753.0
2023-03-20,22122.80041710805,22215.753360037077,21890.41805978549,21936.89453125,8039.0
2023-03-21,21750.99049562102,22215.755249800954,21704.514020203023,21890.419921875,13059.0
2023-03-22,21890.41939264113,22169.27823840726,21425.654649697582,21611.560546875,12076.0
2023-03-23,22215.75462183459,22215.75462183459,21193.27219154095,21565.083984375,10739.0
2023-03-24,21843.94300730955,21983.37243076046,21239.748839022264,21658.037109375,8988.0
2023-03-27,21936.895687095035,21936.895687095035,21379.17800013499,21518.607421875,12465.0
2023-03-28,21332.701701108872,22029.848815524194,21332.701701108872,21611.560546875,10126.0
2023-03-29,21611.561494715075,22122.802734375,21565.085018382353,22122.802734375,15587.0
2023-03-30,22169.279553222656,22355.185461425783,22029.850122070315,22308.708984375,7126.0
2023-03-31,22262.230912642048,22494.61328125,22169.277965198864,22494.61328125,8788.0
2023-04-03,22541.09010790215,22819.948954597847,22308.707735655735,22680.51953125,6635.0
2023-04-04,22680.52005313765,22959.37890625,22401.661200025304,22959.37890625,7813.0
2023-04-05,23005.85614013672,23005.85614013672,22308.708984375,22308.708984375,20821.0
2023-04-06,22587.56640625,22634.042880336932,22215.754613554527,22587.56640625,9495.0
2023-04-07,22773.47157753661,23005.8539405727,22215.75390625,22215.75390625,12309.0
2023-04-10,22169.279553222656,22773.473754882812,21704.514782714843,22308.708984375,17883.0
2023-04-11,22308.707298136647,22587.566139363353,22169.27787752329,22448.13671875,7686.0
2023-04-12,22634.04252301608,22680.518996369294,22308.70720954357,22401.66015625,11637.0
2023-04-13,22634.042880336932,22634.042880336932,22262.23108764146,22587.56640625,5526.0
2023-04-14,22634.043056800714,22726.996005699282,22355.18421010502,22680.51953125,10692.0
2023-04-17,22773.472302597736,22773.472302597736,22355.184035815328,22587.56640625,5944.0
2023-04-18,22587.56649448152,22634.04296875,22122.801751796716,22634.04296875,15507.0
2023-04-19,22726.99609375,22773.472568379348,22448.13724597393,22726.99609375,9631.0
2023-04-20,22819.94850705228,22819.94850705228,22448.13671875,22448.13671875,8573.0
2023-04-21,22541.08957630965,22726.99546972251,22029.848369424275,22401.66015625,12666.0
2023-04-24,22308.707570043105,22448.136992355874,21518.607510270744,21565.083984375,23096.0
2023-04-25,21658.037034424382,21658.037034424382,20542.601650677203,20589.078125,36061.0
2023-04-26,20589.077858664772,20914.413174715908,20403.171963778408,20449.6484375,16252.0
2023-04-27,20496.1250883767,20542.6015625,20031.360347143665,20542.6015625,21102.0
2023-04-28,20682.03219229715,21239.749914336622,20217.26742393092,21193.2734375,26049.0
2023-05-02,21193.27265100671,21193.27265100671,20496.125524328858,20774.984375,7919.0
2023-05-03,20821.462043378997,20821.462043378997,20217.267832298803,20356.697265625,12159.0
2023-05-04,20170.790495400117,20356.69639858353,19706.02573744159,19891.931640625,27258.0
2023-05-08,19845.453307109557,20263.74155011655,19845.453307109557,19938.40625,25390.0
2023-05-09,20263.742804740406,20728.5075479684,20031.36043312641,20589.078125,12789.0
2023-05-10,20728.507279829548,20728.507279829548,20310.219016335228,20449.6484375,7019.0
2023-05-11,20635.55486266816,20774.98428741592,20449.64896300448,20728.5078125,5223.0
2023-05-12,20774.98547894022,20774.98547894022,20263.74422554348,20310.220703125,5814.0
2023-05-15,20310.21910430839,20589.077947845806,19984.883786848073,20496.125,6797.0
2023-05-16,20170.790757323084,20356.696662920534,19845.455422527553,20031.361328125,10249.0
2023-05-17,19752.50204023621,20217.26679412412,19659.549089458626,19798.978515625,7527.0
2023-05-18,20124.313843346536,20124.313843346536,19520.11966329225,19798.978515625,12457.0
2023-05-19,19706.023982558138,20263.74164244186,19659.54751090116,19984.8828125,10265.0
2023-05-22,19984.884851725637,20217.267233722447,19706.025993329466,20031.361328125,6631.0
2023-05-23,20217.265625,20217.265625,19938.4067887931,20217.265625,6539.0
2023-05-24,20217.267233722447,20217.267233722447,19938.408375326275,20031.361328125,5115.0
2023-05-25,20310.220273618346,20403.17322681568,19938.408460828992,20077.837890625,6949.0
2023-05-26,20263.74371012181,20310.220186521172,19984.884851725637,20031.361328125,3556.0
2023-05-30,19845.455422527553,20124.314280923725,19845.455422527553,20031.361328125,4804.0
2023-05-31,20124.31357583481,20124.31357583481,19427.166454270093,19659.548828125,12765.0
2023-06-01,19659.54696712854,19752.49990787146,19334.211674528302,19706.0234375,10365.0
2023-06-02,19613.071392569123,20263.74200748848,19613.071392569123,20170.7890625,11465.0
2023-06-05,20170.78985609481,20589.078125,19984.883958803613,20589.078125,15312.0
2023-06-07,20635.55397075688,20728.5069165711,20217.26571459289,20263.7421875,8328.0
2023-06-08,20031.3597341954,20310.2185704023,19938.4067887931,20217.265625,3816.0
2023-06-09,20217.266243636877,20635.554510746606,20031.360347143665,20542.6015625,16719.0
2023-06-12,20542.601024942658,20589.07749784977,20170.78924168578,20263.7421875,6762.0
2023-06-13,20263.743883516167,20403.173313907333,19798.97911554561,20124.314453125,10540.0
2023-06-14,20124.31393168179,20124.31393168179,19613.072700161007,19845.455078125,10027.0
2023-06-15,19752.50204023621,19891.93146640258,19613.072614069835,19798.978515625,8967.0
2023-06-16,19798.97816387737,19891.931113003557,19473.64284193572,19613.072265625,8654.0
2023-06-19,19706.02640738499,19706.02640738499,19148.308678874095,19194.78515625,16642.0
2023-06-20,19241.260848545793,19520.119701423268,18488.34194577661,18776.49609375,27829.0
2023-06-21,18776.49583073566,18962.401730049874,18562.704046524315,18637.06640625,10373.0
2023-06-22,18637.066318359375,18730.019267578125,18423.27453515625,18590.58984375,14299.0
2023-06-23,18590.589667085427,18590.589667085427,18237.368463410803,18497.63671875,18746.0
2023-06-26,18497.637639653498,18962.40240446891,17874.852854800843,17939.919921875,31518.0
2023-06-27,17893.442701256794,17977.100355444487,17568.10737941576,17958.509765625,34641.0
2023-06-28,17958.509095982143,18488.340886080994,17930.62321229273,18218.77734375,24767.0
2023-06-29,18125.825653076172,18339.617442830404,17800.490320841473,17846.966796875,34959.0
2023-06-30,18032.871466445333,18153.71029585966,17614.583210780365,18023.576171875,36372.0
2023-07-03,18023.576768092105,19148.30744830827,18023.576768092105,18544.11328125,26238.0
2023-07-05,18181.596555727556,18488.341282894737,17754.012996646026,18014.28125,22354.0
2023-07-06,18023.576563111306,18079.348331743935,17540.221234961857,17819.080078125,33087.0
2023-07-07,17456.56536858762,17819.0819018011,17456.56536858762,17530.927734375,62925.0
2023-07-10,17530.926416529604,17791.194677220396,17437.973466282896,17661.060546875,14015.0
2023-07-12,17605.28962540064,18255.96030849359,17605.28962540064,18125.826171875,22938.0
2023-07-13,18042.166596821906,19659.547837340717,18042.166596821906,19148.306640625,59394.0
2023-07-14,19241.26029575893,19798.97798549107,18637.06613188244,19520.119140625,38782.0
2023-07-17,19241.26163362591,19613.073452633173,18637.067427739104,19194.78515625,73352.0
2023-07-18,19194.784104192644,19194.784104192644,18460.455801901495,18637.06640625,65008.0
2023-07-19,18822.97099345439,18822.97099345439,18469.749809379693,18571.998046875,41197.0
2023-07-20,18479.044928825624,18581.29316535333,18172.3002192425,18283.84375,9652.0
2023-07-21,18163.00735376603,18283.84619491186,18079.34969451122,18125.826171875,8491.0
2023-07-24,17958.509963885997,18246.664109269263,17754.013473614003,17856.26171875,13728.0
2023-07-25,18172.30177323191,18590.590049342107,17503.040531455594,17661.060546875,25392.0
2023-07-26,17967.804832291666,17967.804832291666,17056.865942708333,17428.677734375,48092.0
2023-07-27,16936.02736648479,17837.670974909062,16936.02736648479,17568.107421875,18557.0
2023-07-28,17568.108053768385,18590.590533088234,16824.484432444853,18330.322265625,142182.0
2023-07-31,18581.293483271864,18581.293483271864,17382.20050711275,17642.46875,122938.0
2023-08-01,17661.058777814134,17930.62230652814,17475.152895942407,17754.01171875,35229.0
2023-08-02,18060.757561574137,18060.757561574137,17642.469301012716,17726.126953125,30162.0
2023-08-03,17726.126416730185,19055.353515625,17521.629939977134,19055.353515625,42749.0
2023-08-04,18822.972305564213,19473.642953163966,18525.52286666147,18637.06640625,49557.0
2023-08-07,18637.06688944499,18637.06688944499,17772.604435221354,17846.966796875,46103.0
2023-08-08,17846.96554054054,18014.280842483106,17084.751387246622,17196.294921875,53099.0
2023-08-09,17196.294262513315,17465.857794195956,16926.730730830674,17456.5625,37402.0
2023-08-10,17270.657984044312,17707.536845858136,17214.88621445106,17568.107421875,20720.0
2023-08-11,17698.24013073158,18516.226019126738,17605.287188868497,18042.166015625,30910.0
2023-08-14,18042.16768285343,18218.778288713405,17735.422946359784,18097.939453125,22101.0
2023-08-16,18088.643826239506,18097.939121114247,17568.107313254197,17716.83203125,45311.0
2023-08-17,17661.05980136041,17837.670399374016,17205.590364377957,17679.650390625,25753.0
2023-08-18,17503.039500915307,17986.39481373931,17279.952433458075,17930.623046875,21814.0
2023-08-21,18079.348621059,18079.348621059,17447.268566441,17763.30859375,30763.0
2023-08-22,17661.06037119709,17967.80510395999,16824.48382729828,17568.107421875,36272.0
2023-08-23,17568.107194916123,17568.107194916123,16963.913032128003,17038.275390625,66151.0
2023-08-24,17038.274988755995,17568.106780550374,16833.77850771255,17437.97265625,45734.0
2023-08-25,17382.20178190617,18032.87243684383,17261.362945989174,17707.537109375,51036.0
2023-08-28,17716.830542375654,18042.165835651176,17716.830542375654,17754.01171875,10900.0
2023-08-29,18004.986988949157,18051.4634654307,17698.242244170986,17939.919921875,14428.0
2023-08-30,18070.052428463856,18581.293623713605,18004.98536725025,18516.2265625,21295.0
2023-08-31,18386.09335546875,18822.972216796876,18321.026291015627,18590.58984375,23595.0
2023-09-01,18506.931321108917,19241.259585482403,18386.092492794294,19148.306640625,40392.0
2023-09-04,19055.35405085637,19520.118783804086,18776.495211087742,19334.212890625,46291.0
2023-09-05,19194.783647017048,19752.501331676136,19008.877752130684,19427.166015625,33024.0
2023-09-06,19334.21333135392,19752.501600541866,19241.260382645487,19566.595703125,12543.0
2023-09-07,19380.689541903408,19566.595436789772,18822.97185724432,19427.166015625,28469.0
2023-09-08,19241.26003259892,19427.165926633694,18869.448244529376,19380.689453125,13927.0
2023-09-11,19101.83061207284,19520.118873651078,19055.354138564147,19380.689453125,15424.0
2023-09-12,19334.215095465395,19566.597488439736,19194.785659680787,19473.64453125,22546.0
2023-09-13,19520.11755601415,19845.452848614386,19334.211674528302,19706.0234375,23197.0
2023-09-14,19845.45499101379,19984.884417180165,19566.596138681045,19798.978515625,20538.0
2023-09-15,19984.88493742766,20310.220273618346,19706.02607783565,20077.837890625,20191.0
2023-09-18,20217.265301634932,21332.70062862169,19659.547638141557,21053.841796875,55430.0
2023-09-19,21053.843489583334,21193.27291666667,20542.602256944447,20914.4140625,16168.0
2023-09-20,20960.8896484375,20960.8896484375,20263.742542613636,20449.6484375,14082.0
2023-09-21,20077.835755813954,20449.647529069767,19984.8828125,19984.8828125,6670.0
2023-09-22,19891.930666287015,20589.07776907745,19613.071825170842,20403.171875,26571.0
2023-09-25,20449.64789746544,20728.506732430873,19891.93022753456,20170.7890625,12903.0
2023-09-26,20356.696750217012,20449.64970341435,19706.02607783565,20077.837890625,12399.0
2023-09-27,20077.837011255924,20217.266434945202,19613.072265625,19613.072265625,18640.0
2023-10-04,19984.88342432229,19984.88342432229,18730.018651167167,19287.736328125,32328.0
2023-10-05,19334.211674528302,19752.49990787146,18730.017559699292,19706.0234375,29070.0
2023-10-06,19520.118420054612,20031.359616770325,19055.353695767597,19148.306640625,11041.0
2023-10-10,19148.305910767882,19334.2117933967,18562.702380487117,18581.29296875,19232.0
2023-10-11,18962.401640625,19148.3075390625,18590.58984375,18590.58984375,12987.0
2023-10-12,18962.400696536144,18962.400696536144,18506.931268040913,18516.2265625,5486.0
2023-10-13,18683.542363021366,18683.542363021366,18153.710564667028,18163.005859375,8462.0
2023-10-16,18469.750854058217,18469.750854058217,17846.966099542915,18302.435546875,16906.0
2023-10-17,18358.208237504743,18525.523553087063,18079.349378200874,18376.798828125,18361.0
2023-10-18,18516.227845028483,18516.227845028483,17846.966597617815,17949.21484375,30624.0
2023-10-19,17884.14638369845,18311.72992509665,17846.965206185567,18032.87109375,18498.0
2023-10-20,18311.730882281397,18683.542676845485,17754.013190435264,17912.033203125,12406.0
2023-10-23,17921.328284520165,18302.435369408817,17856.261221246492,18209.482421875,19516.0
2023-10-24,18228.072727814884,18358.206852337786,17856.26094346374,18265.25390625,24919.0
2023-10-25,18302.43646564397,18441.865895295905,18144.416445371775,18376.798828125,5875.0
2023-10-26,18367.502897350994,18367.502897350994,18079.348752706315,18246.6640625,9313.0
2023-10-27,18404.68418961864,18404.68418961864,17986.395912581855,18097.939453125,4822.0
2023-10-30,17846.96633611691,17977.100465651096,17735.42279651618,17809.78515625,10823.0
2023-10-31,17809.784605237284,17949.214025424422,17661.059890371,17726.126953125,6198.0
2023-11-01,17986.396137606072,17986.396137606072,17716.832577921017,17800.490234375,4172.0
2023-11-02,17688.94669243636,17930.624366636748,17688.94669243636,17800.490234375,7636.0
2023-11-03,17977.101444310898,18822.97333233173,17735.423762019233,18125.826171875,60203.0
2023-11-06,18172.302649238783,18441.86621794872,17995.692035256412,18125.826171875,17314.0
2023-11-07,17986.39481373931,18404.68306522162,17819.079513146386,17930.623046875,15131.0
2023-11-08,17930.624453735352,18172.3021291097,17744.71854960124,17846.966796875,27206.0
2023-11-09,18051.46255671357,18051.46255671357,17558.811930809443,17670.35546875,18288.0
2023-11-10,17781.89837260517,17781.89837260517,17066.160696342446,17345.01953125,25666.0
2023-11-13,17456.56298615829,17521.630047342052,17075.45591351053,17103.341796875,16579.0
2023-11-14,17326.431115301722,17326.431115301722,16164.519157462284,16173.814453125,89311.0
2023-11-15,16331.834479391164,16359.72036637931,15987.908539870688,16173.814453125,77580.0
2023-11-16,16210.994051897642,16303.946999442927,16062.269335825187,16164.517578125,34469.0
2023-11-17,16341.12907858456,16378.310259650736,16006.49844898897,16118.0419921875,56012.0
2023-11-20,16127.336153588063,16461.96675965675,16006.497323618814,16341.1279296875,105569.0
2023-11-21,16434.081052977235,16499.14811596979,15922.83984375,15922.83984375,193780.0
2023-11-22,15978.61311210869,15978.61311210869,15755.526018047834,15885.66015625,57134.0
2023-11-23,15932.135478360433,15950.72606818349,15736.934285218327,15792.7060546875,51966.0
2023-11-24,15913.543854349737,16034.38268034655,15783.409734045475,15867.0673828125,35531.0
2023-11-27,15894.954120642762,15941.43059467973,15699.7529296875,15699.7529296875,53746.0
2023-11-28,15783.41124660932,15820.592427402275,15560.324161851591,15634.6865234375,35531.0
2023-11-29,15709.048741190652,15802.00169232196,14872.472181008903,15662.572265625,68838.0
2023-11-30,15746.230035762434,15746.230035762434,15513.84765625,15513.84765625,21548.0
2023-12-01,15551.027806117694,15876.363115869111,15485.960744167412,15588.208984375,46478.0
2023-12-04,15588.209445642475,15718.343573393813,15569.618855963712,15625.390625,21146.0
2023-12-05,15709.048099940155,15709.048099940155,15532.4375,15532.4375,22506.0
2023-12-06,15448.780447489908,15681.16282485889,15448.780447489908,15541.7333984375,15109.0
2023-12-07,15643.980963858283,15643.980963858283,15281.46447093465,15290.759765625,48113.0
2023-12-08,15393.009076704546,15393.009076704546,15169.921988636364,15337.2373046875,25377.0
2023-12-11,15346.531711433157,15448.779954210724,15309.350532241313,15383.712890625,11062.0
2023-12-12,15430.18996971241,15430.18996971241,15365.122903575068,15393.0087890625,13954.0
2023-12-13,15393.00846878596,16192.403836126294,15374.417878847813,16155.22265625,142174.0
2023-12-14,16201.700340113146,16564.21687095905,15904.25087890625,16173.814453125,109134.0
2023-12-15,16173.813265676908,16889.550979158015,16099.450905834718,16787.302734375,186374.0
2023-12-18,16787.302125,16796.597419642858,16136.6315,16266.765625,121787.0
2023-12-19,16266.766745223957,16443.377355600674,16183.10908767709,16238.880859375,53380.0
2023-12-20,16229.585506810898,16424.786707064635,16136.632554309117,16313.2431640625,168601.0
2023-12-21,16266.767060335305,16415.491787744086,16118.042332926525,16303.9482421875,112691.0
2023-12-22,16313.24353765055,16517.740037837622,16210.995287557012,16303.9482421875,49326.0
2023-12-26,16359.718926553673,16508.443644067796,16266.765978107345,16452.671875,45532.0
2023-12-27,16936.575250504615,17033.3556805075,16694.624175497407,16781.7265625,74465.0
2023-12-28,16936.574526961835,17013.99886765652,16713.979547464623,16926.896484375,22359.0
2024-01-02,16926.896490932777,17314.01819455617,16917.218448342195,17294.662109375,42923.0
2024-01-03,17294.661419412365,17817.275698454483,17168.846870754074,17807.59765625,103317.0
2024-01-04,17739.851360818615,17826.953740658966,17526.934432319973,17807.59765625,44883.0
2024-01-05,17797.920955818667,17894.701385159715,17420.47728138858,17459.189453125,32078.0
2024-01-08,17372.08655404699,17662.427833501813,17236.59395696807,17352.73046875,28556.0
2024-01-09,17565.646377487563,17565.646377487563,17246.27098880597,17507.578125,27924.0
2024-01-10,17575.32575990437,17807.598787568306,17343.052732240438,17710.818359375,45979.0
2024-01-11,17720.496710975942,17778.56496890377,17536.61389420448,17701.140625,17660.0
2024-01-12,17797.919807745315,17797.919807745315,17430.154199972436,17555.96875,16175.0
2024-01-15,17710.8185727416,17710.8185727416,17246.272511817227,17275.306640625,12868.0
2024-01-16,17033.354456824512,17401.12006441504,17023.676414519497,17372.0859375,23112.0
2024-01-17,17207.560343378398,17372.087073320712,16946.253184058252,17091.423828125,14329.0
2024-01-18,17091.423218178985,17565.647305206603,16965.608664477782,17478.544921875,34495.0
2024-01-19,17372.087066718057,17691.462483543513,17372.087066718057,17459.189453125,30689.0
2024-01-22,17439.831924676364,17517.25626174485,16975.285902265452,17381.763671875,10142.0
2024-01-23,17372.087176389672,17410.799348370485,17130.136101509594,17149.4921875,9771.0
2024-01-24,17130.135487834636,17391.442639343975,17062.389189295176,17352.73046875,24706.0
2024-01-25,17352.730777195524,17430.155119759696,17130.135792323523,17343.052734375,25114.0
2024-01-26,17420.47614902507,17420.47614902507,17236.593345229805,17372.0859375,9129.0
2024-01-29,17420.476352768455,17420.476352768455,17197.881377149748,17304.33984375,8753.0
2024-01-30,17139.8135283082,17420.476765078918,17139.8135283082,17168.84765625,6622.0
2024-01-31,17255.950142630252,17255.950142630252,16936.574733372374,17043.033203125,16426.0
2024-02-01,16936.573481380285,17043.031943263246,16481.705507880357,16713.978515625,42823.0
2024-02-02,16684.944590297964,16772.046969249637,16539.773958711845,16646.232421875,40474.0
2024-02-05,16665.58912298094,16665.58912298094,16472.028273701253,16626.876953125,11374.0
2024-02-06,16704.30160701567,17130.13548344017,16539.774882033475,16984.96484375,20316.0
2024-02-07,17033.354439385315,17130.13486233637,16888.18380495874,17004.3203125,7403.0
2024-02-08,17004.321031187214,17004.321031187214,16743.01387817523,16859.150390625,6997.0
2024-02-13,16926.896176339287,17033.354642857143,16791.403582589286,16936.57421875,15813.0
2024-02-14,16936.574630519943,16994.64288639601,16597.843137909542,16984.96484375,6248.0
2024-02-15,16994.641962635098,17013.998046875,16597.84223571708,17013.998046875,5880.0
2024-02-16,16936.573616600792,17197.880752399775,16897.861448334275,17139.8125,44850.0
2024-02-19,17120.45805851439,17197.882402476014,16888.185026629515,17149.4921875,6191.0
2024-02-20,17197.881475572183,17197.881475572183,16984.964541153167,17178.525390625,10333.0
2024-02-21,17178.524986680757,17352.729747109068,17052.710437482532,17314.017578125,16104.0
2024-02-22,17226.916324128724,17343.05283867341,17072.06763806914,17217.23828125,10641.0
2024-02-23,17217.238595482162,17217.238595482162,16907.541217710703,17023.677734375,10173.0
2024-02-26,17023.67588858888,17081.744140625,16859.149174486545,17081.744140625,10329.0
2024-02-27,17081.745270210115,17130.13548344017,16917.21854522792,16984.96484375,15660.0
2024-02-28,16984.965562153568,17139.814251039297,16839.794916323193,17023.677734375,14276.0
2024-02-29,17023.67639709021,17081.744650860845,16917.217931844054,17004.3203125,7844.0
2024-03-04,16936.573920815677,17294.661483712924,16849.471540651484,17130.134765625,30187.0
2024-03-05,17081.745882188723,17468.867601898382,16975.287409268567,17333.375,27963.0
2024-03-06,17284.983556754876,17420.47614902507,17149.49096448468,17372.0859375,9541.0
2024-03-07,17372.08696511749,17836.633023237624,17323.696750729978,17401.12109375,35425.0
2024-03-08,17643.070606064546,17652.748648086523,17236.5928411415,17449.509765625,13074.0
2024-03-11,17449.509978693182,17604.358652935607,17275.305220170452,17565.646484375,12800.0
2024-03-12,17401.120477430555,17565.647200520834,17401.120477430555,17420.4765625,17027.0
2024-03-13,17420.476870831015,17526.935340597207,17314.018401064826,17410.798828125,11965.0
2024-03-14,17391.442434895835,17488.222860243055,17304.340052083335,17420.4765625,9429.0
2024-03-15,17439.832647569445,17614.037413194445,17236.593754340276,17420.4765625,37299.0
2024-03-18,17246.272099925467,17372.086655087664,16849.472349029315,17043.033203125,33706.0
2024-03-19,17033.354226361032,17033.354226361032,16849.471425053725,16888.18359375,12794.0
2024-03-20,16888.184520935745,17226.916015625,16859.150392819523,17226.916015625,20608.0
2024-03-21,17226.91601671067,17420.476870831015,17188.203845886605,17410.798828125,33222.0
2024-03-22,17468.867496059105,17517.257710729627,17265.628594442904,17459.189453125,21456.0
2024-03-25,17226.91632195495,17410.799136627502,17120.45785030242,17401.12109375,14787.0
2024-03-26,17275.305313974055,17565.646579755132,17226.915103010546,17439.83203125,24356.0
2024-03-27,17236.594565780386,17565.648027451658,17236.594565780386,17517.2578125,13942.0
2024-03-28,17507.579870551694,17585.004214921188,17333.375095720334,17575.326171875,8006.0
2024-03-29,17575.32586337369,17633.394120631536,17391.443048723857,17585.00390625,10596.0
2024-04-01,17585.003494498484,17614.037622447573,17333.374385606374,17536.61328125,9275.0
2024-04-02,17536.613072916665,17585.00328559028,17275.305924479166,17420.4765625,14883.0
2024-04-03,17401.119555515113,17478.543891690933,17275.30500922941,17449.509765625,11186.0
2024-04-04,17420.47697368421,17478.545230263157,17275.306332236843,17468.8671875,11053.0
2024-04-05,17255.95065176105,17565.648027451658,17255.95065176105,17517.2578125,7002.0
2024-04-08,17517.2578125,17585.00411343232,17381.76521063536,17517.2578125,9256.0
2024-04-09,17517.25698784722,17614.037413194445,17401.120477430555,17420.4765625,6297.0
2024-04-11,17565.646377487563,17565.646377487563,17043.032105099504,17507.578125,29872.0
2024-04-12,17507.57956540253,17555.969779790044,17275.306536342465,17401.12109375,12482.0
2024-04-15,17081.74455442267,17517.256455243645,17052.71042770127,17130.134765625,10297.0
2024-04-16,17130.13548344017,17217.237867254273,16868.828331997862,16984.96484375,16661.0
2024-04-17,17110.77826664306,17110.77826664306,16878.505258498582,17081.744140625,3945.0
2024-04-18,16878.50657894737,17246.27220394737,16878.50657894737,17101.1015625,7238.0
2024-04-19,17284.984271857444,17284.984271857444,16975.28690528441,17226.916015625,8555.0
2024-04-22,17226.915197910843,17314.017578125,17139.812817696686,17314.017578125,7370.0
2024-04-23,17323.69654605263,17565.64761513158,17275.306332236843,17468.8671875,6747.0
2024-04-24,17294.662823722374,17546.291941470994,17294.662823722374,17517.2578125,8820.0
2024-04-25,17517.25616708126,17739.851134950248,17381.763577943617,17507.578125,15724.0
2024-04-26,17604.35937065972,17652.749583333334,17323.696137152776,17420.4765625,6981.0
2024-04-29,17420.477488522538,17517.25791901433,17323.697058030746,17391.443359375,19862.0
2024-04-30,17585.00328559028,17585.00328559028,16955.93052083333,17420.4765625,12956.0
2024-05-02,17420.4766663206,17526.935134837,17381.764495950996,17478.544921875,3529.0
2024-05-03,17478.545230263157,17488.223273026317,17410.798930921053,17468.8671875,6652.0
2024-05-07,17430.153681581047,17546.290185844773,17323.695219339297,17449.509765625,21754.0
2024-05-08,17449.511308137513,17449.511308137513,17304.34066497497,17401.12109375,8332.0
2024-05-09,17401.120477430555,17449.510690104165,17333.3741796875,17420.4765625,6088.0
2024-05-10,17410.798519965276,17468.86677517361,17323.696137152776,17420.4765625,7184.0
2024-05-13,17420.476359297176,17546.29091078099,17323.69593507886,17488.22265625,7422.0
2024-05-14,17488.223169773137,17672.105981187466,17362.40861459491,17410.798828125,7011.0
2024-05-16,17410.798415508292,17517.25688275153,17323.696033218366,17362.408203125,10433.0
2024-05-17,17517.25688275153,17517.25688275153,17333.374075695025,17362.408203125,9305.0
2024-05-20,17362.409230227462,17420.477488522538,17236.594670588132,17391.443359375,3852.0
2024-05-21,17401.120577871432,17401.120577871432,17072.06712979155,17294.662109375,10933.0
2024-05-22,17294.661493632964,17333.373662617032,17149.490859942704,17314.017578125,5162.0
2024-05-23,17314.018605913436,17372.086862836568,17149.491877964567,17343.052734375,8333.0
2024-05-24,17323.695620371018,17420.47604283119,17149.490859942704,17314.017578125,9655.0
2024-05-27,17362.407789355086,17362.407789355086,17139.812817696686,17314.017578125,10300.0
2024-05-28,17362.40768280286,17362.40768280286,17168.846839070386,17255.94921875,9080.0
2024-05-29,17255.949421100788,17323.695717201575,17168.847040399774,17188.203125,6105.0
2024-05-30,17314.018399973666,17314.018399973666,17130.135588570927,17226.916015625,4444.0
2024-05-31,17130.136101509594,17226.916531461626,17033.35567155756,17149.4921875,11866.0
2024-06-03,17052.7107343485,17178.525285736996,17043.032691934,17120.45703125,4532.0
2024-06-04,17314.01787953999,17314.01787953999,17072.0668191775,17120.45703125,6441.0
2024-06-05,17284.983441472457,17284.983441472457,16994.642174258475,17130.134765625,5905.0
2024-06-07,17139.8125,17217.236836533033,16936.573616600792,17139.8125,4821.0
2024-06-10,17226.915807939764,17226.915807939764,17033.35495616516,17110.779296875,4801.0
2024-06-11,17217.237972919593,17226.916015625,17043.03320422226,17226.916015625,3250.0
2024-06-12,17226.916324128724,17275.306538522345,17091.42372382659,17217.23828125,8223.0
2024-06-13,17217.23828125,17275.306538522345,17130.135895341486,17217.23828125,4743.0
2024-06-14,17217.237972919593,17275.306229152036,17091.423417749298,17226.916015625,12678.0
2024-06-17,17284.984271857444,17284.984271857444,17139.813631276334,17226.916015625,3698.0
2024-06-18,17284.983962661427,17284.983962661427,17178.525494806287,17236.59375,5002.0
2024-06-19,17033.354343220337,17275.30539923199,17033.354343220337,17130.134765625,8425.0
2024-06-20,17130.134871199323,17207.559209600226,17062.388575098536,17188.203125,4532.0
2024-06-21,17178.52508269989,17226.91529420045,17062.388575098536,17188.203125,5411.0
2024-06-24,17188.203328151496,17304.339837125495,17052.7107343485,17120.45703125,17365.0
2024-06-25,17120.45815940488,17207.560546875,17043.033814986993,17207.560546875,6223.0
2024-06-26,17217.23766493543,17246.271792532283,17149.491367209434,17236.59375,3858.0
2024-06-27,17236.59436700745,17265.62849564362,17101.101766705313,17217.23828125,4544.0
2024-06-28,17284.98336679709,17633.392885948655,17110.778607221306,17623.71484375,27123.0
2024-07-01,17623.71566509727,17894.70085928877,17410.798726803947,17536.61328125,16094.0
2024-07-02,17536.613486842107,17585.003700657893,17401.120888157893,17468.8671875,5666.0
2024-07-03,17468.867593288684,17701.140625,17275.30673352925,17701.140625,8640.0
2024-07-04,17701.140625,17710.818667987973,17536.61389420448,17701.140625,5339.0
2024-07-05,17517.25760611585,17662.428249260454,17449.5113059817,17585.00390625,8618.0
2024-07-08,17585.002780557268,17701.139287638547,17497.900400246304,17681.783203125,4721.0
2024-07-09,17768.885794759382,17797.919921875,17565.64690495004,17797.919921875,7990.0
2024-07-10,17788.241774072558,17885.022197217673,17710.817435556462,17739.8515625,9239.0
2024-07-11,17846.31002795963,17846.31002795963,17594.680927782323,17739.8515625,4418.0
2024-07-12,17904.37869797334,17904.37869797334,17585.003294171653,17788.2421875,3718.0
2024-07-15,17885.022310616252,17991.480776750876,17672.105378347012,17981.802734375,8089.0
2024-07-16,18030.192946254374,18030.192946254374,17875.34426824038,17981.802734375,5866.0
2024-07-17,18030.192626953125,18030.192626953125,17710.817234205162,17807.59765625,11169.0
2024-07-18,17807.597455332972,18030.192423524633,17720.495076475363,17875.34375,4229.0
2024-07-19,17855.987973363015,17894.700142410955,17691.461254909264,17865.666015625,2912.0
2024-07-22,17865.66673133968,17865.66673133968,17449.51089740273,17536.61328125,14506.0
2024-07-23,17536.61223812849,17565.64636435056,17323.6953125,17323.6953125,7008.0
2024-07-24,17372.087167645026,17517.2578125,17372.087167645026,17517.2578125,6238.0
2024-07-25,17517.25616708126,17585.002461650085,17372.085535862356,17507.578125,7818.0
2024-07-26,17652.749583333334,17652.749583333334,17294.66200954861,17420.4765625,1655.0
2024-07-29,17410.798010361934,17555.96864413371,17372.085841356125,17497.900390625,2709.0
2024-07-30,17710.81763195213,17710.81763195213,17323.69593507886,17488.22265625,7175.0
2024-07-31,17681.7837109375,17681.7837109375,17314.018094618055,17420.4765625,5736.0
2024-08-01,17662.427835696053,17749.53021954332,17381.764598854857,17536.61328125,2399.0
2024-08-02,17555.968526535333,17555.968526535333,17178.52488125701,17255.94921875,10519.0
2024-08-05,17130.13440265487,17149.490486725663,15988.125442477876,16404.28125,25781.0
2024-08-06,16007.482536502848,17072.0672275641,16007.482536502848,16984.96484375,11715.0
2024-08-07,16984.96414176041,17420.47604283119,16984.96414176041,17314.017578125,5862.0
2024-08-08,17314.01809888675,17614.037417537107,17139.8133332188,17604.359375,11959.0
2024-08-09,17614.037207733814,17759.20784406129,17488.22265625,17488.22265625,5907.0
2024-08-12,17710.817737779234,17710.817737779234,17410.79842090975,17546.291015625,1366.0
2024-08-13,17652.749583333334,17652.749583333334,17217.237669270835,17420.4765625,8592.0
2024-08-14,17643.07154079861,17643.07154079861,17226.915711805555,17420.4765625,6020.0
2024-08-16,17420.475625350336,17536.612129519337,17178.52457499825,17265.626953125,11818.0
2024-08-19,17159.169200907996,17265.627667467495,17101.100946421,17120.45703125,3286.0
2024-08-20,17226.916015625,17314.018399973666,17101.101460454705,17226.916015625,3217.0
2024-08-21,17226.916324128724,17323.696752915963,17033.355466554243,17217.23828125,3550.0
2024-08-22,17226.916221622956,17226.916221622956,16926.896894167723,17159.169921875,5420.0
2024-08-23,16994.641962635098,17062.38825747476,16743.012867516354,17013.998046875,6266.0
2024-08-26,16849.471935494028,17033.354742371906,16723.65738341969,16810.759765625,9566.0
2024-08-27,16694.62252497812,16810.75902949971,16472.027557978414,16588.1640625,8689.0
2024-08-28,16472.028576818317,16713.97964287029,16210.721425482185,16433.31640625,11807.0
2024-08-29,16355.891752697173,16452.672177269345,15978.448096865699,16259.111328125,11318.0
2024-08-30,16259.111328125,16268.789370582217,16094.584606352306,16259.111328125,11557.0
2024-09-02,16297.823804593374,16297.823804593374,15968.770354856928,16065.55078125,6273.0
2024-09-03,15968.7705078125,16230.077661576704,15862.312037760417,15968.7705078125,12173.0
2024-09-04,15871.99023557989,15871.99023557989,15581.648950782695,15688.107421875,8520.0
2024-09-05,15842.956056541732,15920.380398907238,15291.3076171875,15291.3076171875,12284.0
2024-09-06,15659.072405748506,15659.072405748506,15262.272672351912,15378.4091796875,2628.0
2024-09-09,15097.746198515326,15242.916835039512,15097.746198515326,15155.814453125,5663.0
2024-09-10,15155.814915968473,15330.019685117535,15068.712531393941,15233.2392578125,3930.0
2024-09-11,15029.999639219655,15330.018949468084,15000.96551242142,15010.6435546875,4696.0
2024-09-12,15184.848580429838,15184.848580429838,15010.643816600814,15155.814453125,3095.0
2024-09-13,15242.91688762249,15242.91688762249,15088.068208129183,15184.8486328125,1544.0
2024-09-19,15088.068719095332,15175.17110426009,15039.67850511491,15107.4248046875,1419.0
2024-09-20,15242.916515261628,15242.916515261628,14981.609375,14981.609375,5087.0
2024-09-23,15000.965979978611,15271.951171875,14981.609894843155,15271.951171875,5981.0
2024-09-24,15291.307616576767,15475.1904296875,15291.307616576767,15475.1904296875,4663.0
2024-09-25,15475.190327305947,15726.819438319053,15475.190327305947,15601.0048828125,4949.0
2024-09-26,15591.326103323914,16288.145147047888,15591.326103323914,16268.7890625,9266.0
2024-09-27,16220.399465827873,16423.638361282756,15968.770357169446,16249.43359375,7538.0
2024-09-30,16249.433747040719,16452.67264441288,15630.039012192236,15968.7705078125,17490.0
2024-10-02,15920.379627567843,16133.2965587572,15804.243119646377,15959.091796875,9754.0
2024-10-04,15842.95540014561,16210.721011144715,15784.887145777331,16201.04296875,4201.0
2024-10-07,16220.399164030312,16462.350225546277,16142.974824345203,16442.994140625,2781.0
2024-10-08,16442.994344941268,16549.452813331118,16259.111535904254,16375.248046875,2529.0
2024-10-10,16384.926193039606,16665.589429659896,16210.721425482185,16433.31640625,3161.0
2024-10-11,16626.876834117385,16626.876834117385,16201.04296875,16201.04296875,3550.0
2024-10-14,16201.04296875,16462.350113407258,16201.04296875,16201.04296875,3125.0
2024-10-15,16462.350422980275,16462.350422980275,15968.770251568167,16007.482421875,4953.0
2024-10-16,16007.482016730366,16297.823286683153,15717.140746777577,16142.974609375,4805.0
2024-10-17,16142.975276988636,16142.975276988636,15891.34616595644,15968.7705078125,1853.0
2024-10-18,16152.652789231288,16152.652789231288,15678.4287109375,15678.4287109375,2058.0
2024-10-21,15930.058231971154,15930.058231971154,15678.429122596155,15726.8193359375,10409.0
2024-10-22,15959.09200027596,16762.36952363733,15813.921363523903,15891.345703125,3924.0
2024-10-23,16201.043482236646,16297.823909251201,16017.160670908988,16123.619140625,2021.0
2024-10-24,16297.823392697133,16297.823392697133,15891.345612119176,16201.04296875,12286.0
2024-10-25,15968.769983362268,16317.17951027199,15610.682414038387,15678.4287109375,9608.0
2024-10-28,15678.428967164295,15842.955690893796,15581.648541441058,15639.716796875,3040.0
2024-10-29,15533.257970419958,15755.852944450897,15484.867758674101,15620.3603515625,7344.0
2024-10-30,15620.361071617026,15726.819542365345,15397.766087325086,15475.1904296875,11849.0
2024-10-31,15484.8681640625,15591.326632690429,15349.375567626952,15484.8681640625,5354.0
2024-11-01,15484.868317610064,15639.717000786164,15359.053762529482,15388.087890625,12403.0
2024-11-04,15388.087535732342,15852.633574546904,15068.712134047331,15552.6142578125,39408.0
2024-11-05,15649.394470635776,15649.394470635776,15194.526480456505,15436.4775390625,18744.0
2024-11-06,15659.072772627278,16113.940770348838,15204.20477490572,15397.765625,24744.0
2024-11-07,15465.512023229563,15610.682661745484,15146.136618494535,15271.951171875,17329.0
2024-11-08,15446.155618990386,15446.155618990386,15049.355881911059,15097.74609375,13916.0
2024-11-11,15088.067892816125,15175.170273210832,14923.541174292794,15010.6435546875,12580.0
2024-11-12,14923.541680764025,15010.644064114787,14700.946701089853,14749.3369140625,11146.0
2024-11-13,14700.946333894712,14739.65850330589,14546.09765625,14546.09765625,9909.0
2024-11-14,14797.726810855536,14797.726810855536,14420.28315773365,14575.1318359375,5055.0
2024-11-15,14420.283089803754,14729.98044475256,14110.585734854949,14178.33203125,21212.0
2024-11-18,14226.72265625,14352.537210352892,14120.264187393708,14226.72265625,10296.0
2024-11-19,14517.063937625924,14575.132193376427,14275.112871998825,14410.60546875,18669.0
2024-11-20,14410.605265081884,14691.268497242647,14110.585947944519,14478.3515625,7528.0
2024-11-21,14478.35197368421,14739.659128289473,14333.181332236842,14710.625,7030.0
2024-11-22,14710.624269372078,14807.404692196895,14488.029296875,14488.029296875,21643.0
2024-11-25,14488.029552625796,14807.404953585483,14410.605212999206,14449.3173828125,14837.0
2024-11-26,14449.317330379614,14633.200136325502,14381.571033452181,14420.283203125,28427.0
2024-11-27,14352.536853905725,14691.268337308758,14284.790557225118,14391.2490234375,15213.0
2024-11-28,14391.24969154276,14565.454462523101,14371.893605878277,14400.927734375,17571.0
2024-11-29,14275.112817266318,14507.38583937777,14149.298263622615,14197.6884765625,10761.0
2024-12-02,14381.570857967343,14381.570857967343,13965.4150390625,13965.4150390625,18487.0
2024-12-03,14168.654450008598,14265.434876579695,13897.669255609526,14071.8740234375,18501.0
2024-12-04,14071.87412710235,14313.8251953125,13936.381528904665,14313.8251953125,11482.0
2024-12-05,14149.298312586146,14236.400696179358,13878.313119185044,14042.83984375,22942.0
2024-12-06,14158.976309487509,14381.5712890625,13955.73741509295,14381.5712890625,4787.0
2024-12-09,14517.063721707818,14759.014783736282,13878.312917952675,14110.5859375,17973.0
2024-12-10,14110.585574127908,15136.458050710595,14110.585574127908,14981.609375,15954.0
2024-12-11,14981.609585336539,18097.939227764426,14875.151119290866,17614.037109375,536231.0
2024-12-12,17614.03699512535,17643.07112204039,17033.354456824512,17372.0859375,110247.0
2024-12-13,17178.526406981346,18088.262453322895,17159.170320888974,17575.326171875,156995.0
2024-12-16,17981.802415930706,17981.802415930706,17226.91512398098,17807.59765625,56776.0
2024-12-17,17807.597623387548,17807.597623387548,17033.354248457654,17255.94921875,41603.0
2024-12-18,17081.744154857413,17410.79758333625,16733.334642350404,17265.626953125,23003.0
2024-12-19,17149.490448955996,17323.6952052095,16946.251566660245,17265.626953125,20072.0
2024-12-20,17246.271568999135,17352.730035474437,16733.33532143631,16752.69140625,23904.0
2024-12-23,16501.062508964427,17091.423103126792,16210.721233146873,16868.828125,30035.0
2024-12-24,16897.862969369336,17323.696858631796,16752.69232530259,17091.423828125,17307.0
2024-12-26,16936.573496116125,17226.914756049544,16665.588320178267,16897.861328125,21348.0
2024-12-27,16897.861435145547,17033.354023972603,16384.925206014555,16955.9296875,20544.0
2024-12-30,16752.69069815829,17081.744126082835,16210.720346282575,16897.861328125,23031.0
2025-01-02,16897.86256574876,17701.14011039776,16713.97975432309,17594.681640625,23868.0
2025-01-03,17526.935756959036,17623.716186318277,16849.47275144433,17275.306640625,37379.0
2025-01-06,17120.456522360368,17294.66128064329,16859.149384935987,17197.880859375,10741.0
2025-01-07,17197.88199013158,17197.88199013158,16965.60896381579,17101.1015625,5860.0
2025-01-08,17110.779707769318,17217.23817880182,16907.540808525453,17159.169921875,12679.0
2025-01-09,17226.915602992958,17226.915602992958,16907.540201364438,17178.525390625,10066.0
2025-01-10,17323.696752915963,17381.76501018831,16955.931123524453,17217.23828125,23893.0
2025-01-13,17139.81373355263,17217.238075657893,16752.692023026317,17101.1015625,19200.0
2025-01-14,17101.101257563303,17343.052322327923,16936.574533523362,17294.662109375,18408.0
2025-01-15,17343.05170486305,17410.79800058517,17023.67631074448,17314.017578125,31088.0
2025-01-16,17139.81289556962,17178.525064729572,16772.047288550057,16820.4375,26078.0
2025-01-17,16743.014491289512,17565.648151266163,16404.2829842403,16839.794921875,58384.0
2025-01-20,16965.608651327675,16994.64277908237,16684.94541636561,16743.013671875,21169.0
2025-01-21,16936.573804620344,17052.710310709168,16588.16428635387,16888.18359375,31768.0
2025-01-22,16820.4375892988,16820.4375892988,16326.857429888994,16510.740234375,29373.0
2025-01-23,16510.74033933265,16607.520763361565,16268.789279260367,16568.80859375,18756.0
2025-01-24,16549.45343017578,16752.69233194987,16413.960828993055,16723.658203125,16333.0
2025-01-31,16723.657285714286,16965.608345982142,16520.418395089288,16936.57421875,13585.0
2025-02-03,16936.57441814095,16936.57441814095,16491.38446200696,16684.9453125,11617.0
2025-02-04,16684.94613702624,16820.438739067056,16559.131577988337,16597.84375,17806.0
2025-02-05,16694.622632403705,16820.437179778342,16549.452000817586,16646.232421875,11138.0
2025-02-06,16694.622632403705,17004.319979787426,16597.842211346295,16646.232421875,19325.0
2025-02-07,16684.944870637784,16684.944870637784,16046.194080926594,16084.90625,39658.0
2025-02-10,16113.940534882742,16230.077043242258,15842.955348710539,16172.0087890625,16138.0
2025-02-11,16201.043224878369,16201.043224878369,15871.98977825599,16162.3310546875,22990.0
2025-02-12,16046.194487636529,16210.721210368629,15930.057977472694,15949.4140625,16523.0
2025-02-13,15959.091864483175,16501.062237079328,15881.667525540866,16355.8916015625,21869.0
2025-02-14,16317.179996974031,16597.843235356147,16220.399569945715,16491.384765625,12225.0
2025-02-17,16491.385172526043,16762.370374891492,16491.385172526043,16723.658203125,12612.0
2025-02-18,16781.726567055393,16926.897212099124,16549.453534985423,16597.84375,13118.0
2025-02-19,16636.555006718037,17004.32062059546,16626.876964247578,16994.642578125,17384.0
2025-02-20,16994.643495254048,17681.784547738695,16839.794807370185,17333.375,49223.0
2025-02-21,17304.340052083335,17517.25698784722,17013.998776041666,17420.4765625,19087.0
2025-02-24,17410.79832326465,17701.13959602615,17130.135092928533,17672.10546875,26270.0
2025-02-25,17614.037109375,17797.91991436298,17352.729965444712,17614.037109375,15327.0
2025-02-26,17614.036790718645,17614.036790718645,17236.593145203246,17439.83203125,16795.0
2025-02-27,17439.8318040655,17439.8318040655,17139.8125,17139.8125,5999.0
2025-02-28,17439.831790453765,17439.831790453765,16762.36884631849,16955.9296875,9186.0
2025-03-04,16955.9296875,17226.91486515411,16452.67150042808,16955.9296875,8458.0
2025-03-05,17004.32144168495,17255.950558067314,16888.184926431553,17091.423828125,5616.0
2025-03-06,17091.42218263102,17226.9147707153,16936.5735105347,17081.744140625,5666.0
2025-03-07,17081.744632598893,17081.744632598893,16568.80839150669,16636.5546875,16622.0
2025-03-10,16510.74095394737,16636.55550986842,15262.2734375,15262.2734375,76338.0
2025-03-11,14981.609427889265,15455.833498927102,14768.692498035542,15010.6435546875,32087.0
2025-03-12,15146.136820685004,15146.136820685004,14749.337070111147,15020.322265625,20967.0
2025-03-13,15078.390313007305,15078.390313007305,14826.761206371753,14904.185546875,7739.0
2025-03-14,14807.404771044075,15165.492337402657,14797.726728710059,15068.7119140625,5513.0
2025-03-17,15068.711826792598,15378.4091796875,14884.829023511249,15378.4091796875,7180.0
2025-03-18,15233.23936041337,15388.088045144383,15233.23936041337,15291.3076171875,12002.0
2025-03-19,15436.477380201766,15620.360182849938,15291.306746532156,15349.375,15076.0
2025-03-20,15484.86831507732,15552.614613955782,15020.322265625,15020.322265625,16536.0
2025-03-21,15271.95158397938,15271.95158397938,14836.439656679588,15136.458984375,10568.0
2025-03-24,15020.322005123617,15194.526770646959,14759.014856838605,14875.1513671875,17735.0
2025-03-25,14904.185080266809,14904.185080266809,14536.419474390095,14826.7607421875,14302.0
2025-03-26,14778.37104501681,14981.609939545528,14594.488235681303,14933.2197265625,10594.0
2025-03-27,15097.746297488731,15242.916934964585,14933.219575016097,15030.0,15056.0
2025-03-28,15310.0,15510.0,15100.0,15190.0,8609.0
2025-03-31,14880.0,15130.0,14790.0,14860.0,11638.0
2025-04-01,14860.0,15670.0,14860.0,15550.0,18084.0
2025-04-02,15650.0,15670.0,15290.0,15520.0,9650.0
2025-04-03,15450.0,16080.0,15230.0,16000.0,26383.0
2025-04-04,16100.0,17500.0,15740.0,17150.0,171656.0
2025-04-07,17810.0,19120.0,17130.0,18000.0,638660.0
2025-04-08,17600.0,18250.0,17400.0,17720.0,185704.0
2025-04-09,17670.0,17730.0,16210.0,16330.0,116108.0
2025-04-10,16640.0,17250.0,16390.0,17200.0,79710.0
2025-04-11,17190.0,17190.0,16515.0,17090.0,75344.0
2025-04-14,17040.0,17040.0,16250.0,16620.0,59528.0
2025-04-15,16620.0,16810.0,16300.0,16650.0,32380.0
2025-04-16,16690.0,16850.0,16300.0,16340.0,38501.0
2025-04-17,16600.0,16600.0,16000.0,16200.0,34049.0
2025-04-18,16290.0,16680.0,16130.0,16660.0,34376.0
2025-04-21,16500.0,16820.0,16330.0,16540.0,30863.0
2025-04-22,16540.0,16970.0,16330.0,16550.0,62151.0
2025-04-23,16550.0,16600.0,16090.0,16100.0,42144.0
2025-04-24,16350.0,16350.0,15830.0,15900.0,27135.0
2025-04-25,16000.0,16000.0,15750.0,15950.0,20766.0
2025-04-28,15940.0,15940.0,15580.0,15710.0,34961.0
2025-04-29,15770.0,15850.0,15620.0,15700.0,14423.0
2025-04-30,15700.0,15820.0,15420.0,15710.0,18493.0
2025-05-02,15680.0,15900.0,15440.0,15620.0,41325.0
2025-05-07,15600.0,15710.0,15290.0,15580.0,38691.0
2025-05-08,15580.0,15700.0,15340.0,15470.0,19710.0
2025-05-09,15400.0,15690.0,15310.0,15690.0,25078.0
2025-05-12,15700.0,16150.0,15690.0,16030.0,68710.0
2025-05-13,16040.0,16380.0,15710.0,15840.0,24602.0
2025-05-14,15850.0,15850.0,15450.0,15520.0,38260.0
2025-05-15,15530.0,15600.0,15050.0,15080.0,45615.0
2025-05-16,15090.0,15120.0,14770.0,14790.0,34772.0
2025-05-19,14980.0,14980.0,14410.0,14530.0,34476.0
2025-05-20,14530.0,14730.0,14530.0,14670.0,15212.0
2025-05-21,14700.0,14990.0,14680.0,14840.0,16890.0
2025-05-22,14740.0,14740.0,14550.0,14650.0,16722.0
2025-05-23,14690.0,14690.0,14440.0,14520.0,19972.0
2025-05-26,14520.0,14800.0,14160.0,14200.0,56106.0
2025-05-27,14250.0,14250.0,13920.0,13930.0,37292.0
2025-05-28,13930.0,14180.0,13880.0,14100.0,29049.0
2025-05-29,14100.0,14350.0,14040.0,14340.0,24620.0
2025-05-30,14360.0,14460.0,14170.0,14350.0,22671.0
2025-06-02,14350.0,14410.0,14230.0,14390.0,11608.0
2025-06-04,14710.0,14860.0,14490.0,14840.0,35525.0
2025-06-05,14800.0,15000.0,14690.0,14890.0,21215.0
2025-06-09,14890.0,15310.0,14890.0,15230.0,40419.0
2025-06-10,15240.0,15500.0,15090.0,15430.0,31086.0
2025-06-11,15460.0,15640.0,15420.0,15480.0,44971.0
2025-06-12,15900.0,15900.0,15480.0,15610.0,41766.0
2025-06-13,15610.0,15950.0,15380.0,15620.0,62572.0
2025-06-16,15650.0,15790.0,15100.0,15420.0,44563.0
2025-06-17,15420.0,15640.0,15120.0,15330.0,36056.0
2025-06-18,15330.0,15740.0,15160.0,15610.0,37212.0
2025-06-19,15750.0,15900.0,15490.0,15750.0,20825.0
2025-06-20,15660.0,15820.0,15580.0,15730.0,15734.0
2025-06-23,15580.0,15580.0,15290.0,15300.0,16051.0
2025-06-24,15520.0,15520.0,15280.0,15480.0,26894.0
2025-06-25,15540.0,15540.0,15240.0,15380.0,13983.0
2025-06-26,15380.0,15380.0,15190.0,15340.0,20215.0
2025-06-27,15260.0,15420.0,15190.0,15310.0,14816.0
2025-06-30,15310.0,15510.0,15250.0,15340.0,5796.0
2025-07-01,15450.0,15460.0,15170.0,15310.0,18923.0
2025-07-02,15200.0,15320.0,15150.0,15300.0,12607.0
2025-07-03,15310.0,15410.0,15180.0,15280.0,18241.0
2025-07-04,15280.0,15280.0,14970.0,15140.0,37580.0
2025-07-07,15140.0,15140.0,14850.0,15000.0,23248.0
2025-07-08,14850.0,15220.0,14850.0,14990.0,18170.0
2025-07-09,14930.0,15140.0,14920.0,14970.0,20461.0
2025-07-10,14980.0,15300.0,14980.0,15080.0,13780.0
2025-07-11,15010.0,15290.0,15000.0,15180.0,49599.0
2025-07-14,15180.0,15240.0,15070.0,15140.0,12733.0
2025-07-15,15140.0,15280.0,14980.0,15030.0,12495.0
2025-07-16,14990.0,14990.0,14700.0,14890.0,20004.0
2025-07-17,14920.0,14920.0,14480.0,14620.0,30025.0
2025-07-18,14620.0,14620.0,14450.0,14520.0,79788.0
2025-07-21,14520.0,14550.0,14460.0,14550.0,11499.0
2025-07-22,14550.0,14720.0,14520.0,14560.0,14488.0
2025-07-23,14560.0,14760.0,14320.0,14420.0,11938.0
2025-07-24,14430.0,14430.0,14200.0,14230.0,21696.0
2025-07-25,14230.0,14370.0,14230.0,14370.0,9941.0
2025-07-28,14440.0,14450.0,14150.0,14300.0,14746.0
2025-07-29,14300.0,14390.0,14190.0,14390.0,6922.0
2025-07-30,14390.0,14490.0,14340.0,14490.0,19168.0
2025-07-31,14490.0,14700.0,14200.0,14520.0,47904.0
2025-08-01,14700.0,14700.0,14030.0,14120.0,55542.0
2025-08-04,14050.0,14170.0,14000.0,14120.0,6546.0
2025-08-05,14120.0,14330.0,14070.0,14210.0,19215.0
2025-08-06,14210.0,14250.0,14100.0,14210.0,6517.0
2025-08-07,14190.0,14280.0,14130.0,14210.0,2510.0
2025-08-08,14210.0,14360.0,14190.0,14280.0,8899.0
2025-08-11,14310.0,15410.0,14310.0,14760.0,118530.0
2025-08-12,14670.0,15120.0,14670.0,14880.0,11709.0
2025-08-13,14840.0,15000.0,14610.0,14910.0,21998.0
2025-08-14,14770.0,15200.0,14770.0,15200.0,19016.0
2025-08-18,15100.0,15200.0,14900.0,15060.0,7115.0
2025-08-19,15050.0,15050.0,14640.0,14780.0,12909.0
2025-08-20,14560.0,14610.0,14270.0,14400.0,20852.0
2025-08-21,14490.0,14760.0,14390.0,14470.0,9423.0
2025-08-22,14610.0,14610.0,14190.0,14490.0,13073.0
2025-08-25,14500.0,14510.0,14300.0,14400.0,9415.0
2025-08-26,14250.0,14460.0,14150.0,14400.0,22680.0
2025-08-27,14350.0,14580.0,14220.0,14380.0,7610.0
2025-08-28,14380.0,14650.0,14260.0,14400.0,23444.0
2025-08-29,14400.0,15600.0,14400.0,14690.0,162731.0
2025-09-01,14680.0,14860.0,14450.0,14560.0,29694.0
2025-09-02,14560.0,14700.0,14430.0,14490.0,7200.0
2025-09-03,14430.0,14630.0,14270.0,14290.0,12875.0
2025-09-04,14420.0,14530.0,14310.0,14440.0,18054.0
2025-09-05,14390.0,14680.0,14320.0,14680.0,8831.0
2025-09-08,14670.0,14760.0,14370.0,14390.0,14237.0
2025-09-09,14440.0,14440.0,14280.0,14370.0,13208.0
2025-09-10,14300.0,14400.0,14250.0,14390.0,19309.0
2025-09-11,14370.0,14500.0,14310.0,14500.0,70713.0
2025-09-12,14500.0,14540.0,14350.0,14520.0,18888.0
2025-09-15,14560.0,14610.0,14140.0,14200.0,57299.0
2025-09-16,14200.0,14270.0,14140.0,14240.0,33497.0
2025-09-17,14240.0,14320.0,14150.0,14210.0,53269.0
2025-09-18,14200.0,14420.0,14200.0,14260.0,18007.0
2025-09-19,14200.0,14450.0,14200.0,14330.0,21663.0
2025-09-22,14300.0,14440.0,14230.0,14340.0,29578.0
2025-09-23,14340.0,14390.0,14240.0,14340.0,84572.0
2025-09-24,14240.0,14400.0,14240.0,14350.0,11537.0
2025-09-25,14350.0,14410.0,14110.0,14250.0,22066.0
2025-09-26,14250.0,14400.0,14100.0,14150.0,47831.0
2025-09-29,14110.0,14470.0,14090.0,14270.0,40287.0
2025-09-30,14150.0,14400.0,14060.0,14320.0,35867.0
2025-10-01,14210.0,14320.0,14110.0,14280.0,21310.0
2025-10-02,14260.0,14270.0,14050.0,14070.0,39674.0
2025-10-10,14140.0,14180.0,13900.0,13900.0,60718.0
2025-10-13,13880.0,13910.0,13690.0,13810.0,27439.0
2025-10-14,13680.0,14040.0,13680.0,14000.0,29984.0
2025-10-15,14000.0,14290.0,13940.0,14230.0,22286.0
2025-10-16,14230.0,14320.0,13960.0,14020.0,38027.0
2025-10-17,13910.0,14180.0,13800.0,13880.0,30287.0
2025-10-20,13880.0,14160.0,13720.0,13730.0,25363.0
2025-10-21,13950.0,13950.0,13600.0,13700.0,41452.0
2025-10-22,13730.0,14040.0,13570.0,13940.0,39094.0
2025-10-23,13850.0,14240.0,13830.0,14040.0,20264.0
2025-10-24,14150.0,14160.0,13910.0,14010.0,14965.0
2025-10-27,14010.0,14200.0,13960.0,13990.0,18636.0
2025-10-28,13920.0,14070.0,13720.0,13790.0,19835.0
2025-10-29,13790.0,13800.0,13530.0,13600.0,24490.0
2025-10-30,13770.0,13770.0,13340.0,13360.0,24873.0
2025-10-31,13480.0,13490.0,13230.0,13350.0,20331.0
2025-11-03,13350.0,13430.0,12850.0,12930.0,41458.0
2025-11-04,12930.0,13150.0,12840.0,12980.0,39113.0
2025-11-05,13000.0,13360.0,12680.0,13310.0,29599.0
2025-11-06,13300.0,13350.0,12680.0,13200.0,10758.0
2025-11-07,13200.0,13330.0,12770.0,12880.0,17791.0
2025-11-10,12800.0,13150.0,12800.0,12930.0,17809.0
2025-11-11,12910.0,12980.0,12650.0,12770.0,21630.0
2025-11-12,12770.0,13600.0,12680.0,13240.0,39402.0
2025-11-13,13240.0,13400.0,13040.0,13390.0,9392.0
2025-11-14,13390.0,13450.0,13170.0,13170.0,63604.0
2025-11-17,13310.0,13950.0,13240.0,13530.0,50155.0
2025-11-18,13830.0,13830.0,13000.0,13000.0,25973.0
2025-11-19,13220.0,13220.0,12820.0,13080.0,17233.0
2025-11-20,13150.0,13410.0,12880.0,13170.0,27415.0
2025-11-21,13130.0,13650.0,12940.0,13440.0,20934.0
2025-11-24,13360.0,13540.0,13330.0,13400.0,4624.0
2025-11-25,13350.0,13500.0,13290.0,13430.0,6531.0
2025-11-26,13450.0,13500.0,13280.0,13300.0,6529.0
2025-11-27,13300.0,13460.0,13170.0,13240.0,3413.0
2025-11-28,13140.0,13440.0,13120.0,13440.0,5161.0
2025-12-01,13450.0,13590.0,13420.0,13590.0,4618.0
2025-12-02,13590.0,13600.0,13410.0,13600.0,3136.0
2025-12-03,13600.0,13750.0,13460.0,13730.0,6951.0
2025-12-04,13590.0,13720.0,13340.0,13420.0,4558.0
2025-12-05,13420.0,13580.0,13320.0,13450.0,2363.0
2025-12-08,13450.0,13590.0,13350.0,13560.0,3522.0
2025-12-09,13410.0,13730.0,13410.0,13660.0,14947.0
2025-12-10,13660.0,13770.0,13530.0,13530.0,25196.0
2025-12-11,13500.0,13620.0,13430.0,13550.0,4372.0
2025-12-12,13410.0,13670.0,13410.0,13570.0,4548.0
2025-12-15,13410.0,13670.0,13390.0,13660.0,5864.0
2025-12-16,13580.0,13580.0,13300.0,13310.0,5037.0
2025-12-17,13400.0,13400.0,13170.0,13270.0,6877.0
2025-12-18,13510.0,13510.0,13130.0,13330.0,5812.0
2025-12-19,13330.0,13360.0,13130.0,13240.0,11227.0
2025-12-22,13430.0,13900.0,13180.0,13730.0,22369.0
2025-12-23,13740.0,13780.0,13460.0,13570.0,10507.0
2025-12-24,13730.0,14030.0,13570.0,13830.0,24774.0
2025-12-26,13830.0,14090.0,13620.0,13700.0,17091.0
2025-12-29,13960.0,13960.0,13430.0,13700.0,6620.0
2025-12-30,13550.0,13700.0,13430.0,13500.0,13215.0
2026-01-02,13400.0,13540.0,13280.0,13500.0,8977.0
2026-01-05,13400.0,13560.0,13250.0,13250.0,10264.0
2026-01-06,13500.0,13500.0,13200.0,13210.0,7186.0
2026-01-07,13380.0,13500.0,13140.0,13200.0,7253.0
2026-01-08,13200.0,13350.0,12920.0,12920.0,10304.0
2026-01-09,12960.0,13130.0,12760.0,12800.0,12418.0
2026-01-12,12800.0,12880.0,12760.0,12810.0,7834.0
2026-01-13,12840.0,12920.0,12730.0,12760.0,13023.0
2026-01-14,12760.0,12960.0,12750.0,12850.0,4589.0
2026-01-15,12970.0,12970.0,12640.0,12800.0,57217.0
2026-01-16,12700.0,12870.0,12650.0,12830.0,5222.0
2026-01-19,12830.0,13030.0,12710.0,12900.0,7525.0
2026-01-20,12890.0,13020.0,12770.0,13020.0,9015.0
2026-01-21,13020.0,13020.0,12660.0,12810.0,15664.0
2026-01-22,12710.0,12850.0,12570.0,12800.0,21451.0
2026-01-23,13330.0,13330.0,12720.0,13200.0,19121.0
2026-01-26,13200.0,13300.0,13150.0,13270.0,6138.0
2026-01-27,13240.0,13430.0,13140.0,13290.0,148328.0
