Date,Open,High,Low,Close,Volume
2019-11-04,2045.0,2190.0,2025.0,2085.0,487894.0
2019-11-05,2070.0,2120.0,2050.0,2070.0,162187.0
2019-11-06,2070.0,2115.0,2030.0,2030.0,157240.0
2019-11-07,2045.0,2080.0,2030.0,2060.0,102459.0
2019-11-08,2055.0,2100.0,2030.0,2075.0,100320.0
2019-11-11,2090.0,2165.0,2075.0,2120.0,157424.0
2019-11-12,2090.0,2130.0,2075.0,2085.0,122727.0
2019-11-13,2075.0,2095.0,2040.0,2040.0,118195.0
2019-11-14,2095.0,2160.0,2050.0,2105.0,221367.0
2019-11-15,2170.0,2170.0,2025.0,2050.0,280883.0
2019-11-18,2050.0,2050.0,1910.0,1985.0,152705.0
2019-11-19,1985.0,2010.0,1920.0,1980.0,67512.0
2019-11-20,1970.0,2020.0,1935.0,1940.0,44688.0
2019-11-21,1940.0,1950.0,1785.0,1815.0,105423.0
2019-11-22,1815.0,1845.0,1800.0,1815.0,26793.0
2019-11-25,1860.0,2120.0,1835.0,1925.0,1375781.0
2019-11-26,1920.0,1950.0,1880.0,1915.0,126952.0
2019-11-27,1920.0,2295.0,1885.0,1955.0,3885313.0
2019-11-28,1965.0,2200.0,1960.0,2055.0,1381277.0
2019-11-29,2075.0,2080.0,1955.0,1970.0,222507.0
2019-12-02,2000.0,2085.0,1975.0,1975.0,198808.0
2019-12-03,1975.0,2025.0,1910.0,1940.0,138954.0
2019-12-04,1925.0,1940.0,1850.0,1895.0,107639.0
2019-12-05,1895.0,1935.0,1860.0,1895.0,39972.0
2019-12-06,1860.0,2010.0,1860.0,1900.0,145923.0
2019-12-09,1950.0,1980.0,1870.0,1905.0,168834.0
2019-12-10,1905.0,1925.0,1880.0,1915.0,30239.0
2019-12-11,1895.0,1935.0,1895.0,1900.0,153192.0
2019-12-12,1880.0,1950.0,1815.0,1920.0,47080.0
2019-12-13,1905.0,1980.0,1900.0,1930.0,63246.0
2019-12-16,1925.0,1960.0,1915.0,1930.0,43390.0
2019-12-17,1945.0,1945.0,1920.0,1935.0,46448.0
2019-12-18,1935.0,1990.0,1935.0,1970.0,141205.0
2019-12-19,1975.0,1995.0,1925.0,1930.0,54506.0
2019-12-20,1930.0,1965.0,1880.0,1920.0,39598.0
2019-12-23,1920.0,1940.0,1890.0,1895.0,48285.0
2019-12-24,1895.0,1920.0,1890.0,1895.0,36058.0
2019-12-26,1895.0,1935.0,1895.0,1915.0,20093.0
2019-12-27,1945.0,1950.0,1895.0,1925.0,147159.0
2019-12-30,2005.0,2175.0,1920.0,1930.0,912005.0
2020-01-02,1910.0,1945.0,1910.0,1925.0,90934.0
2020-01-03,1935.0,1955.0,1915.0,1940.0,70111.0
2020-01-06,1905.0,1925.0,1885.0,1905.0,66439.0
2020-01-07,1905.0,1935.0,1900.0,1920.0,9931.0
2020-01-08,1910.0,1920.0,1850.0,1865.0,69973.0
2020-01-09,1875.0,1910.0,1875.0,1900.0,20789.0
2020-01-10,1880.0,1915.0,1880.0,1895.0,59526.0
2020-01-13,1905.0,1970.0,1890.0,1895.0,247431.0
2020-01-14,1895.0,1915.0,1890.0,1900.0,60286.0
2020-01-15,1895.0,1915.0,1885.0,1900.0,144788.0
2020-01-16,1905.0,1915.0,1890.0,1900.0,114695.0
2020-01-17,1910.0,1915.0,1895.0,1915.0,131429.0
2020-01-20,1915.0,1980.0,1895.0,1950.0,274366.0
2020-01-21,1965.0,1975.0,1920.0,1960.0,287869.0
2020-01-22,2035.0,2080.0,1960.0,1985.0,942674.0
2020-01-23,1985.0,1995.0,1950.0,1965.0,91693.0
2020-01-28,1945.0,1950.0,1875.0,1905.0,148111.0
2020-01-29,1900.0,1925.0,1880.0,1900.0,70699.0
2020-01-30,1880.0,2005.0,1880.0,1925.0,384788.0
2020-01-31,1925.0,1975.0,1915.0,1925.0,157854.0
2020-02-03,1905.0,1940.0,1875.0,1910.0,168754.0
2020-02-04,1910.0,1985.0,1905.0,1980.0,233705.0
2020-02-05,1985.0,1985.0,1950.0,1980.0,137427.0
2020-02-06,1980.0,2570.0,1980.0,2475.0,13986650.0
2020-02-07,2495.0,2890.0,2440.0,2680.0,7307432.0
2020-02-10,2640.0,3110.0,2585.0,2935.0,4575439.0
2020-02-11,2885.0,2935.0,2810.0,2855.0,899982.0
2020-02-12,2855.0,2855.0,2645.0,2795.0,778316.0
2020-02-13,2760.0,2790.0,2650.0,2770.0,484885.0
2020-02-14,2770.0,2770.0,2530.0,2670.0,960136.0
2020-02-17,2620.0,2640.0,2440.0,2550.0,751636.0
2020-02-18,2550.0,2690.0,2490.0,2560.0,810470.0
2020-02-19,2560.0,2610.0,2415.0,2560.0,638579.0
2020-02-20,2615.0,2770.0,2500.0,2685.0,1011990.0
2020-02-21,2645.0,2685.0,2565.0,2580.0,499653.0
2020-02-24,2500.0,2570.0,2305.0,2445.0,669519.0
2020-02-25,2440.0,2515.0,2375.0,2500.0,693691.0
2020-02-26,2430.0,2450.0,2295.0,2295.0,508449.0
2020-02-27,2290.0,2365.0,2105.0,2165.0,361486.0
2020-02-28,2105.0,2150.0,1965.0,2000.0,365848.0
2020-03-02,2045.0,2055.0,1940.0,2010.0,275805.0
2020-03-03,2020.0,2270.0,2020.0,2110.0,1025487.0
2020-03-04,2100.0,2215.0,2050.0,2160.0,356174.0
2020-03-05,2250.0,2470.0,2145.0,2170.0,2677694.0
2020-03-06,2195.0,2195.0,2075.0,2105.0,501567.0
2020-03-09,2055.0,2075.0,1980.0,2000.0,280828.0
2020-03-10,1950.0,2025.0,1845.0,1940.0,851218.0
2020-03-11,1940.0,1970.0,1825.0,1855.0,260972.0
2020-03-12,1810.0,1835.0,1575.0,1710.0,594930.0
2020-03-13,1515.0,1575.0,1360.0,1515.0,343629.0
2020-03-16,1515.0,1550.0,1310.0,1320.0,889978.0
2020-03-17,1245.0,1360.0,1195.0,1340.0,366235.0
2020-03-18,1330.0,1390.0,1155.0,1185.0,214736.0
2020-03-19,1195.0,1220.0,928.0,928.0,335292.0
2020-03-20,980.0,1060.0,927.0,988.0,259417.0
2020-03-23,955.0,990.0,918.0,979.0,81236.0
2020-03-24,939.0,1260.0,939.0,1180.0,1563369.0
2020-03-25,1200.0,1440.0,1200.0,1280.0,677631.0
2020-03-26,1320.0,1320.0,1195.0,1245.0,662226.0
2020-03-27,1300.0,1345.0,1135.0,1230.0,550072.0
2020-03-30,1165.0,1255.0,1155.0,1245.0,180599.0
2020-03-31,1300.0,1335.0,1240.0,1310.0,344353.0
2020-04-01,1290.0,1520.0,1250.0,1375.0,1129096.0
2020-04-02,1375.0,1405.0,1300.0,1385.0,262085.0
2020-04-03,1405.0,1475.0,1370.0,1440.0,279860.0
2020-04-06,1470.0,1510.0,1410.0,1495.0,244778.0
2020-04-07,1520.0,1540.0,1460.0,1540.0,217018.0
2020-04-08,1510.0,1590.0,1490.0,1565.0,169274.0
2020-04-09,1570.0,1600.0,1535.0,1560.0,118285.0
2020-04-10,1580.0,1660.0,1425.0,1590.0,330942.0
2020-04-13,1600.0,1635.0,1555.0,1575.0,346929.0
2020-04-14,1585.0,1600.0,1520.0,1575.0,188453.0
2020-04-16,1540.0,1585.0,1510.0,1575.0,152715.0
2020-04-17,1585.0,1795.0,1580.0,1650.0,1208988.0
2020-04-20,1725.0,1840.0,1675.0,1740.0,856306.0
2020-04-21,1740.0,1750.0,1575.0,1660.0,520599.0
2020-04-22,1625.0,1695.0,1590.0,1680.0,312601.0
2020-04-23,1700.0,1715.0,1645.0,1675.0,227966.0
2020-04-24,1650.0,1670.0,1625.0,1630.0,135017.0
2020-04-27,1650.0,1650.0,1595.0,1625.0,137236.0
2020-04-28,1640.0,1690.0,1610.0,1660.0,238035.0
2020-04-29,1680.0,1780.0,1645.0,1700.0,651278.0
2020-05-04,1695.0,1710.0,1630.0,1670.0,166059.0
2020-05-06,1670.0,1705.0,1645.0,1690.0,166062.0
2020-05-07,1690.0,1745.0,1675.0,1720.0,285358.0
2020-05-08,1745.0,1870.0,1720.0,1830.0,940648.0
2020-05-11,1830.0,1830.0,1760.0,1780.0,412805.0
2020-05-12,1770.0,1810.0,1735.0,1785.0,317192.0
2020-05-13,1785.0,1995.0,1730.0,1905.0,3299724.0
2020-05-14,1875.0,1975.0,1855.0,1910.0,823911.0
2020-05-15,1930.0,1950.0,1855.0,1855.0,509229.0
2020-05-18,1850.0,1850.0,1765.0,1805.0,279274.0
2020-05-19,1810.0,1845.0,1780.0,1820.0,148673.0
2020-05-20,1820.0,1870.0,1820.0,1835.0,152123.0
2020-05-21,1860.0,1915.0,1835.0,1865.0,414370.0
2020-05-22,1890.0,1890.0,1705.0,1755.0,543635.0
2020-05-25,1755.0,1765.0,1710.0,1750.0,185343.0
2020-05-26,1780.0,1780.0,1710.0,1745.0,183668.0
2020-05-27,1765.0,1775.0,1720.0,1735.0,164174.0
2020-05-28,1755.0,1755.0,1630.0,1690.0,384253.0
2020-05-29,1660.0,1690.0,1650.0,1660.0,122574.0
2020-06-01,1665.0,1690.0,1650.0,1675.0,126480.0
2020-06-02,1675.0,1700.0,1670.0,1670.0,81172.0
2020-06-03,1715.0,1715.0,1660.0,1680.0,89131.0
2020-06-04,1680.0,1780.0,1680.0,1770.0,515981.0
2020-06-05,1765.0,1775.0,1725.0,1760.0,134711.0
2020-06-08,1780.0,1890.0,1775.0,1825.0,1077348.0
2020-06-09,1825.0,1905.0,1810.0,1855.0,749674.0
2020-06-10,1860.0,1940.0,1815.0,1850.0,303850.0
2020-06-11,1840.0,1940.0,1810.0,1815.0,664860.0
2020-06-12,1670.0,1755.0,1665.0,1720.0,475243.0
2020-06-15,1720.0,1760.0,1560.0,1590.0,280593.0
2020-06-16,1660.0,1695.0,1590.0,1685.0,271798.0
2020-06-17,1685.0,1695.0,1620.0,1640.0,199469.0
2020-06-18,1640.0,1790.0,1625.0,1715.0,399460.0
2020-06-19,1715.0,1750.0,1685.0,1740.0,140100.0
2020-06-22,1740.0,1770.0,1670.0,1725.0,271091.0
2020-06-23,1725.0,1730.0,1675.0,1700.0,138649.0
2020-06-24,1700.0,1725.0,1680.0,1710.0,122397.0
2020-06-25,1705.0,1705.0,1640.0,1675.0,127101.0
2020-06-26,1680.0,1730.0,1650.0,1695.0,145723.0
2020-06-29,1685.0,1685.0,1605.0,1640.0,141162.0
2020-06-30,1640.0,1690.0,1620.0,1640.0,64546.0
2020-07-01,1640.0,1750.0,1635.0,1650.0,382258.0
2020-07-02,1650.0,1685.0,1615.0,1660.0,117257.0
2020-07-03,1660.0,1690.0,1615.0,1665.0,133031.0
2020-07-06,1655.0,1725.0,1635.0,1700.0,256704.0
2020-07-07,1715.0,1845.0,1695.0,1790.0,1582133.0
2020-07-08,1780.0,1780.0,1710.0,1760.0,287277.0
2020-07-09,1750.0,1815.0,1740.0,1770.0,469697.0
2020-07-10,1790.0,1835.0,1675.0,1675.0,800998.0
2020-07-13,1690.0,1760.0,1645.0,1685.0,408144.0
2020-07-14,1685.0,1700.0,1650.0,1660.0,158848.0
2020-07-15,1670.0,1725.0,1655.0,1720.0,193669.0
2020-07-16,1720.0,1765.0,1690.0,1720.0,233472.0
2020-07-17,1720.0,1790.0,1695.0,1785.0,463530.0
2020-07-20,1850.0,1850.0,1745.0,1750.0,509496.0
2020-07-21,1780.0,1780.0,1745.0,1755.0,181454.0
2020-07-22,1755.0,1790.0,1735.0,1765.0,109134.0
2020-07-23,1765.0,1805.0,1700.0,1735.0,506255.0
2020-07-24,1735.0,1735.0,1675.0,1695.0,164910.0
2020-07-27,1700.0,1720.0,1680.0,1715.0,72843.0
2020-07-28,1715.0,1725.0,1700.0,1725.0,114044.0
2020-07-29,1720.0,1880.0,1715.0,1805.0,1408294.0
2020-07-30,1810.0,1810.0,1760.0,1790.0,301253.0
2020-07-31,1880.0,1880.0,1740.0,1740.0,663232.0
2020-08-03,1740.0,1770.0,1730.0,1755.0,161920.0
2020-08-04,1755.0,1795.0,1725.0,1770.0,210475.0
2020-08-05,1780.0,1795.0,1755.0,1775.0,239391.0
2020-08-06,1775.0,1795.0,1755.0,1775.0,165775.0
2020-08-07,1775.0,1790.0,1745.0,1755.0,252725.0
2020-08-10,1745.0,1880.0,1745.0,1880.0,1016284.0
2020-08-11,1875.0,2170.0,1840.0,2170.0,3021646.0
2020-08-12,2020.0,2040.0,1830.0,1895.0,2216963.0
2020-08-13,1900.0,1945.0,1855.0,1900.0,987410.0
2020-08-14,1910.0,1920.0,1790.0,1800.0,1018048.0
2020-08-18,1795.0,1810.0,1680.0,1690.0,547006.0
2020-08-19,1690.0,1750.0,1660.0,1705.0,499862.0
2020-08-20,1710.0,1740.0,1525.0,1555.0,882400.0
2020-08-21,1570.0,1645.0,1565.0,1620.0,394454.0
2020-08-24,1605.0,1705.0,1550.0,1705.0,254426.0
2020-08-25,1720.0,1770.0,1700.0,1700.0,438862.0
2020-08-26,1700.0,1735.0,1700.0,1715.0,149882.0
2020-08-27,1715.0,1715.0,1655.0,1680.0,207792.0
2020-08-28,1675.0,1745.0,1675.0,1720.0,197423.0
2020-08-31,1730.0,1760.0,1695.0,1760.0,340109.0
2020-09-01,1730.0,1755.0,1715.0,1750.0,133262.0
2020-09-02,1760.0,1805.0,1715.0,1785.0,243750.0
2020-09-03,1780.0,1810.0,1750.0,1795.0,221140.0
2020-09-04,1730.0,1800.0,1710.0,1770.0,260369.0
2020-09-07,1750.0,1815.0,1745.0,1795.0,330205.0
2020-09-08,1810.0,1820.0,1760.0,1820.0,425270.0
2020-09-09,1780.0,1820.0,1760.0,1795.0,195511.0
2020-09-10,1825.0,1825.0,1760.0,1805.0,151882.0
2020-09-11,1790.0,1810.0,1765.0,1795.0,188312.0
2020-09-14,1830.0,1965.0,1780.0,1905.0,1669511.0
2020-09-15,1905.0,1920.0,1840.0,1865.0,481753.0
2020-09-16,1865.0,1915.0,1815.0,1840.0,316237.0
2020-09-17,1835.0,1880.0,1730.0,1770.0,420478.0
2020-09-18,1770.0,1815.0,1755.0,1800.0,144764.0
2020-09-21,1800.0,1860.0,1750.0,1795.0,489478.0
2020-09-22,1800.0,1805.0,1705.0,1710.0,270979.0
2020-09-23,1715.0,1755.0,1685.0,1730.0,276790.0
2020-09-24,1685.0,1740.0,1630.0,1640.0,307596.0
2020-09-25,1640.0,1690.0,1620.0,1655.0,139628.0
2020-09-28,1660.0,1705.0,1660.0,1695.0,65417.0
2020-09-29,1705.0,1760.0,1695.0,1750.0,157594.0
2020-10-05,1760.0,1765.0,1725.0,1750.0,107772.0
2020-10-06,1775.0,1840.0,1745.0,1765.0,352569.0
2020-10-07,1750.0,1780.0,1730.0,1750.0,164361.0
2020-10-08,1770.0,1815.0,1720.0,1765.0,267666.0
2020-10-12,1750.0,1770.0,1730.0,1745.0,126518.0
2020-10-13,1750.0,1810.0,1745.0,1755.0,194333.0
2020-10-14,1775.0,1825.0,1740.0,1825.0,379506.0
2020-10-15,1790.0,1800.0,1715.0,1750.0,244198.0
2020-10-16,1745.0,1760.0,1690.0,1720.0,105004.0
2020-10-19,1745.0,1745.0,1695.0,1715.0,99817.0
2020-10-20,1710.0,1730.0,1660.0,1720.0,157779.0
2020-10-21,1720.0,1890.0,1715.0,1885.0,2058948.0
2020-10-22,2240.0,2280.0,1750.0,1755.0,11771370.0
2020-10-23,1805.0,1820.0,1730.0,1740.0,1124509.0
2020-10-26,1760.0,1780.0,1630.0,1630.0,1107698.0
2020-10-27,1610.0,1680.0,1570.0,1590.0,506886.0
2020-10-28,1590.0,1670.0,1585.0,1635.0,263495.0
2020-10-29,1595.0,1635.0,1590.0,1635.0,282211.0
2020-10-30,1625.0,1635.0,1595.0,1595.0,210558.0
2020-11-02,1595.0,1645.0,1585.0,1640.0,205519.0
2020-11-03,1640.0,1675.0,1625.0,1650.0,218097.0
2020-11-04,1670.0,1670.0,1620.0,1645.0,162277.0
2020-11-05,1625.0,1695.0,1625.0,1685.0,268064.0
2020-11-06,1690.0,1725.0,1665.0,1695.0,294458.0
2020-11-09,1710.0,1800.0,1685.0,1780.0,640546.0
2020-11-10,1800.0,1810.0,1755.0,1780.0,450785.0
2020-11-11,1765.0,1830.0,1765.0,1790.0,410853.0
2020-11-12,1790.0,1815.0,1750.0,1775.0,267418.0
2020-11-13,1775.0,1775.0,1710.0,1730.0,191752.0
2020-11-16,1780.0,1790.0,1735.0,1765.0,317448.0
2020-11-17,1785.0,1795.0,1730.0,1770.0,325503.0
2020-11-18,1770.0,1770.0,1740.0,1755.0,197130.0
2020-11-19,1740.0,1850.0,1710.0,1800.0,1249395.0
2020-11-20,2295.0,2340.0,2180.0,2340.0,3753143.0
2020-11-23,2655.0,2770.0,2145.0,2145.0,16179740.0
2020-11-24,2125.0,2145.0,1980.0,2015.0,3038255.0
2020-11-25,2020.0,2410.0,1995.0,2250.0,15364650.0
2020-11-26,2215.0,2255.0,2070.0,2140.0,2284855.0
2020-11-27,2140.0,2215.0,2055.0,2170.0,1566742.0
2020-11-30,2200.0,2365.0,2180.0,2230.0,4730330.0
2020-12-01,2240.0,2895.0,2240.0,2895.0,19282610.0
2020-12-02,2955.0,3460.0,2845.0,3050.0,34890480.0
2020-12-03,3055.0,3140.0,2955.0,2955.0,4706325.0
2020-12-04,2935.0,3240.0,2860.0,2940.0,10470190.0
2020-12-07,2925.0,3150.0,2915.0,3140.0,4682550.0
2020-12-08,3350.0,3770.0,2960.0,2975.0,23627160.0
2020-12-09,3015.0,3400.0,2900.0,3170.0,9447679.0
2020-12-10,3090.0,3335.0,3010.0,3110.0,3234592.0
2020-12-11,3110.0,3170.0,3045.0,3075.0,1165143.0
2020-12-14,3025.0,3060.0,2915.0,2915.0,1246727.0
2020-12-15,2880.0,3000.0,2850.0,2970.0,1317706.0
2020-12-16,2950.0,2980.0,2880.0,2895.0,889940.0
2020-12-17,2895.0,2990.0,2880.0,2925.0,941870.0
2020-12-18,2885.0,2910.0,2805.0,2825.0,732253.0
2020-12-21,2830.0,2840.0,2645.0,2695.0,1058380.0
2020-12-22,2650.0,2680.0,2565.0,2590.0,774376.0
2020-12-23,2540.0,2680.0,2535.0,2590.0,637362.0
2020-12-24,2570.0,2680.0,2570.0,2610.0,479642.0
2020-12-28,2630.0,2730.0,2630.0,2655.0,993242.0
2020-12-29,2655.0,2735.0,2615.0,2700.0,520469.0
2020-12-30,2710.0,2760.0,2650.0,2755.0,447983.0
2021-01-04,2760.0,2785.0,2670.0,2705.0,689493.0
2021-01-05,2700.0,2720.0,2650.0,2680.0,448644.0
2021-01-06,2680.0,2820.0,2655.0,2785.0,1075399.0
2021-01-07,2800.0,3150.0,2780.0,2970.0,3717921.0
2021-01-08,3005.0,3090.0,2860.0,2915.0,722521.0
2021-01-11,2920.0,2945.0,2635.0,2690.0,1005593.0
2021-01-12,2690.0,2770.0,2630.0,2695.0,430345.0
2021-01-13,2695.0,2735.0,2670.0,2720.0,229542.0
2021-01-14,2730.0,2750.0,2675.0,2685.0,228686.0
2021-01-15,2705.0,2705.0,2625.0,2655.0,283390.0
2021-01-18,2625.0,2695.0,2540.0,2570.0,257732.0
2021-01-19,2600.0,2645.0,2530.0,2605.0,303310.0
2021-01-20,2605.0,2685.0,2605.0,2630.0,261380.0
2021-01-21,2635.0,2790.0,2625.0,2790.0,663483.0
2021-01-22,2810.0,2825.0,2675.0,2695.0,316999.0
2021-01-25,2685.0,2740.0,2670.0,2680.0,206659.0
2021-01-26,2700.0,3140.0,2625.0,2815.0,3802748.0
2021-01-27,2785.0,2815.0,2700.0,2710.0,698358.0
2021-01-28,2655.0,2780.0,2610.0,2620.0,516314.0
2021-01-29,2625.0,2675.0,2460.0,2520.0,365394.0
2021-02-01,2410.0,2645.0,2350.0,2545.0,279247.0
2021-02-02,2545.0,2635.0,2520.0,2580.0,227499.0
2021-02-03,2575.0,2625.0,2530.0,2585.0,225405.0
2021-02-04,2560.0,2595.0,2505.0,2520.0,138779.0
2021-02-05,2525.0,2525.0,2430.0,2450.0,189313.0
2021-02-08,2520.0,2520.0,2390.0,2390.0,155612.0
2021-02-09,2390.0,2440.0,2355.0,2385.0,151258.0
2021-02-10,2390.0,2435.0,2355.0,2400.0,91307.0
2021-02-15,2415.0,2475.0,2400.0,2460.0,142903.0
2021-02-16,2460.0,2480.0,2410.0,2415.0,172234.0
2021-02-17,2410.0,2435.0,2350.0,2370.0,161111.0
2021-02-18,2370.0,2950.0,2315.0,2790.0,7315415.0
2021-02-19,3140.0,3315.0,2555.0,2590.0,6128589.0
2021-02-22,2675.0,2675.0,2470.0,2510.0,783518.0
2021-02-23,2460.0,2485.0,2400.0,2435.0,430745.0
2021-02-24,2405.0,2525.0,2375.0,2385.0,583433.0
2021-02-25,2475.0,2475.0,2330.0,2360.0,408994.0
2021-02-26,2270.0,2410.0,2240.0,2345.0,372164.0
2021-03-02,2360.0,2475.0,2330.0,2340.0,201245.0
2021-03-03,2350.0,2390.0,2315.0,2375.0,165810.0
2021-03-04,2380.0,2470.0,2360.0,2460.0,343393.0
2021-03-05,2450.0,2485.0,2400.0,2405.0,102206.0
2021-03-08,2435.0,2445.0,2305.0,2305.0,162805.0
2021-03-09,2305.0,2340.0,2165.0,2245.0,244759.0
2021-03-10,2225.0,2275.0,2190.0,2200.0,108910.0
2021-03-11,2200.0,2240.0,2185.0,2215.0,80459.0
2021-03-12,2205.0,2350.0,2205.0,2290.0,228415.0
2021-03-15,2285.0,2315.0,2260.0,2310.0,73589.0
2021-03-16,2310.0,2320.0,2250.0,2275.0,104852.0
2021-03-17,2350.0,2390.0,2265.0,2275.0,105844.0
2021-03-18,2275.0,2300.0,2275.0,2285.0,104088.0
2021-03-19,2260.0,2290.0,2245.0,2290.0,77669.0
2021-03-22,2305.0,2320.0,2235.0,2245.0,123810.0
2021-03-23,2245.0,2285.0,2200.0,2230.0,52990.0
2021-03-24,2180.0,2225.0,2135.0,2135.0,147733.0
2021-03-25,2130.0,2170.0,2060.0,2110.0,121923.0
2021-03-26,2130.0,2145.0,2070.0,2120.0,92444.0
2021-03-29,2120.0,2120.0,2080.0,2085.0,87425.0
2021-03-30,2080.0,2140.0,2070.0,2140.0,137192.0
2021-03-31,2135.0,2155.0,2110.0,2120.0,81190.0
2021-04-01,2120.0,2180.0,2115.0,2155.0,94661.0
2021-04-02,2155.0,2195.0,2130.0,2175.0,126009.0
2021-04-05,2160.0,2175.0,2100.0,2130.0,192421.0
2021-04-06,2140.0,2215.0,2080.0,2185.0,245701.0
2021-04-07,2185.0,2235.0,2170.0,2205.0,205903.0
2021-04-08,2205.0,2225.0,2180.0,2210.0,94018.0
2021-04-09,2220.0,2235.0,2190.0,2200.0,49210.0
2021-04-12,2210.0,2220.0,2150.0,2200.0,132708.0
2021-04-13,2240.0,2415.0,2200.0,2315.0,1053781.0
2021-04-14,2325.0,2375.0,2270.0,2315.0,208015.0
2021-04-15,2310.0,2385.0,2265.0,2300.0,569348.0
2021-04-16,2300.0,2330.0,2285.0,2305.0,211419.0
2021-04-19,2320.0,2550.0,2275.0,2315.0,1974773.0
2021-04-20,2330.0,2365.0,2300.0,2300.0,283783.0
2021-04-21,2300.0,2340.0,2295.0,2310.0,161580.0
2021-04-22,2360.0,2425.0,2330.0,2350.0,410454.0
2021-04-23,2340.0,2380.0,2285.0,2365.0,227666.0
2021-04-26,2385.0,2415.0,2335.0,2345.0,188921.0
2021-04-27,2345.0,2375.0,2290.0,2310.0,142258.0
2021-04-28,2365.0,2390.0,2235.0,2260.0,431933.0
2021-04-29,2260.0,2270.0,2100.0,2180.0,280876.0
2021-04-30,2165.0,2235.0,2115.0,2125.0,164318.0
2021-05-03,2165.0,2170.0,2085.0,2115.0,192656.0
2021-05-04,2115.0,2115.0,2035.0,2090.0,235715.0
2021-05-06,2190.0,2190.0,2090.0,2115.0,195431.0
2021-05-07,2160.0,2210.0,2110.0,2140.0,233476.0
2021-05-10,2145.0,2180.0,2135.0,2165.0,190190.0
2021-05-11,2160.0,2205.0,2125.0,2175.0,242182.0
2021-05-12,2175.0,2200.0,2115.0,2145.0,139537.0
2021-05-13,2120.0,2170.0,2100.0,2155.0,92523.0
2021-05-14,2145.0,2160.0,2100.0,2140.0,82476.0
2021-05-17,2130.0,2165.0,2050.0,2100.0,117377.0
2021-05-18,2095.0,2130.0,2055.0,2125.0,65838.0
2021-05-20,2125.0,2330.0,2120.0,2235.0,716283.0
2021-05-21,2245.0,2255.0,2170.0,2205.0,601080.0
2021-05-24,2200.0,2795.0,2125.0,2445.0,11751180.0
2021-05-25,2370.0,2405.0,2300.0,2305.0,1777178.0
2021-05-26,2385.0,2450.0,2310.0,2350.0,1560533.0
2021-05-27,2325.0,2340.0,2210.0,2285.0,540088.0
2021-05-28,2285.0,2425.0,2240.0,2350.0,1247783.0
2021-05-31,2345.0,2350.0,2300.0,2320.0,271686.0
2021-06-01,2320.0,2385.0,2310.0,2350.0,301962.0
2021-06-02,2335.0,2350.0,2305.0,2335.0,284365.0
2021-06-03,2325.0,2370.0,2320.0,2350.0,269436.0
2021-06-04,2370.0,2400.0,2335.0,2355.0,479237.0
2021-06-07,2380.0,2395.0,2340.0,2380.0,383490.0
2021-06-08,2380.0,2380.0,2295.0,2370.0,372993.0
2021-06-09,2370.0,2415.0,2345.0,2365.0,357503.0
2021-06-10,2365.0,2405.0,2325.0,2355.0,490051.0
2021-06-11,2360.0,2375.0,2320.0,2355.0,196989.0
2021-06-14,2360.0,2380.0,2330.0,2355.0,188856.0
2021-06-15,2360.0,2365.0,2285.0,2325.0,372315.0
2021-06-16,2360.0,2575.0,2340.0,2445.0,3333605.0
2021-06-17,2440.0,2460.0,2405.0,2455.0,527836.0
2021-06-18,2465.0,2505.0,2430.0,2505.0,1187415.0
2021-06-21,2575.0,2735.0,2460.0,2530.0,2679982.0
2021-06-22,2575.0,2750.0,2550.0,2635.0,4134132.0
2021-06-23,2600.0,2620.0,2530.0,2540.0,819795.0
2021-06-24,2550.0,2550.0,2410.0,2440.0,772108.0
2021-06-25,2465.0,2580.0,2460.0,2525.0,1086882.0
2021-06-28,2575.0,2580.0,2480.0,2510.0,458724.0
2021-06-29,2540.0,2570.0,2460.0,2500.0,303386.0
2021-06-30,2490.0,2540.0,2440.0,2540.0,464371.0
2021-07-01,2540.0,2565.0,2500.0,2565.0,410568.0
2021-07-02,2575.0,2575.0,2500.0,2545.0,249949.0
2021-07-05,2550.0,2550.0,2395.0,2440.0,626177.0
2021-07-06,2410.0,2455.0,2400.0,2430.0,185071.0
2021-07-07,2405.0,2475.0,2350.0,2355.0,362105.0
2021-07-08,2360.0,2360.0,2240.0,2280.0,488476.0
2021-07-09,2240.0,2290.0,2180.0,2270.0,479563.0
2021-07-12,2270.0,2330.0,2265.0,2325.0,145193.0
2021-07-13,2335.0,2375.0,2335.0,2345.0,172883.0
2021-07-14,2365.0,2385.0,2300.0,2355.0,227572.0
2021-07-15,2355.0,2425.0,2330.0,2380.0,277030.0
2021-07-16,2390.0,2415.0,2365.0,2390.0,198890.0
2021-07-19,2420.0,2470.0,2395.0,2430.0,263149.0
2021-07-20,2380.0,2400.0,2340.0,2355.0,206138.0
2021-07-21,2345.0,2530.0,2345.0,2505.0,1818112.0
2021-07-22,2525.0,2665.0,2440.0,2655.0,1814555.0
2021-07-23,2675.0,2675.0,2565.0,2640.0,807862.0
2021-07-26,2670.0,2800.0,2580.0,2620.0,1697598.0
2021-07-27,2620.0,2770.0,2515.0,2610.0,1325977.0
2021-07-28,2610.0,2650.0,2520.0,2650.0,675230.0
2021-07-29,2600.0,2735.0,2580.0,2645.0,678495.0
2021-07-30,2680.0,2690.0,2555.0,2565.0,288840.0
2021-08-02,2565.0,2595.0,2520.0,2555.0,239301.0
2021-08-03,2555.0,2590.0,2445.0,2465.0,300362.0
2021-08-04,2460.0,2545.0,2450.0,2525.0,300743.0
2021-08-05,2525.0,2570.0,2490.0,2510.0,160470.0
2021-08-06,2510.0,2525.0,2450.0,2470.0,214642.0
2021-08-09,2470.0,2580.0,2450.0,2540.0,346047.0
2021-08-10,2540.0,2620.0,2490.0,2495.0,441179.0
2021-08-11,2490.0,2545.0,2455.0,2455.0,220611.0
2021-08-12,2520.0,2520.0,2420.0,2455.0,193971.0
2021-08-13,2445.0,2455.0,2305.0,2380.0,387520.0
2021-08-17,2345.0,2370.0,2235.0,2255.0,286726.0
2021-08-18,2265.0,2430.0,2265.0,2380.0,351750.0
2021-08-19,2375.0,2480.0,2310.0,2405.0,509119.0
2021-08-20,2455.0,2475.0,2330.0,2355.0,235184.0
2021-08-23,2370.0,2430.0,2325.0,2430.0,365728.0
2021-08-24,2500.0,2555.0,2405.0,2435.0,411121.0
2021-08-25,2455.0,2455.0,2380.0,2395.0,143450.0
2021-08-26,2390.0,2470.0,2325.0,2370.0,140123.0
2021-08-27,2340.0,2365.0,2300.0,2360.0,119887.0
2021-08-30,2360.0,2450.0,2340.0,2445.0,281423.0
2021-08-31,2445.0,2465.0,2400.0,2420.0,136785.0
2021-09-01,2495.0,2500.0,2420.0,2440.0,223688.0
2021-09-02,2465.0,2465.0,2415.0,2440.0,123661.0
2021-09-03,2440.0,2440.0,2370.0,2405.0,185014.0
2021-09-06,2450.0,2520.0,2420.0,2510.0,600681.0
2021-09-07,2510.0,2510.0,2415.0,2440.0,304875.0
2021-09-08,2435.0,2435.0,2355.0,2365.0,235543.0
2021-09-09,2365.0,2420.0,2340.0,2355.0,130006.0
2021-09-10,2385.0,2385.0,2300.0,2340.0,191206.0
2021-09-13,2325.0,2325.0,2275.0,2300.0,153297.0
2021-09-14,2380.0,2515.0,2345.0,2380.0,831795.0
2021-09-15,2390.0,2400.0,2340.0,2350.0,174119.0
2021-09-16,2355.0,2385.0,2320.0,2340.0,185920.0
2021-09-17,2335.0,2380.0,2330.0,2355.0,166759.0
2021-09-23,2315.0,2355.0,2310.0,2315.0,93073.0
2021-09-24,2315.0,2370.0,2290.0,2315.0,103542.0
2021-09-27,2325.0,2350.0,2300.0,2310.0,87631.0
2021-09-28,2310.0,2325.0,2250.0,2260.0,145479.0
2021-09-29,2235.0,2360.0,2200.0,2290.0,478653.0
2021-09-30,2320.0,2975.0,2305.0,2780.0,21537550.0
2021-10-01,2700.0,2735.0,2495.0,2515.0,2996549.0
2021-10-05,2540.0,2630.0,2440.0,2570.0,2770468.0
2021-10-06,2660.0,3340.0,2605.0,2980.0,44759620.0
2021-10-07,3150.0,3200.0,2725.0,2900.0,9000657.0
2021-10-08,2870.0,3025.0,2780.0,2950.0,4706897.0
2021-10-12,2905.0,3085.0,2800.0,3060.0,4264690.0
2021-10-13,3015.0,3020.0,2800.0,2940.0,2186671.0
2021-10-14,2940.0,3085.0,2825.0,2845.0,2857308.0
2021-10-15,2895.0,2930.0,2735.0,2840.0,1824633.0
2021-10-18,2835.0,3040.0,2750.0,2945.0,4320275.0
2021-10-19,2900.0,3160.0,2835.0,3120.0,6539675.0
2021-10-20,3075.0,3145.0,2960.0,3000.0,2267767.0
2021-10-21,3035.0,3040.0,2800.0,2820.0,1482842.0
2021-10-22,2820.0,2820.0,2660.0,2745.0,780028.0
2021-10-25,2680.0,2770.0,2560.0,2770.0,914023.0
2021-10-26,2780.0,2800.0,2700.0,2800.0,613589.0
2021-10-27,2800.0,2800.0,2680.0,2710.0,488653.0
2021-10-28,2700.0,2750.0,2625.0,2640.0,518633.0
2021-10-29,2850.0,3165.0,2780.0,2865.0,16724540.0
2021-11-01,2900.0,2920.0,2710.0,2725.0,1492240.0
2021-11-02,2840.0,2895.0,2720.0,2740.0,1661201.0
2021-11-03,2710.0,2720.0,2635.0,2645.0,659487.0
2021-11-04,2660.0,2675.0,2590.0,2650.0,490853.0
2021-11-05,2640.0,2645.0,2565.0,2615.0,338962.0
2021-11-08,2580.0,2605.0,2510.0,2540.0,393270.0
2021-11-09,2540.0,2565.0,2455.0,2565.0,458844.0
2021-11-10,2595.0,2600.0,2455.0,2470.0,387708.0
2021-11-11,2440.0,2450.0,2340.0,2385.0,578341.0
2021-11-12,2410.0,2500.0,2385.0,2495.0,270373.0
2021-11-15,2525.0,2570.0,2470.0,2510.0,237833.0
2021-11-16,2520.0,2520.0,2435.0,2460.0,202147.0
2021-11-17,2570.0,2640.0,2450.0,2495.0,755844.0
2021-11-18,2460.0,2475.0,2360.0,2450.0,407392.0
2021-11-19,2430.0,2510.0,2410.0,2485.0,249227.0
2021-11-22,2490.0,2550.0,2455.0,2525.0,269632.0
2021-11-23,2500.0,2530.0,2470.0,2485.0,164345.0
2021-11-24,2460.0,2485.0,2385.0,2430.0,196533.0
2021-11-25,2435.0,2450.0,2335.0,2405.0,167994.0
2021-11-26,2400.0,2425.0,2295.0,2300.0,325404.0
2021-11-29,2230.0,2330.0,2215.0,2285.0,308874.0
2021-11-30,2285.0,2345.0,2150.0,2175.0,258194.0
2021-12-01,2175.0,2295.0,2125.0,2265.0,231055.0
2021-12-02,2260.0,2285.0,2205.0,2275.0,77633.0
2021-12-03,2295.0,2315.0,2245.0,2300.0,127568.0
2021-12-06,2275.0,2330.0,2240.0,2300.0,83301.0
2021-12-07,2320.0,2335.0,2275.0,2290.0,76804.0
2021-12-08,2295.0,2340.0,2280.0,2300.0,104207.0
2021-12-09,2305.0,2315.0,2225.0,2310.0,128126.0
2021-12-10,2290.0,2295.0,2245.0,2265.0,126833.0
2021-12-13,2270.0,2270.0,2210.0,2240.0,118308.0
2021-12-14,2225.0,2315.0,2210.0,2300.0,195199.0
2021-12-15,2325.0,2325.0,2250.0,2280.0,113770.0
2021-12-16,2255.0,2280.0,2240.0,2250.0,97948.0
2021-12-17,2245.0,2310.0,2210.0,2290.0,175677.0
2021-12-20,2290.0,2320.0,2220.0,2235.0,83700.0
2021-12-21,2230.0,2285.0,2175.0,2225.0,103993.0
2021-12-22,2225.0,2250.0,2180.0,2195.0,98806.0
2021-12-23,2200.0,2210.0,2165.0,2170.0,134345.0
2021-12-24,2195.0,2200.0,2175.0,2190.0,54777.0
2021-12-27,2195.0,2270.0,2190.0,2200.0,110124.0
2021-12-28,2200.0,2230.0,2190.0,2215.0,90657.0
2021-12-29,2215.0,2225.0,2205.0,2215.0,60199.0
2021-12-30,2220.0,2250.0,2220.0,2235.0,97184.0
2022-01-04,2300.0,2300.0,2245.0,2270.0,99549.0
2022-01-05,2280.0,2300.0,2220.0,2225.0,83781.0
2022-01-06,2205.0,2245.0,2155.0,2155.0,280113.0
2022-01-07,2165.0,2200.0,2155.0,2170.0,73686.0
2022-01-10,2175.0,2190.0,2130.0,2170.0,117721.0
2022-01-11,2165.0,2170.0,2090.0,2170.0,124230.0
2022-01-12,2170.0,2385.0,2150.0,2270.0,594087.0
2022-01-13,2290.0,2570.0,2230.0,2355.0,2937595.0
2022-01-14,2355.0,2585.0,2350.0,2525.0,2857717.0
2022-01-17,2495.0,2515.0,2355.0,2430.0,602524.0
2022-01-18,2430.0,2730.0,2315.0,2390.0,2304561.0
2022-01-19,2380.0,2395.0,2270.0,2385.0,271588.0
2022-01-20,2395.0,2450.0,2330.0,2450.0,481247.0
2022-01-21,2485.0,2540.0,2340.0,2350.0,534239.0
2022-01-24,2330.0,2335.0,2220.0,2230.0,229327.0
2022-01-25,2230.0,2255.0,2100.0,2150.0,224598.0
2022-01-26,2110.0,2190.0,2110.0,2140.0,140093.0
2022-01-27,2185.0,2185.0,1995.0,2025.0,257220.0
2022-01-28,2005.0,2090.0,1915.0,2085.0,215538.0
2022-02-03,2100.0,2175.0,2100.0,2145.0,85198.0
2022-02-04,2145.0,2190.0,2100.0,2180.0,77971.0
2022-02-07,2180.0,2215.0,2125.0,2195.0,87496.0
2022-02-08,2195.0,2215.0,2140.0,2165.0,94252.0
2022-02-09,2185.0,2185.0,2135.0,2155.0,74855.0
2022-02-10,2160.0,2190.0,2110.0,2120.0,79569.0
2022-02-11,2110.0,2125.0,2050.0,2125.0,110092.0
2022-02-14,2080.0,2080.0,1990.0,2005.0,99246.0
2022-02-15,1990.0,2010.0,1930.0,1955.0,96332.0
2022-02-16,1965.0,2025.0,1965.0,2020.0,118895.0
2022-02-17,2040.0,2040.0,1965.0,1990.0,77742.0
2022-02-18,1965.0,2020.0,1940.0,2005.0,81104.0
2022-02-21,1985.0,2005.0,1940.0,1995.0,57387.0
2022-02-22,1990.0,2005.0,1940.0,1955.0,75653.0
2022-02-23,1940.0,1970.0,1930.0,1965.0,56988.0
2022-02-24,1965.0,1970.0,1850.0,1860.0,112134.0
2022-02-25,1855.0,1930.0,1855.0,1895.0,99292.0
2022-02-28,1895.0,1935.0,1875.0,1920.0,75140.0
2022-03-02,1930.0,1990.0,1920.0,1980.0,55733.0
2022-03-03,2000.0,2020.0,1980.0,2000.0,55746.0
2022-03-04,1990.0,2015.0,1955.0,1970.0,36255.0
2022-03-07,1970.0,1990.0,1900.0,1900.0,62181.0
2022-03-08,1870.0,1915.0,1855.0,1865.0,52753.0
2022-03-10,1870.0,1915.0,1835.0,1855.0,61940.0
2022-03-11,1880.0,1890.0,1840.0,1880.0,31229.0
2022-03-14,1880.0,1880.0,1790.0,1815.0,93445.0
2022-03-15,1795.0,1830.0,1785.0,1805.0,25165.0
2022-03-16,1825.0,1880.0,1755.0,1855.0,98481.0
2022-03-17,1880.0,1920.0,1870.0,1905.0,50655.0
2022-03-18,1910.0,1940.0,1880.0,1910.0,52136.0
2022-03-21,1920.0,1935.0,1900.0,1925.0,55501.0
2022-03-22,1925.0,2040.0,1905.0,2005.0,220532.0
2022-03-23,2010.0,2030.0,1965.0,2000.0,66951.0
2022-03-24,2000.0,2010.0,1950.0,1975.0,73454.0
2022-03-25,1980.0,2000.0,1965.0,1970.0,28460.0
2022-03-28,1970.0,1995.0,1910.0,1960.0,26232.0
2022-03-29,1965.0,1990.0,1910.0,1945.0,46372.0
2022-03-30,1955.0,2000.0,1950.0,1995.0,80272.0
2022-03-31,2000.0,2030.0,1980.0,2020.0,57113.0
2022-04-01,1985.0,2010.0,1985.0,2000.0,43281.0
2022-04-04,2000.0,2040.0,1970.0,2015.0,41120.0
2022-04-05,2020.0,2040.0,1995.0,2030.0,42954.0
2022-04-06,2060.0,2060.0,2000.0,2020.0,40128.0
2022-04-07,2000.0,2020.0,1945.0,1955.0,61565.0
2022-04-08,1955.0,1975.0,1940.0,1960.0,32062.0
2022-04-11,1960.0,2000.0,1960.0,1970.0,42570.0
2022-04-12,1990.0,2055.0,1965.0,2020.0,165309.0
2022-04-13,2020.0,2040.0,1900.0,2000.0,80174.0
2022-04-14,2000.0,2035.0,1985.0,1990.0,41230.0
2022-04-15,2020.0,2020.0,1955.0,2005.0,56120.0
2022-04-18,1990.0,2070.0,1990.0,2035.0,81889.0
2022-04-19,2010.0,2030.0,2000.0,2015.0,55993.0
2022-04-20,2030.0,2040.0,2000.0,2035.0,65853.0
2022-04-21,2035.0,2060.0,2010.0,2050.0,91027.0
2022-04-22,2050.0,2060.0,2020.0,2055.0,72398.0
2022-04-25,2105.0,2245.0,2065.0,2160.0,1206341.0
2022-04-26,2160.0,2290.0,2125.0,2275.0,577407.0
2022-04-27,2245.0,2325.0,2175.0,2295.0,417911.0
2022-04-28,2250.0,2295.0,2180.0,2220.0,323745.0
2022-04-29,2270.0,2290.0,2170.0,2260.0,133286.0
2022-05-03,2230.0,2240.0,2195.0,2200.0,66215.0
2022-05-04,2220.0,2370.0,2215.0,2300.0,390641.0
2022-05-06,2290.0,2295.0,2205.0,2230.0,103722.0
2022-05-10,2155.0,2160.0,2055.0,2160.0,128982.0
2022-05-11,2125.0,2180.0,2115.0,2160.0,44405.0
2022-05-12,2150.0,2300.0,2080.0,2190.0,249114.0
2022-05-13,2190.0,2270.0,2190.0,2255.0,89060.0
2022-05-16,2290.0,2290.0,2140.0,2180.0,85191.0
2022-05-17,2180.0,2330.0,2155.0,2275.0,335636.0
2022-05-18,2280.0,2280.0,2175.0,2215.0,145366.0
2022-05-19,2150.0,2245.0,2135.0,2220.0,83037.0
2022-05-20,2220.0,2255.0,2190.0,2210.0,69996.0
2022-05-23,2235.0,2235.0,2150.0,2220.0,49870.0
2022-05-24,2225.0,2225.0,2150.0,2150.0,52387.0
2022-05-25,2150.0,2155.0,2115.0,2130.0,39485.0
2022-05-26,2130.0,2150.0,2085.0,2085.0,51118.0
2022-05-27,2085.0,2150.0,2080.0,2130.0,34561.0
2022-05-30,2130.0,2190.0,2085.0,2175.0,49182.0
2022-05-31,2155.0,2195.0,2140.0,2170.0,19741.0
2022-06-02,2170.0,2200.0,2140.0,2170.0,19953.0
2022-06-03,2170.0,2355.0,2155.0,2180.0,551569.0
2022-06-07,2200.0,2200.0,2110.0,2110.0,129459.0
2022-06-08,2105.0,2160.0,2085.0,2115.0,58944.0
2022-06-09,2115.0,2120.0,2000.0,2045.0,154787.0
2022-06-10,2045.0,2060.0,1995.0,2005.0,60885.0
2022-06-13,1990.0,2025.0,1910.0,1910.0,79031.0
2022-06-14,1910.0,1985.0,1850.0,1935.0,102965.0
2022-06-15,1900.0,2040.0,1900.0,1980.0,109768.0
2022-06-16,1995.0,2070.0,1980.0,1985.0,78125.0
2022-06-17,1985.0,2000.0,1920.0,1980.0,51157.0
2022-06-20,2000.0,2005.0,1820.0,1865.0,111258.0
2022-06-21,1885.0,1910.0,1845.0,1865.0,39637.0
2022-06-22,1875.0,1930.0,1770.0,1810.0,86987.0
2022-06-23,1810.0,1810.0,1685.0,1685.0,75955.0
2022-06-24,1705.0,1780.0,1705.0,1775.0,33381.0
2022-06-27,1775.0,1835.0,1760.0,1810.0,54086.0
2022-06-28,1820.0,1845.0,1785.0,1810.0,41843.0
2022-06-29,1770.0,1815.0,1750.0,1785.0,34427.0
2022-06-30,1785.0,1785.0,1730.0,1745.0,19226.0
2022-07-01,1745.0,1760.0,1635.0,1680.0,86238.0
2022-07-04,1675.0,1675.0,1590.0,1660.0,76494.0
2022-07-05,1645.0,1700.0,1600.0,1695.0,43590.0
2022-07-06,1695.0,1745.0,1640.0,1690.0,20500.0
2022-07-07,1690.0,2195.0,1685.0,1850.0,5628259.0
2022-07-08,1830.0,1835.0,1765.0,1795.0,450258.0
2022-07-11,1790.0,1805.0,1775.0,1795.0,171931.0
2022-07-12,1780.0,1790.0,1660.0,1660.0,301820.0
2022-07-13,1660.0,1695.0,1650.0,1655.0,102762.0
2022-07-14,1675.0,1760.0,1655.0,1680.0,155917.0
2022-07-15,1660.0,1695.0,1650.0,1650.0,87929.0
2022-07-18,1650.0,1750.0,1650.0,1675.0,94409.0
2022-07-19,1705.0,1735.0,1685.0,1730.0,112917.0
2022-07-20,1740.0,1760.0,1715.0,1725.0,95041.0
2022-07-21,1725.0,1750.0,1685.0,1720.0,93646.0
2022-07-22,1720.0,1770.0,1695.0,1705.0,123886.0
2022-07-25,1750.0,1790.0,1705.0,1745.0,109998.0
2022-07-26,1745.0,1745.0,1705.0,1725.0,35569.0
2022-07-27,1735.0,1735.0,1705.0,1735.0,33249.0
2022-07-28,1750.0,1750.0,1720.0,1730.0,48306.0
2022-07-29,1745.0,1820.0,1725.0,1740.0,246853.0
2022-08-01,1750.0,1795.0,1730.0,1740.0,152168.0
2022-08-02,1750.0,2150.0,1715.0,1835.0,4232224.0
2022-08-03,1815.0,1980.0,1810.0,1890.0,1348302.0
2022-08-04,1910.0,1915.0,1875.0,1895.0,149768.0
2022-08-05,1875.0,1915.0,1855.0,1875.0,170250.0
2022-08-08,1940.0,1940.0,1860.0,1890.0,131536.0
2022-08-09,1870.0,1885.0,1820.0,1860.0,103046.0
2022-08-10,1835.0,1885.0,1820.0,1840.0,91874.0
2022-08-11,1845.0,1875.0,1840.0,1865.0,80714.0
2022-08-12,1865.0,1890.0,1835.0,1865.0,88362.0
2022-08-16,1855.0,1905.0,1850.0,1905.0,114699.0
2022-08-17,1925.0,1925.0,1840.0,1890.0,148298.0
2022-08-18,1890.0,1900.0,1840.0,1900.0,121207.0
2022-08-19,1900.0,2010.0,1875.0,1905.0,189391.0
2022-08-22,1900.0,1900.0,1850.0,1870.0,84821.0
2022-08-23,1870.0,1870.0,1810.0,1820.0,64564.0
2022-08-24,1820.0,1875.0,1780.0,1875.0,80245.0
2022-08-25,1890.0,1895.0,1860.0,1865.0,72852.0
2022-08-26,1880.0,1915.0,1865.0,1880.0,89961.0
2022-08-29,1880.0,1880.0,1760.0,1760.0,120786.0
2022-08-30,1760.0,1795.0,1740.0,1795.0,67966.0
2022-08-31,1800.0,1835.0,1765.0,1795.0,84767.0
2022-09-01,1810.0,1830.0,1720.0,1720.0,65038.0
2022-09-02,1720.0,1780.0,1720.0,1725.0,74466.0
2022-09-05,1730.0,1795.0,1710.0,1785.0,67502.0
2022-09-06,1785.0,1960.0,1755.0,1865.0,617617.0
2022-09-07,1895.0,1950.0,1845.0,1870.0,267358.0
2022-09-08,1870.0,1920.0,1810.0,1860.0,138268.0
2022-09-13,1880.0,1985.0,1860.0,1920.0,300716.0
2022-09-14,1900.0,1900.0,1810.0,1860.0,146236.0
2022-09-15,1860.0,2010.0,1860.0,1975.0,509205.0
2022-09-16,1975.0,2155.0,1940.0,2085.0,702421.0
2022-09-19,2140.0,2360.0,1890.0,1980.0,2635148.0
2022-09-20,1980.0,2035.0,1950.0,2005.0,285052.0
2022-09-21,2000.0,2045.0,1960.0,2035.0,165516.0
2022-09-22,1970.0,2015.0,1925.0,1980.0,127732.0
2022-09-23,1965.0,1970.0,1880.0,1940.0,153746.0
2022-09-26,1910.0,1915.0,1825.0,1855.0,105261.0
2022-09-27,1835.0,1880.0,1800.0,1865.0,121158.0
2022-09-28,1865.0,1910.0,1765.0,1800.0,142815.0
2022-09-29,1815.0,1880.0,1795.0,1795.0,87056.0
2022-09-30,1770.0,1850.0,1740.0,1810.0,68117.0
2022-10-04,1810.0,1865.0,1810.0,1850.0,74897.0
2022-10-05,1850.0,1905.0,1775.0,1830.0,101942.0
2022-10-06,1815.0,1940.0,1810.0,1875.0,123397.0
2022-10-07,1875.0,1910.0,1850.0,1900.0,56468.0
2022-10-11,1880.0,1995.0,1790.0,1790.0,301781.0
2022-10-12,1780.0,1850.0,1745.0,1780.0,115953.0
2022-10-13,1770.0,1770.0,1650.0,1680.0,110663.0
2022-10-14,1680.0,1785.0,1680.0,1735.0,273625.0
2022-10-17,1720.0,2200.0,1695.0,1945.0,6192775.0
2022-10-18,1945.0,1965.0,1885.0,1945.0,688482.0
2022-10-19,1945.0,2005.0,1850.0,1900.0,929117.0
2022-10-20,1875.0,1905.0,1815.0,1850.0,324160.0
2022-10-21,1815.0,1860.0,1765.0,1790.0,253600.0
2022-10-24,1805.0,1980.0,1785.0,1790.0,601159.0
2022-10-25,1815.0,1890.0,1800.0,1865.0,318045.0
2022-10-26,1890.0,1905.0,1840.0,1880.0,224604.0
2022-10-27,1880.0,1915.0,1870.0,1895.0,124040.0
2022-10-28,1920.0,1945.0,1880.0,1930.0,188096.0
2022-10-31,1925.0,1940.0,1885.0,1920.0,92457.0
2022-11-01,1920.0,1930.0,1875.0,1915.0,106527.0
2022-11-02,1895.0,1910.0,1880.0,1900.0,60953.0
2022-11-03,1845.0,1920.0,1845.0,1900.0,84659.0
2022-11-04,1865.0,1920.0,1865.0,1910.0,55414.0
2022-11-07,1920.0,1930.0,1900.0,1925.0,63155.0
2022-11-08,1925.0,1975.0,1900.0,1950.0,105354.0
2022-11-09,1955.0,1980.0,1930.0,1950.0,99788.0
2022-11-10,1930.0,1960.0,1920.0,1935.0,65242.0
2022-11-11,1960.0,2010.0,1945.0,1985.0,273576.0
2022-11-14,1940.0,2130.0,1935.0,2015.0,1339085.0
2022-11-15,2020.0,2055.0,1910.0,1990.0,320981.0
2022-11-16,1985.0,1985.0,1915.0,1945.0,214702.0
2022-11-17,1930.0,1940.0,1885.0,1910.0,184899.0
2022-11-18,1910.0,1955.0,1875.0,1895.0,130998.0
2022-11-21,1895.0,1905.0,1850.0,1855.0,122150.0
2022-11-22,1855.0,1855.0,1815.0,1825.0,65819.0
2022-11-23,1820.0,1855.0,1820.0,1840.0,61467.0
2022-11-24,1840.0,1900.0,1840.0,1890.0,103357.0
2022-11-25,1875.0,1890.0,1820.0,1850.0,105301.0
2022-11-28,1850.0,1850.0,1800.0,1810.0,116379.0
2022-11-29,1800.0,1830.0,1800.0,1825.0,121287.0
2022-11-30,1825.0,1840.0,1800.0,1825.0,94071.0
2022-12-01,1825.0,1945.0,1825.0,1855.0,449503.0
2022-12-02,1855.0,1865.0,1830.0,1850.0,91225.0
2022-12-05,1850.0,1890.0,1830.0,1840.0,113300.0
2022-12-06,1835.0,1845.0,1800.0,1830.0,159367.0
2022-12-07,1805.0,1825.0,1790.0,1805.0,87205.0
2022-12-08,1790.0,1805.0,1725.0,1760.0,190856.0
2022-12-09,1755.0,1770.0,1685.0,1740.0,129646.0
2022-12-12,1730.0,1740.0,1710.0,1715.0,65697.0
2022-12-13,1715.0,1750.0,1710.0,1735.0,64737.0
2022-12-14,1740.0,1790.0,1735.0,1780.0,66717.0
2022-12-15,1780.0,1780.0,1750.0,1770.0,59231.0
2022-12-16,1745.0,1785.0,1725.0,1780.0,52220.0
2022-12-19,1765.0,1780.0,1745.0,1775.0,33963.0
2022-12-20,1775.0,1800.0,1725.0,1760.0,81369.0
2022-12-21,1775.0,1775.0,1700.0,1720.0,69951.0
2022-12-22,1720.0,1765.0,1720.0,1745.0,85432.0
2022-12-23,1740.0,1745.0,1650.0,1690.0,133545.0
2022-12-26,1670.0,1685.0,1640.0,1650.0,92817.0
2022-12-27,1650.0,1705.0,1630.0,1690.0,62412.0
2022-12-28,1690.0,1700.0,1645.0,1670.0,49017.0
2022-12-29,1650.0,1670.0,1600.0,1620.0,134288.0
2023-01-02,1620.0,1660.0,1605.0,1625.0,60805.0
2023-01-03,1610.0,1670.0,1600.0,1660.0,60586.0
2023-01-04,1650.0,1810.0,1650.0,1795.0,623982.0
2023-01-05,1770.0,1815.0,1770.0,1795.0,153475.0
2023-01-06,1790.0,1945.0,1780.0,1935.0,638394.0
2023-01-09,1955.0,2025.0,1955.0,2010.0,389351.0
2023-01-10,2005.0,2025.0,1905.0,1980.0,350674.0
2023-01-11,1970.0,2010.0,1960.0,1965.0,116576.0
2023-01-12,1955.0,2010.0,1900.0,1990.0,226159.0
2023-01-13,1970.0,2000.0,1970.0,1995.0,93007.0
2023-01-16,1980.0,2090.0,1980.0,2085.0,339537.0
2023-01-17,2150.0,2180.0,2105.0,2145.0,421116.0
2023-01-18,2155.0,2295.0,2145.0,2290.0,734429.0
2023-01-19,2260.0,2665.0,2230.0,2315.0,3913990.0
2023-01-20,2340.0,2375.0,2290.0,2310.0,519381.0
2023-01-25,2300.0,2340.0,2215.0,2250.0,1553508.0
2023-01-26,2270.0,2360.0,2230.0,2310.0,406328.0
2023-01-27,2320.0,2380.0,2255.0,2330.0,332960.0
2023-01-30,2400.0,2455.0,2375.0,2420.0,429431.0
2023-01-31,2410.0,2465.0,2360.0,2425.0,194867.0
2023-02-01,2440.0,2440.0,2285.0,2285.0,472669.0
2023-02-02,2320.0,2340.0,2230.0,2315.0,195176.0
2023-02-03,2295.0,2305.0,2240.0,2260.0,238773.0
2023-02-06,2260.0,2460.0,2210.0,2325.0,938545.0
2023-02-07,2350.0,2485.0,2295.0,2425.0,649209.0
2023-02-08,2500.0,2500.0,2305.0,2350.0,395594.0
2023-02-09,2330.0,2395.0,2290.0,2375.0,154980.0
2023-02-10,2380.0,2400.0,2255.0,2345.0,298843.0
2023-02-13,2405.0,2550.0,2360.0,2470.0,1029728.0
2023-02-14,2550.0,2590.0,2445.0,2495.0,740839.0
2023-02-15,2545.0,2590.0,2370.0,2420.0,1035217.0
2023-02-16,2420.0,2445.0,2380.0,2410.0,289615.0
2023-02-17,2380.0,2400.0,2320.0,2355.0,295682.0
2023-02-20,2385.0,2725.0,2385.0,2655.0,3306834.0
2023-02-21,2690.0,2695.0,2580.0,2605.0,972592.0
2023-02-22,2550.0,2900.0,2510.0,2840.0,2971947.0
2023-02-23,2845.0,2850.0,2650.0,2655.0,1082881.0
2023-02-24,2720.0,2730.0,2610.0,2680.0,607053.0
2023-02-27,2245.0,2350.0,2055.0,2165.0,2583310.0
2023-02-28,2165.0,2165.0,2015.0,2065.0,1302297.0
2023-03-02,2050.0,2170.0,2020.0,2140.0,686641.0
2023-03-03,2160.0,2280.0,2145.0,2280.0,875494.0
2023-03-06,2325.0,2490.0,2320.0,2465.0,1221395.0
2023-03-07,2500.0,2500.0,2360.0,2430.0,634534.0
2023-03-08,2420.0,2470.0,2350.0,2410.0,389731.0
2023-03-09,2430.0,2445.0,2295.0,2325.0,398782.0
2023-03-10,2345.0,2450.0,2300.0,2385.0,560470.0
2023-03-13,2405.0,2405.0,2270.0,2395.0,445408.0
2023-03-14,2360.0,2375.0,2240.0,2285.0,460622.0
2023-03-15,2295.0,2345.0,2215.0,2260.0,393632.0
2023-03-16,2300.0,2710.0,2275.0,2550.0,5669944.0
2023-03-17,2590.0,2875.0,2500.0,2540.0,3810308.0
2023-03-20,2520.0,2760.0,2435.0,2725.0,1667901.0
2023-03-21,2750.0,2775.0,2660.0,2695.0,849446.0
2023-03-22,2745.0,2840.0,2700.0,2735.0,964523.0
2023-03-23,2735.0,2995.0,2625.0,2875.0,1865745.0
2023-03-24,2875.0,2900.0,2745.0,2820.0,716936.0
2023-03-27,2780.0,2940.0,2745.0,2940.0,764041.0
2023-03-28,2790.0,2980.0,2705.0,2750.0,836840.0
2023-03-29,2755.0,2900.0,2685.0,2865.0,577914.0
2023-03-30,2990.0,2990.0,2820.0,2860.0,577603.0
2023-03-31,2780.0,2860.0,2740.0,2835.0,376980.0
2023-04-03,2885.0,2885.0,2670.0,2720.0,812457.0
2023-04-04,2720.0,2770.0,2570.0,2600.0,589527.0
2023-04-05,2600.0,2730.0,2520.0,2685.0,488606.0
2023-04-06,2690.0,2710.0,2630.0,2700.0,358314.0
2023-04-07,2700.0,2725.0,2620.0,2690.0,299725.0
2023-04-10,2730.0,2860.0,2730.0,2815.0,951700.0
2023-04-11,2815.0,2840.0,2590.0,2675.0,655943.0
2023-04-12,2735.0,2770.0,2480.0,2565.0,1379640.0
2023-04-13,2575.0,2635.0,2480.0,2590.0,619746.0
2023-04-14,2625.0,2680.0,2530.0,2570.0,507771.0
2023-04-17,2590.0,2630.0,2515.0,2575.0,457727.0
2023-04-18,2590.0,2780.0,2530.0,2765.0,888809.0
2023-04-19,2795.0,3590.0,2760.0,3590.0,2582007.0
2023-04-20,3945.0,4595.0,3605.0,4130.0,12934150.0
2023-04-21,4025.0,4025.0,3315.0,3315.0,2842635.0
2023-04-24,3440.0,3770.0,3200.0,3360.0,2235242.0
2023-04-25,3375.0,3425.0,3030.0,3110.0,1195197.0
2023-04-26,3100.0,3200.0,2930.0,3075.0,1002801.0
2023-04-27,3020.0,3100.0,2860.0,3045.0,987089.0
2023-04-28,3060.0,3150.0,2805.0,2860.0,902525.0
2023-05-02,2860.0,2960.0,2850.0,2875.0,623541.0
2023-05-03,2905.0,3245.0,2880.0,3050.0,2118003.0
2023-05-04,3050.0,3055.0,2880.0,2950.0,523801.0
2023-05-08,3035.0,3335.0,2965.0,2975.0,3337730.0
2023-05-09,2975.0,3020.0,2750.0,2830.0,716075.0
2023-05-10,2825.0,2900.0,2730.0,2820.0,310452.0
2023-05-11,2830.0,2910.0,2640.0,2715.0,712530.0
2023-05-12,2720.0,2730.0,2620.0,2620.0,474579.0
2023-05-15,2630.0,2630.0,2515.0,2550.0,426858.0
2023-05-16,2590.0,2605.0,2495.0,2505.0,389111.0
2023-05-17,2505.0,2625.0,2470.0,2580.0,260681.0
2023-05-18,2580.0,3200.0,2580.0,3000.0,4253879.0
2023-05-19,3015.0,3120.0,2880.0,2900.0,942917.0
2023-05-22,2800.0,2845.0,2540.0,2750.0,2051767.0
2023-05-23,2780.0,3010.0,2730.0,2840.0,1378599.0
2023-05-24,2840.0,2995.0,2685.0,2895.0,1231513.0
2023-05-25,2895.0,2895.0,2760.0,2790.0,661084.0
2023-05-26,2805.0,2850.0,2660.0,2735.0,521411.0
2023-05-30,2775.0,2895.0,2705.0,2730.0,1148223.0
2023-05-31,2730.0,2765.0,2570.0,2615.0,966785.0
2023-06-01,2660.0,2695.0,2590.0,2605.0,528935.0
2023-06-02,2610.0,2690.0,2605.0,2680.0,903848.0
2023-06-05,2725.0,2725.0,2600.0,2635.0,574739.0
2023-06-07,2635.0,2680.0,2600.0,2670.0,556794.0
2023-06-08,2670.0,2670.0,2580.0,2600.0,595820.0
2023-06-09,2605.0,2645.0,2565.0,2625.0,339491.0
2023-06-12,2645.0,2970.0,2620.0,2900.0,3943248.0
2023-06-13,2910.0,3045.0,2850.0,3000.0,2096369.0
2023-06-14,3085.0,3180.0,2820.0,2900.0,1931375.0
2023-06-15,2985.0,3150.0,2930.0,3100.0,1946325.0
2023-06-16,3110.0,3115.0,2950.0,2970.0,1195205.0
2023-06-19,2960.0,3100.0,2890.0,2965.0,1068983.0
2023-06-20,2950.0,2975.0,2865.0,2880.0,555364.0
2023-06-21,2855.0,2985.0,2835.0,2900.0,449065.0
2023-06-22,2905.0,2935.0,2825.0,2880.0,343113.0
2023-06-23,2900.0,2970.0,2865.0,2935.0,486810.0
2023-06-26,2965.0,3090.0,2840.0,2900.0,1410150.0
2023-06-27,2960.0,3750.0,2870.0,3300.0,9586668.0
2023-06-28,3305.0,3325.0,3055.0,3055.0,2083368.0
2023-06-29,3070.0,3125.0,2905.0,3060.0,992281.0
2023-06-30,3045.0,3060.0,2950.0,3020.0,654836.0
2023-07-03,3050.0,3140.0,3020.0,3045.0,795020.0
2023-07-04,3095.0,3220.0,3025.0,3220.0,1603430.0
2023-07-05,3245.0,3255.0,3155.0,3200.0,1160740.0
2023-07-06,3200.0,3200.0,3005.0,3015.0,967934.0
2023-07-07,2995.0,3150.0,2970.0,3090.0,498069.0
2023-07-10,3090.0,3260.0,2965.0,3165.0,1176487.0
2023-07-12,3200.0,3565.0,3180.0,3455.0,5243980.0
2023-07-13,3455.0,3520.0,3305.0,3500.0,2063229.0
2023-07-14,3500.0,3625.0,3285.0,3600.0,1807427.0
2023-07-17,3610.0,3940.0,3530.0,3750.0,3293135.0
2023-07-18,3690.0,3890.0,3570.0,3840.0,1684854.0
2023-07-19,3840.0,3885.0,3680.0,3835.0,1184006.0
2023-07-20,3880.0,4575.0,3855.0,4320.0,5880038.0
2023-07-21,4300.0,4460.0,4050.0,4400.0,2265518.0
2023-07-24,4430.0,5720.0,4420.0,5720.0,8832979.0
2023-07-25,5720.0,7290.0,5650.0,5830.0,17817710.0
2023-07-26,5870.0,5900.0,4645.0,4930.0,8318780.0
2023-07-27,4920.0,5530.0,4450.0,5070.0,4666366.0
2023-07-28,5000.0,5490.0,4640.0,5380.0,3251594.0
2023-07-31,5600.0,5640.0,5200.0,5400.0,2205162.0
2023-08-01,5320.0,5470.0,5120.0,5270.0,1504550.0
2023-08-02,5120.0,5890.0,4990.0,5050.0,4050082.0
2023-08-03,4970.0,5050.0,4600.0,4735.0,1769941.0
2023-08-04,4745.0,5180.0,4505.0,4990.0,1812791.0
2023-08-07,5080.0,5100.0,4350.0,4450.0,1854179.0
2023-08-08,4420.0,4460.0,4000.0,4215.0,1733521.0
2023-08-09,4200.0,4235.0,4030.0,4060.0,1063909.0
2023-08-10,4075.0,4145.0,3880.0,3955.0,999352.0
2023-08-11,3950.0,3975.0,3780.0,3860.0,1047051.0
2023-08-14,3860.0,4050.0,3655.0,4020.0,1786976.0
2023-08-16,4070.0,4075.0,3695.0,3750.0,1236278.0
2023-08-17,3755.0,3995.0,3605.0,3935.0,1178235.0
2023-08-18,3960.0,3970.0,3795.0,3915.0,479296.0
2023-08-21,3800.0,4160.0,3800.0,4040.0,970324.0
2023-08-22,4150.0,4150.0,3935.0,4000.0,546217.0
2023-08-23,4010.0,4325.0,3925.0,4180.0,2196092.0
2023-08-24,4505.0,4870.0,4225.0,4370.0,5078932.0
2023-08-25,4315.0,4370.0,4180.0,4260.0,743518.0
2023-08-28,4390.0,4395.0,4225.0,4225.0,569537.0
2023-08-29,4155.0,4160.0,3935.0,3970.0,1280223.0
2023-08-30,4000.0,4160.0,4000.0,4035.0,682345.0
2023-08-31,4060.0,4090.0,3970.0,4035.0,391461.0
2023-09-01,4035.0,4050.0,3945.0,4010.0,423429.0
2023-09-04,4035.0,4200.0,3970.0,4125.0,583261.0
2023-09-05,4185.0,4190.0,3900.0,4095.0,414484.0
2023-09-06,4105.0,4190.0,3995.0,4000.0,422583.0
2023-09-07,4000.0,4045.0,3850.0,3865.0,527325.0
2023-09-08,3845.0,3945.0,3750.0,3830.0,390622.0
2023-09-11,3830.0,3830.0,3650.0,3715.0,474859.0
2023-09-12,3700.0,3760.0,3570.0,3595.0,514037.0
2023-09-13,3580.0,3630.0,3485.0,3540.0,444304.0
2023-09-14,3540.0,3650.0,3475.0,3615.0,264544.0
2023-09-15,3675.0,3730.0,3550.0,3665.0,359842.0
2023-09-18,3665.0,3665.0,3480.0,3485.0,315738.0
2023-09-19,3485.0,3530.0,3350.0,3350.0,364469.0
2023-09-20,3350.0,3500.0,3310.0,3500.0,203590.0
2023-09-21,3580.0,3580.0,3310.0,3315.0,320074.0
2023-09-22,3280.0,3345.0,3180.0,3270.0,214340.0
2023-09-25,3270.0,3270.0,3100.0,3135.0,325382.0
2023-09-26,3075.0,3200.0,3035.0,3040.0,391910.0
2023-09-27,3000.0,3200.0,3000.0,3185.0,316080.0
2023-10-04,3185.0,3195.0,2905.0,2925.0,462566.0
2023-10-05,2950.0,3055.0,2895.0,2895.0,425116.0
2023-10-06,2920.0,3050.0,2900.0,2995.0,287998.0
2023-10-10,2995.0,3025.0,2725.0,2745.0,688554.0
2023-10-11,2770.0,2925.0,2770.0,2895.0,283792.0
2023-10-12,2895.0,3070.0,2895.0,3025.0,377546.0
2023-10-13,3095.0,3100.0,2945.0,2990.0,362777.0
2023-10-16,2920.0,2920.0,2720.0,2850.0,350434.0
2023-10-17,2870.0,3100.0,2870.0,2955.0,577081.0
2023-10-18,2925.0,2965.0,2750.0,2790.0,555901.0
2023-10-19,2715.0,2780.0,2620.0,2620.0,454326.0
2023-10-20,2550.0,2580.0,2380.0,2485.0,661772.0
2023-10-23,2485.0,2560.0,2435.0,2465.0,252297.0
2023-10-24,2450.0,2515.0,2305.0,2425.0,791850.0
2023-10-25,2430.0,2480.0,2260.0,2270.0,575092.0
2023-10-26,2200.0,2250.0,2140.0,2155.0,532517.0
2023-10-27,2155.0,2270.0,2110.0,2200.0,380948.0
2023-10-30,2200.0,2230.0,2100.0,2165.0,300621.0
2023-10-31,2170.0,2220.0,2020.0,2065.0,355945.0
2023-11-01,2070.0,2140.0,2020.0,2065.0,278375.0
2023-11-02,2160.0,2280.0,2130.0,2250.0,451182.0
2023-11-03,2310.0,2340.0,2175.0,2275.0,357190.0
2023-11-06,2405.0,2490.0,2310.0,2470.0,755512.0
2023-11-07,2490.0,2490.0,2230.0,2270.0,641532.0
2023-11-08,2270.0,2330.0,2160.0,2185.0,303741.0
2023-11-09,2185.0,2210.0,2100.0,2100.0,235580.0
2023-11-10,2085.0,2105.0,2050.0,2065.0,233283.0
2023-11-13,2045.0,2115.0,1970.0,2030.0,453133.0
2023-11-14,2045.0,2140.0,2045.0,2090.0,237722.0
2023-11-15,2170.0,2220.0,2100.0,2115.0,266116.0
2023-11-16,2115.0,2155.0,2085.0,2120.0,127084.0
2023-11-17,2120.0,2120.0,2015.0,2050.0,227998.0
2023-11-20,2050.0,2150.0,2030.0,2105.0,256348.0
2023-11-21,2150.0,2150.0,2085.0,2100.0,137220.0
2023-11-22,2090.0,2120.0,2075.0,2085.0,156938.0
2023-11-23,2150.0,2160.0,2070.0,2120.0,275976.0
2023-11-24,2120.0,2120.0,2050.0,2105.0,136469.0
2023-11-27,2125.0,2125.0,2045.0,2055.0,250461.0
2023-11-28,2045.0,2095.0,2030.0,2060.0,150666.0
2023-11-29,2060.0,2110.0,2020.0,2090.0,241044.0
2023-11-30,2090.0,2225.0,2080.0,2175.0,699931.0
2023-12-01,2175.0,2175.0,2080.0,2105.0,277973.0
2023-12-04,2085.0,2105.0,2050.0,2055.0,242663.0
2023-12-05,2055.0,2080.0,2010.0,2030.0,229929.0
2023-12-06,2035.0,2060.0,2000.0,2030.0,136357.0
2023-12-07,2040.0,2040.0,1979.0,2000.0,232629.0
2023-12-08,2005.0,2030.0,1984.0,2025.0,191911.0
2023-12-11,2050.0,2070.0,2015.0,2060.0,239276.0
2023-12-12,2070.0,2090.0,2020.0,2080.0,126756.0
2023-12-13,2095.0,2100.0,2010.0,2010.0,174168.0
2023-12-14,2060.0,2160.0,2020.0,2080.0,526933.0
2023-12-15,2105.0,2255.0,2090.0,2140.0,1301846.0
2023-12-18,2140.0,2205.0,2115.0,2115.0,397481.0
2023-12-19,2145.0,2175.0,2070.0,2175.0,303624.0
2023-12-20,2270.0,2810.0,2150.0,2465.0,9635384.0
2023-12-21,2450.0,2450.0,2280.0,2315.0,1272792.0
2023-12-22,2300.0,2340.0,2220.0,2240.0,694867.0
2023-12-26,2215.0,2255.0,2150.0,2160.0,458359.0
2023-12-27,2145.0,2245.0,2145.0,2220.0,341449.0
2023-12-28,2200.0,2220.0,2170.0,2215.0,203820.0
2024-01-02,2215.0,2380.0,2215.0,2315.0,990665.0
2024-01-03,2300.0,2400.0,2265.0,2315.0,537256.0
2024-01-04,2340.0,2535.0,2265.0,2440.0,1938436.0
2024-01-05,2440.0,2440.0,2320.0,2380.0,956002.0
2024-01-08,2430.0,2430.0,2300.0,2375.0,359379.0
2024-01-09,2355.0,2660.0,2355.0,2520.0,3826060.0
2024-01-10,2580.0,2585.0,2450.0,2515.0,726025.0
2024-01-11,2485.0,2535.0,2430.0,2480.0,535264.0
2024-01-12,2695.0,2790.0,2430.0,2440.0,1622604.0
2024-01-15,2410.0,2430.0,2335.0,2365.0,339806.0
2024-01-16,2350.0,2410.0,2320.0,2370.0,265647.0
2024-01-17,2370.0,2370.0,2195.0,2230.0,420450.0
2024-01-18,2195.0,2360.0,2195.0,2300.0,299597.0
2024-01-19,2315.0,2500.0,2315.0,2380.0,1166233.0
2024-01-22,2380.0,2380.0,2245.0,2270.0,484860.0
2024-01-23,2300.0,2320.0,2225.0,2245.0,281239.0
2024-01-24,2240.0,2300.0,2215.0,2240.0,238213.0
2024-01-25,2240.0,2280.0,2115.0,2150.0,385477.0
2024-01-26,2155.0,2210.0,2135.0,2175.0,243904.0
2024-01-29,2190.0,2410.0,2130.0,2290.0,1321673.0
2024-01-30,2315.0,2515.0,2280.0,2300.0,1598044.0
2024-01-31,2275.0,2350.0,2240.0,2240.0,401816.0
2024-02-01,2200.0,2305.0,2190.0,2250.0,241334.0
2024-02-02,2265.0,2345.0,2255.0,2285.0,212897.0
2024-02-05,2285.0,2285.0,2205.0,2220.0,196509.0
2024-02-06,2220.0,2255.0,2090.0,2205.0,455988.0
2024-02-07,2200.0,2240.0,2160.0,2165.0,258653.0
2024-02-08,2185.0,2205.0,2140.0,2160.0,298044.0
2024-02-13,2135.0,2220.0,2120.0,2205.0,242661.0
2024-02-14,2200.0,2245.0,2115.0,2230.0,303261.0
2024-02-15,2235.0,2290.0,2195.0,2270.0,258569.0
2024-02-16,2315.0,2315.0,2230.0,2250.0,284644.0
2024-02-19,2250.0,2275.0,2190.0,2195.0,276846.0
2024-02-20,2190.0,2230.0,2160.0,2215.0,182944.0
2024-02-21,2205.0,2530.0,2190.0,2405.0,3836340.0
2024-02-22,2415.0,2435.0,2325.0,2335.0,769181.0
2024-02-23,2335.0,2345.0,2260.0,2270.0,444453.0
2024-02-26,2350.0,2460.0,2260.0,2290.0,839304.0
2024-02-27,2290.0,2315.0,2220.0,2260.0,361774.0
2024-02-28,2265.0,2305.0,2210.0,2215.0,328669.0
2024-02-29,2215.0,2305.0,2180.0,2220.0,246358.0
2024-03-04,2200.0,2320.0,2200.0,2260.0,591063.0
2024-03-05,2250.0,2250.0,2190.0,2220.0,436438.0
2024-03-06,2215.0,2215.0,2170.0,2175.0,272155.0
2024-03-07,2175.0,2545.0,2125.0,2315.0,2729986.0
2024-03-08,2300.0,2395.0,2275.0,2325.0,745255.0
2024-03-11,2305.0,2360.0,2275.0,2300.0,422546.0
2024-03-12,2320.0,2790.0,2320.0,2750.0,10746750.0
2024-03-13,2750.0,2770.0,2610.0,2675.0,3297073.0
2024-03-14,2660.0,2660.0,2515.0,2555.0,1554975.0
2024-03-15,2510.0,2515.0,2400.0,2435.0,1078762.0
2024-03-18,2450.0,2485.0,2380.0,2480.0,913162.0
2024-03-19,2480.0,2485.0,2375.0,2410.0,666829.0
2024-03-20,2425.0,2445.0,2345.0,2370.0,519573.0
2024-03-21,2405.0,2450.0,2380.0,2440.0,561501.0
2024-03-22,2440.0,2455.0,2380.0,2420.0,373808.0
2024-03-25,2445.0,2480.0,2395.0,2470.0,555969.0
2024-03-26,2470.0,2475.0,2410.0,2420.0,393531.0
2024-03-27,2415.0,2435.0,2330.0,2355.0,465645.0
2024-03-28,2370.0,2370.0,2290.0,2315.0,377658.0
2024-03-29,2310.0,2335.0,2275.0,2320.0,264681.0
2024-04-01,2340.0,2405.0,2335.0,2365.0,242393.0
2024-04-02,2375.0,2400.0,2300.0,2345.0,344257.0
2024-04-03,2335.0,2345.0,2250.0,2330.0,456202.0
2024-04-04,2330.0,2340.0,2265.0,2265.0,312456.0
2024-04-05,2225.0,2265.0,2205.0,2245.0,329805.0
2024-04-08,2245.0,2255.0,2175.0,2185.0,433703.0
2024-04-09,2205.0,2240.0,2150.0,2175.0,235467.0
2024-04-11,2145.0,2220.0,2130.0,2175.0,140659.0
2024-04-12,2195.0,2215.0,2150.0,2160.0,245209.0
2024-04-15,2120.0,2145.0,2090.0,2130.0,186447.0
2024-04-16,2130.0,2130.0,2020.0,2020.0,398291.0
2024-04-17,2070.0,2080.0,2040.0,2050.0,130430.0
2024-04-18,2050.0,2125.0,2050.0,2110.0,195883.0
2024-04-19,2115.0,2115.0,2030.0,2100.0,204670.0
2024-04-22,2085.0,2185.0,2080.0,2120.0,130948.0
2024-04-23,2120.0,2145.0,2100.0,2120.0,86139.0
2024-04-24,2145.0,2170.0,2140.0,2150.0,140693.0
2024-04-25,2150.0,2170.0,2115.0,2145.0,131592.0
2024-04-26,2145.0,2160.0,2095.0,2115.0,134405.0
2024-04-29,2135.0,2155.0,2115.0,2140.0,97301.0
2024-04-30,2150.0,2185.0,2145.0,2170.0,132389.0
2024-05-02,2175.0,2215.0,2130.0,2200.0,252007.0
2024-05-03,2210.0,2275.0,2200.0,2240.0,318811.0
2024-05-07,2255.0,2275.0,2205.0,2240.0,147497.0
2024-05-08,2240.0,2275.0,2195.0,2240.0,179991.0
2024-05-09,2240.0,2290.0,2205.0,2270.0,244008.0
2024-05-10,2270.0,2325.0,2245.0,2315.0,349210.0
2024-05-13,2315.0,2315.0,2245.0,2270.0,156176.0
2024-05-14,2270.0,2380.0,2260.0,2340.0,454813.0
2024-05-16,2360.0,2430.0,2325.0,2410.0,691435.0
2024-05-17,2420.0,2420.0,2350.0,2360.0,189628.0
2024-05-20,2360.0,2475.0,2315.0,2465.0,728210.0
2024-05-21,2465.0,2600.0,2250.0,2330.0,1965730.0
2024-05-22,2330.0,2360.0,2255.0,2295.0,483041.0
2024-05-23,2270.0,2365.0,2270.0,2350.0,262820.0
2024-05-24,2330.0,2340.0,2280.0,2300.0,228234.0
2024-05-27,2300.0,2310.0,2225.0,2290.0,418686.0
2024-05-28,2285.0,2320.0,2250.0,2285.0,232618.0
2024-05-29,2285.0,2305.0,2205.0,2210.0,369941.0
2024-05-30,2210.0,2285.0,2190.0,2240.0,222194.0
2024-05-31,2230.0,2275.0,2225.0,2240.0,155797.0
2024-06-03,2240.0,2280.0,2225.0,2250.0,105523.0
2024-06-04,2260.0,2345.0,2240.0,2315.0,341927.0
2024-06-05,2355.0,2575.0,2330.0,2485.0,3060075.0
2024-06-07,2460.0,2555.0,2435.0,2545.0,883822.0
2024-06-10,2560.0,2565.0,2450.0,2470.0,815442.0
2024-06-11,2490.0,2570.0,2410.0,2495.0,619766.0
2024-06-12,2505.0,2545.0,2465.0,2485.0,429644.0
2024-06-13,2520.0,2980.0,2520.0,2910.0,8794350.0
2024-06-14,2920.0,2950.0,2755.0,2780.0,2176965.0
2024-06-17,2775.0,2775.0,2610.0,2610.0,907024.0
2024-06-18,2615.0,2640.0,2550.0,2610.0,734459.0
2024-06-19,2600.0,2610.0,2500.0,2515.0,718661.0
2024-06-20,2545.0,2545.0,2480.0,2485.0,379079.0
2024-06-21,2485.0,2500.0,2405.0,2450.0,438065.0
2024-06-24,2445.0,2445.0,2355.0,2390.0,326153.0
2024-06-25,2390.0,2445.0,2350.0,2430.0,302637.0
2024-06-26,2415.0,2465.0,2390.0,2400.0,381819.0
2024-06-27,2450.0,2450.0,2350.0,2370.0,240297.0
2024-06-28,2370.0,2420.0,2360.0,2370.0,129114.0
2024-07-01,2370.0,2385.0,2320.0,2385.0,258010.0
2024-07-02,2385.0,2395.0,2305.0,2325.0,382748.0
2024-07-03,2335.0,2360.0,2305.0,2310.0,305079.0
2024-07-04,2330.0,2330.0,2260.0,2320.0,151437.0
2024-07-05,2310.0,2345.0,2250.0,2260.0,344214.0
2024-07-08,2260.0,2290.0,2255.0,2265.0,127070.0
2024-07-09,2270.0,2340.0,2265.0,2280.0,191193.0
2024-07-10,2300.0,2300.0,2235.0,2270.0,158227.0
2024-07-11,2295.0,2300.0,2265.0,2280.0,153638.0
2024-07-12,2275.0,2290.0,2250.0,2255.0,146392.0
2024-07-15,2255.0,2275.0,2230.0,2265.0,108751.0
2024-07-16,2265.0,2265.0,2200.0,2210.0,209725.0
2024-07-17,2210.0,2245.0,2150.0,2150.0,430763.0
2024-07-18,2130.0,2150.0,2075.0,2125.0,170205.0
2024-07-19,2120.0,2205.0,2105.0,2200.0,117071.0
2024-07-22,2200.0,2200.0,2110.0,2125.0,254153.0
2024-07-23,2130.0,2165.0,2080.0,2125.0,180263.0
2024-07-24,2105.0,2155.0,2095.0,2120.0,115962.0
2024-07-25,2095.0,2100.0,2035.0,2055.0,227547.0
2024-07-26,2040.0,2085.0,2040.0,2080.0,55403.0
2024-07-29,2060.0,2100.0,2055.0,2085.0,72785.0
2024-07-30,2100.0,2100.0,2060.0,2060.0,118254.0
2024-07-31,2045.0,2075.0,2025.0,2060.0,140292.0
2024-08-01,2065.0,2110.0,2065.0,2095.0,103540.0
2024-08-02,2060.0,2065.0,1920.0,1942.0,737088.0
2024-08-05,1880.0,1880.0,1600.0,1677.0,559400.0
2024-08-06,1621.0,1809.0,1621.0,1789.0,286530.0
2024-08-07,1735.0,1855.0,1735.0,1789.0,184555.0
2024-08-08,1780.0,1789.0,1722.0,1749.0,155462.0
2024-08-09,1770.0,1831.0,1770.0,1810.0,146973.0
2024-08-12,1810.0,1903.0,1810.0,1902.0,197443.0
2024-08-13,1902.0,1902.0,1836.0,1883.0,88641.0
2024-08-14,1900.0,2030.0,1899.0,2030.0,265497.0
2024-08-16,2080.0,2240.0,2050.0,2185.0,579808.0
2024-08-19,2155.0,2195.0,2135.0,2180.0,182074.0
2024-08-20,2180.0,2230.0,2150.0,2225.0,153726.0
2024-08-21,2285.0,2285.0,2175.0,2180.0,175669.0
2024-08-22,2180.0,2240.0,2150.0,2200.0,131509.0
2024-08-23,2200.0,2260.0,2170.0,2235.0,188807.0
2024-08-26,2240.0,2260.0,2170.0,2185.0,95207.0
2024-08-27,2160.0,2200.0,2110.0,2185.0,109096.0
2024-08-28,2165.0,2230.0,2150.0,2215.0,113371.0
2024-08-29,2210.0,2225.0,2175.0,2210.0,102731.0
2024-08-30,2210.0,2240.0,2180.0,2210.0,58593.0
2024-09-02,2210.0,2270.0,2170.0,2220.0,161552.0
2024-09-03,2215.0,2270.0,2200.0,2205.0,74301.0
2024-09-04,2160.0,2160.0,2050.0,2115.0,157559.0
2024-09-05,2160.0,2180.0,2050.0,2135.0,157048.0
2024-09-06,2150.0,2150.0,2025.0,2040.0,165119.0
2024-09-09,1998.0,2065.0,1958.0,2050.0,108235.0
2024-09-10,2070.0,2070.0,2005.0,2020.0,85431.0
2024-09-11,2020.0,2075.0,2000.0,2025.0,75935.0
2024-09-12,2025.0,2125.0,2025.0,2085.0,103490.0
2024-09-13,2090.0,2090.0,2035.0,2065.0,62961.0
2024-09-19,2065.0,2095.0,2005.0,2065.0,83088.0
2024-09-20,2050.0,2110.0,2035.0,2070.0,84073.0
2024-09-23,2070.0,2080.0,2000.0,2070.0,72166.0
2024-09-24,2070.0,2140.0,2050.0,2090.0,140402.0
2024-09-25,2120.0,2125.0,2075.0,2100.0,63879.0
2024-09-26,2100.0,2155.0,2095.0,2150.0,103703.0
2024-09-27,2150.0,2170.0,2125.0,2145.0,68148.0
2024-09-30,2125.0,2130.0,2065.0,2090.0,69941.0
2024-10-02,2085.0,2085.0,1994.0,2070.0,96996.0
2024-10-04,2070.0,2090.0,2015.0,2075.0,101637.0
2024-10-07,2075.0,2240.0,2060.0,2130.0,701993.0
2024-10-08,2130.0,2150.0,2085.0,2145.0,117801.0
2024-10-10,2190.0,2190.0,2045.0,2080.0,147655.0
2024-10-11,2060.0,2085.0,2010.0,2050.0,211173.0
2024-10-14,2030.0,2065.0,2000.0,2025.0,102016.0
2024-10-15,2025.0,2045.0,1993.0,2005.0,176093.0
2024-10-16,1990.0,2015.0,1990.0,2005.0,49181.0
2024-10-17,1988.0,2010.0,1980.0,1982.0,107171.0
2024-10-18,1982.0,1984.0,1907.0,1936.0,177437.0
2024-10-21,1936.0,1945.0,1920.0,1924.0,47518.0
2024-10-22,1911.0,1924.0,1855.0,1871.0,201254.0
2024-10-23,1871.0,1917.0,1855.0,1910.0,80599.0
2024-10-24,1910.0,1910.0,1865.0,1886.0,57918.0
2024-10-25,1887.0,1902.0,1880.0,1896.0,56846.0
2024-10-28,1890.0,1904.0,1879.0,1902.0,64447.0
2024-10-29,1914.0,1915.0,1875.0,1875.0,92267.0
2024-10-31,1875.0,1879.0,1811.0,1873.0,92227.0
2024-11-01,1854.0,1860.0,1825.0,1838.0,98234.0
2024-11-04,1838.0,1868.0,1830.0,1864.0,50459.0
2024-11-05,1865.0,1912.0,1859.0,1898.0,83304.0
2024-11-06,1898.0,1907.0,1820.0,1829.0,105167.0
2024-11-07,1829.0,1829.0,1790.0,1813.0,130029.0
2024-11-08,1815.0,1860.0,1798.0,1829.0,60150.0
2024-11-11,1831.0,1833.0,1754.0,1780.0,171199.0
2024-11-12,1780.0,1790.0,1650.0,1671.0,195181.0
2024-11-13,1671.0,1671.0,1581.0,1581.0,209335.0
2024-11-14,1570.0,1588.0,1470.0,1480.0,308813.0
2024-11-15,1470.0,1506.0,1350.0,1455.0,441120.0
2024-11-18,1440.0,1507.0,1435.0,1480.0,136586.0
2024-11-19,1480.0,1508.0,1440.0,1508.0,111790.0
2024-11-20,1473.0,1509.0,1473.0,1495.0,70421.0
2024-11-21,1495.0,1501.0,1460.0,1494.0,72343.0
2024-11-22,1480.0,1515.0,1479.0,1490.0,92758.0
2024-11-25,1490.0,1527.0,1490.0,1525.0,62821.0
2024-11-26,1538.0,1541.0,1517.0,1537.0,66951.0
2024-11-27,1548.0,1548.0,1496.0,1514.0,50471.0
2024-11-28,1540.0,1540.0,1470.0,1471.0,114337.0
2024-11-29,1470.0,1470.0,1401.0,1418.0,138186.0
2024-12-02,1418.0,1430.0,1361.0,1384.0,141432.0
2024-12-03,1384.0,1445.0,1384.0,1392.0,126693.0
2024-12-04,1380.0,1380.0,1310.0,1332.0,153304.0
2024-12-05,1332.0,1333.0,1280.0,1300.0,190724.0
2024-12-06,1300.0,1300.0,1153.0,1267.0,325737.0
2024-12-09,1267.0,1267.0,1150.0,1150.0,206840.0
2024-12-10,1150.0,1262.0,1150.0,1260.0,322440.0
2024-12-11,1248.0,1316.0,1248.0,1300.0,108169.0
2024-12-12,1300.0,1313.0,1284.0,1312.0,108024.0
2024-12-13,1300.0,1333.0,1299.0,1333.0,59199.0
2024-12-16,1341.0,1352.0,1332.0,1348.0,74648.0
2024-12-17,1338.0,1348.0,1305.0,1311.0,69401.0
2024-12-18,1311.0,1347.0,1302.0,1346.0,62705.0
2024-12-19,1325.0,1335.0,1305.0,1321.0,59328.0
2024-12-20,1310.0,1320.0,1251.0,1253.0,71331.0
2024-12-23,1260.0,1302.0,1260.0,1291.0,84969.0
2024-12-24,1292.0,1311.0,1270.0,1279.0,43337.0
2024-12-26,1270.0,1288.0,1260.0,1269.0,66427.0
2024-12-27,1260.0,1260.0,1211.0,1240.0,62002.0
2024-12-30,1237.0,1277.0,1211.0,1265.0,44753.0
2025-01-02,1253.0,1297.0,1253.0,1297.0,47785.0
2025-01-03,1297.0,1340.0,1285.0,1331.0,94253.0
2025-01-06,1334.0,1378.0,1321.0,1376.0,79194.0
2025-01-07,1361.0,1380.0,1330.0,1360.0,59737.0
2025-01-08,1328.0,1356.0,1325.0,1356.0,48326.0
2025-01-09,1360.0,1363.0,1324.0,1363.0,37278.0
2025-01-10,1369.0,1377.0,1329.0,1351.0,59430.0
2025-01-13,1351.0,1351.0,1325.0,1335.0,23131.0
2025-01-14,1337.0,1345.0,1300.0,1330.0,41764.0
2025-01-15,1330.0,1404.0,1305.0,1317.0,52491.0
2025-01-16,1318.0,1355.0,1318.0,1353.0,74906.0
2025-01-17,1354.0,1359.0,1320.0,1342.0,49703.0
2025-01-20,1340.0,1350.0,1309.0,1348.0,72718.0
2025-01-21,1355.0,1358.0,1320.0,1334.0,47765.0
2025-01-22,1345.0,1345.0,1290.0,1329.0,75248.0
2025-01-23,1329.0,1335.0,1291.0,1329.0,53015.0
2025-01-24,1321.0,1329.0,1310.0,1324.0,33543.0
2025-01-31,1324.0,1430.0,1270.0,1430.0,371198.0
2025-02-03,1430.0,1508.0,1311.0,1347.0,425581.0
2025-02-04,1347.0,1365.0,1300.0,1313.0,174913.0
2025-02-05,1313.0,1317.0,1303.0,1311.0,100970.0
2025-02-06,1310.0,1324.0,1304.0,1311.0,68827.0
2025-02-07,1311.0,1473.0,1297.0,1363.0,604466.0
2025-02-10,1363.0,1369.0,1301.0,1333.0,133109.0
2025-02-11,1340.0,1530.0,1336.0,1471.0,1171700.0
2025-02-12,1485.0,1880.0,1455.0,1870.0,9502877.0
2025-02-13,1876.0,2165.0,1831.0,1863.0,6342454.0
2025-02-14,1920.0,1922.0,1729.0,1780.0,1024969.0
2025-02-17,1786.0,1850.0,1754.0,1773.0,717296.0
2025-02-18,1768.0,1768.0,1710.0,1730.0,442161.0
2025-02-19,1727.0,1741.0,1652.0,1703.0,502658.0
2025-02-20,1670.0,1715.0,1663.0,1677.0,220497.0
2025-02-21,1661.0,1705.0,1650.0,1705.0,183765.0
2025-02-24,1651.0,1685.0,1641.0,1673.0,172445.0
2025-02-25,1673.0,1727.0,1662.0,1677.0,201197.0
2025-02-26,1692.0,1794.0,1690.0,1750.0,564553.0
2025-02-27,1755.0,1755.0,1677.0,1681.0,241855.0
2025-02-28,1679.0,1679.0,1607.0,1628.0,159257.0
2025-03-04,1617.0,1618.0,1530.0,1567.0,123285.0
2025-03-05,1567.0,1595.0,1551.0,1584.0,66381.0
2025-03-06,1585.0,1605.0,1555.0,1560.0,105705.0
2025-03-07,1562.0,1573.0,1534.0,1534.0,97691.0
2025-03-10,1534.0,1564.0,1506.0,1542.0,73232.0
2025-03-11,1500.0,1555.0,1482.0,1541.0,79518.0
2025-03-12,1541.0,1596.0,1526.0,1586.0,70148.0
2025-03-13,1586.0,1609.0,1570.0,1570.0,60946.0
2025-03-14,1572.0,1596.0,1550.0,1557.0,81597.0
2025-03-17,1481.0,1574.0,1480.0,1549.0,77299.0
2025-03-18,1549.0,1555.0,1530.0,1540.0,49070.0
2025-03-19,1542.0,1605.0,1517.0,1573.0,80836.0
2025-03-20,1573.0,1600.0,1560.0,1582.0,85273.0
2025-03-21,1582.0,1582.0,1540.0,1581.0,58777.0
2025-03-24,1581.0,1582.0,1554.0,1570.0,40710.0
2025-03-25,1570.0,1669.0,1545.0,1669.0,210398.0
2025-03-26,1675.0,1676.0,1620.0,1662.0,173693.0
2025-03-27,1622.0,1678.0,1619.0,1650.0,80863.0
2025-03-28,1632.0,1644.0,1583.0,1583.0,98404.0
2025-03-31,1575.0,1890.0,1507.0,1541.0,1395506.0
2025-04-01,1543.0,1645.0,1542.0,1560.0,235784.0
2025-04-02,1560.0,1619.0,1516.0,1528.0,137730.0
2025-04-03,1516.0,1547.0,1504.0,1528.0,76221.0
2025-04-04,1528.0,1570.0,1500.0,1530.0,78900.0
2025-04-07,1510.0,1655.0,1400.0,1490.0,320458.0
2025-04-08,1500.0,1535.0,1490.0,1531.0,99608.0
2025-04-09,1460.0,1526.0,1450.0,1484.0,95730.0
2025-04-10,1530.0,1574.0,1518.0,1539.0,82836.0
2025-04-11,1534.0,1606.0,1524.0,1606.0,138968.0
2025-04-14,1627.0,1627.0,1595.0,1610.0,65374.0
2025-04-15,1615.0,1629.0,1583.0,1613.0,82482.0
2025-04-16,1613.0,1613.0,1572.0,1580.0,54102.0
2025-04-17,1580.0,1596.0,1573.0,1596.0,22623.0
2025-04-18,1596.0,1620.0,1571.0,1618.0,78707.0
2025-04-21,1617.0,1688.0,1520.0,1609.0,126714.0
2025-04-22,1609.0,1615.0,1575.0,1615.0,74858.0
2025-04-23,1640.0,1650.0,1615.0,1630.0,73513.0
2025-04-24,1650.0,1650.0,1600.0,1617.0,61994.0
2025-04-25,1634.0,1669.0,1611.0,1616.0,158772.0
2025-04-28,1616.0,1688.0,1611.0,1640.0,239609.0
2025-04-29,1641.0,1747.0,1641.0,1650.0,449596.0
2025-04-30,1668.0,1719.0,1550.0,1660.0,301838.0
2025-05-02,1643.0,1659.0,1610.0,1625.0,102973.0
2025-05-07,1634.0,1673.0,1600.0,1661.0,206468.0
2025-05-08,1669.0,1820.0,1648.0,1693.0,942294.0
2025-05-09,1705.0,1800.0,1681.0,1782.0,662126.0
2025-05-12,1780.0,1782.0,1712.0,1758.0,192445.0
2025-05-13,1762.0,1800.0,1745.0,1761.0,236858.0
2025-05-14,1763.0,1775.0,1714.0,1735.0,190711.0
2025-05-15,1735.0,1752.0,1683.0,1704.0,104417.0
2025-05-16,1702.0,1702.0,1620.0,1641.0,174961.0
2025-05-19,1641.0,1641.0,1600.0,1606.0,97316.0
2025-05-20,1606.0,1650.0,1606.0,1626.0,67723.0
2025-05-21,1626.0,1646.0,1608.0,1620.0,64200.0
2025-05-22,1620.0,1626.0,1585.0,1596.0,47934.0
2025-05-23,1596.0,1605.0,1579.0,1588.0,82535.0
2025-05-26,1588.0,1656.0,1578.0,1621.0,64737.0
2025-05-27,1621.0,1629.0,1555.0,1558.0,114576.0
2025-05-28,1558.0,1590.0,1505.0,1565.0,124574.0
2025-05-29,1584.0,1584.0,1559.0,1573.0,44910.0
2025-05-30,1573.0,1573.0,1541.0,1552.0,60007.0
2025-06-02,1552.0,1564.0,1530.0,1530.0,89751.0
2025-06-04,1551.0,1551.0,1471.0,1486.0,156444.0
2025-06-05,1519.0,1519.0,1482.0,1501.0,171691.0
2025-06-09,1503.0,1530.0,1494.0,1514.0,202427.0
2025-06-10,1520.0,1520.0,1485.0,1510.0,72337.0
2025-06-11,1510.0,1538.0,1497.0,1514.0,103126.0
2025-06-12,1516.0,1546.0,1507.0,1527.0,94790.0
2025-06-13,1530.0,1590.0,1530.0,1553.0,300022.0
2025-06-16,1553.0,1560.0,1500.0,1513.0,96053.0
2025-06-17,1513.0,1542.0,1504.0,1515.0,87657.0
2025-06-18,1538.0,1538.0,1515.0,1520.0,74281.0
2025-06-19,1535.0,1535.0,1500.0,1510.0,70717.0
2025-06-20,1519.0,1519.0,1497.0,1511.0,132248.0
2025-06-23,1494.0,1509.0,1454.0,1461.0,223277.0
2025-06-24,1463.0,1528.0,1463.0,1500.0,149561.0
2025-06-25,1509.0,1526.0,1492.0,1515.0,106277.0
2025-06-26,1515.0,1523.0,1490.0,1498.0,58863.0
2025-06-27,1518.0,1518.0,1450.0,1461.0,68545.0
2025-06-30,1440.0,1475.0,1423.0,1449.0,96607.0
2025-07-01,1449.0,1499.0,1449.0,1480.0,119598.0
2025-07-02,1465.0,1468.0,1437.0,1459.0,76149.0
2025-07-03,1459.0,1498.0,1450.0,1495.0,112842.0
2025-07-04,1495.0,1510.0,1476.0,1490.0,54267.0
2025-07-07,1499.0,1499.0,1470.0,1481.0,28496.0
2025-07-08,1471.0,1498.0,1460.0,1482.0,28011.0
2025-07-09,1482.0,1482.0,1466.0,1478.0,28156.0
2025-07-10,1470.0,1491.0,1461.0,1476.0,54297.0
2025-07-11,1480.0,1489.0,1447.0,1484.0,84248.0
2025-07-14,1484.0,1499.0,1456.0,1468.0,49454.0
2025-07-15,1468.0,1468.0,1432.0,1448.0,61691.0
2025-07-16,1449.0,1499.0,1414.0,1424.0,142994.0
2025-07-17,1426.0,1443.0,1411.0,1435.0,42403.0
2025-07-18,1409.0,1664.0,1409.0,1470.0,1448644.0
2025-07-21,1470.0,1486.0,1453.0,1476.0,156569.0
2025-07-22,1471.0,1476.0,1442.0,1470.0,87545.0
2025-07-23,1470.0,1470.0,1423.0,1430.0,86225.0
2025-07-24,1430.0,1438.0,1415.0,1427.0,76098.0
2025-07-25,1427.0,1470.0,1411.0,1425.0,70763.0
2025-07-28,1425.0,1435.0,1408.0,1427.0,55489.0
2025-07-29,1427.0,1448.0,1407.0,1427.0,45615.0
2025-07-30,1427.0,1471.0,1412.0,1468.0,131200.0
2025-07-31,1466.0,1474.0,1446.0,1460.0,62508.0
2025-08-01,1445.0,1461.0,1416.0,1424.0,93659.0
2025-08-04,1420.0,1449.0,1400.0,1438.0,23417.0
2025-08-05,1438.0,1483.0,1411.0,1464.0,73987.0
2025-08-06,1465.0,1481.0,1457.0,1468.0,45502.0
2025-08-07,1466.0,1478.0,1458.0,1465.0,41705.0
2025-08-08,1467.0,1478.0,1460.0,1461.0,64701.0
2025-08-11,1461.0,1524.0,1451.0,1516.0,166494.0
2025-08-12,1518.0,1588.0,1517.0,1534.0,238086.0
2025-08-13,1534.0,1534.0,1501.0,1529.0,74659.0
2025-08-14,1549.0,1550.0,1501.0,1522.0,48150.0
2025-08-18,1522.0,1522.0,1421.0,1476.0,81676.0
2025-08-19,1464.0,1499.0,1453.0,1465.0,36561.0
2025-08-20,1465.0,1479.0,1415.0,1455.0,102522.0
2025-08-21,1459.0,1483.0,1444.0,1461.0,43197.0
2025-08-22,1461.0,1485.0,1435.0,1465.0,47537.0
2025-08-25,1465.0,1495.0,1459.0,1472.0,43528.0
2025-08-26,1472.0,1484.0,1457.0,1469.0,17564.0
2025-08-27,1472.0,1483.0,1433.0,1445.0,32324.0
2025-08-28,1447.0,1467.0,1415.0,1436.0,35515.0
2025-08-29,1436.0,1445.0,1421.0,1433.0,31500.0
2025-09-01,1458.0,1458.0,1351.0,1400.0,118486.0
2025-09-02,1400.0,1409.0,1381.0,1403.0,41511.0
2025-09-03,1405.0,1429.0,1391.0,1407.0,55549.0
2025-09-04,1429.0,1429.0,1398.0,1408.0,34613.0
2025-09-05,1408.0,1423.0,1392.0,1403.0,47358.0
2025-09-08,1405.0,1416.0,1378.0,1389.0,62412.0
2025-09-09,1408.0,1408.0,1365.0,1390.0,28257.0
2025-09-10,1390.0,1409.0,1385.0,1405.0,42691.0
2025-09-11,1405.0,1405.0,1383.0,1390.0,64432.0
2025-09-12,1390.0,1442.0,1385.0,1407.0,93196.0
2025-09-15,1410.0,1419.0,1396.0,1401.0,39049.0
2025-09-16,1380.0,1412.0,1380.0,1401.0,44524.0
2025-09-17,1400.0,1412.0,1390.0,1399.0,31605.0
2025-09-18,1399.0,1417.0,1393.0,1400.0,55396.0
2025-09-19,1409.0,1409.0,1388.0,1396.0,98221.0
2025-09-22,1396.0,1400.0,1380.0,1388.0,51892.0
2025-09-23,1388.0,1398.0,1376.0,1382.0,75432.0
2025-09-24,1383.0,1387.0,1355.0,1365.0,132913.0
2025-09-25,1370.0,1388.0,1356.0,1372.0,60957.0
2025-09-26,1372.0,1385.0,1341.0,1360.0,99161.0
2025-09-29,1360.0,1366.0,1333.0,1357.0,49913.0
2025-09-30,1349.0,1366.0,1338.0,1352.0,51526.0
2025-10-01,1352.0,1352.0,1245.0,1311.0,229629.0
2025-10-02,1311.0,1566.0,1311.0,1355.0,1767055.0
2025-10-10,1383.0,1384.0,1340.0,1366.0,116377.0
2025-10-13,1349.0,1389.0,1344.0,1380.0,80988.0
2025-10-14,1382.0,1417.0,1365.0,1383.0,82474.0
2025-10-15,1383.0,1430.0,1379.0,1419.0,142633.0
2025-10-16,1459.0,1459.0,1418.0,1435.0,119894.0
2025-10-17,1435.0,1520.0,1419.0,1460.0,239988.0
2025-10-20,1460.0,1471.0,1437.0,1459.0,87547.0
2025-10-21,1458.0,1476.0,1431.0,1436.0,127313.0
2025-10-22,1436.0,1474.0,1425.0,1456.0,77508.0
2025-10-23,1456.0,1456.0,1426.0,1438.0,40246.0
2025-10-24,1425.0,1500.0,1422.0,1485.0,181172.0
2025-10-27,1488.0,1544.0,1474.0,1491.0,158888.0
2025-10-28,1490.0,1515.0,1478.0,1507.0,122792.0
2025-10-29,1507.0,1516.0,1398.0,1453.0,175143.0
2025-10-30,1453.0,1453.0,1380.0,1394.0,163451.0
2025-10-31,1427.0,1427.0,1384.0,1388.0,81265.0
2025-11-03,1388.0,1394.0,1358.0,1369.0,107896.0
2025-11-04,1360.0,1415.0,1355.0,1384.0,89242.0
2025-11-05,1378.0,1378.0,1321.0,1361.0,102833.0
2025-11-06,1353.0,1649.0,1340.0,1433.0,2824845.0
2025-11-07,1432.0,1495.0,1400.0,1464.0,702518.0
2025-11-10,1467.0,1480.0,1430.0,1459.0,179513.0
2025-11-11,1460.0,1488.0,1435.0,1445.0,133930.0
2025-11-12,1445.0,1457.0,1418.0,1433.0,149386.0
2025-11-13,1490.0,1638.0,1457.0,1472.0,1998947.0
2025-11-14,1472.0,1498.0,1459.0,1488.0,242114.0
2025-11-17,1489.0,1541.0,1457.0,1483.0,252398.0
2025-11-18,1468.0,1515.0,1450.0,1478.0,211128.0
2025-11-19,1452.0,1485.0,1451.0,1480.0,91532.0
2025-11-20,1482.0,1495.0,1472.0,1495.0,78655.0
2025-11-21,1480.0,1493.0,1455.0,1482.0,95859.0
2025-11-24,1482.0,1482.0,1413.0,1418.0,150825.0
2025-11-25,1418.0,1447.0,1381.0,1393.0,81261.0
2025-11-26,1381.0,1431.0,1380.0,1431.0,75690.0
2025-11-27,1417.0,1437.0,1417.0,1424.0,35868.0
2025-11-28,1418.0,1477.0,1418.0,1475.0,96227.0
2025-12-01,1469.0,1493.0,1465.0,1471.0,66675.0
2025-12-02,1488.0,1490.0,1466.0,1488.0,54615.0
2025-12-03,1475.0,1499.0,1475.0,1489.0,65360.0
2025-12-04,1474.0,1510.0,1471.0,1509.0,162480.0
2025-12-05,1510.0,1520.0,1498.0,1499.0,86064.0
2025-12-08,1500.0,1536.0,1494.0,1510.0,152973.0
2025-12-09,1523.0,1588.0,1505.0,1578.0,470519.0
2025-12-10,1575.0,1906.0,1525.0,1906.0,2634412.0
2025-12-11,1906.0,1908.0,1745.0,1796.0,2588117.0
2025-12-12,1770.0,1830.0,1700.0,1768.0,1130548.0
2025-12-15,1812.0,1993.0,1773.0,1899.0,3786925.0
2025-12-16,1897.0,1897.0,1710.0,1723.0,991953.0
2025-12-17,1714.0,1743.0,1648.0,1670.0,481614.0
2025-12-18,1609.0,1652.0,1609.0,1626.0,299594.0
2025-12-19,1690.0,1690.0,1535.0,1591.0,464007.0
2025-12-22,1575.0,1620.0,1575.0,1586.0,237540.0
2025-12-23,1586.0,1608.0,1535.0,1552.0,316765.0
2025-12-24,1552.0,1560.0,1510.0,1523.0,182324.0
2025-12-26,1531.0,1549.0,1505.0,1513.0,215396.0
2025-12-29,1507.0,1520.0,1471.0,1517.0,249931.0
2025-12-30,1516.0,1516.0,1468.0,1491.0,310456.0
2026-01-02,1575.0,1575.0,1488.0,1496.0,233531.0
2026-01-05,1497.0,1507.0,1452.0,1458.0,491008.0
2026-01-06,1459.0,1498.0,1459.0,1461.0,295567.0
2026-01-07,1461.0,1464.0,1401.0,1425.0,327115.0
2026-01-08,1425.0,1430.0,1396.0,1399.0,221586.0
2026-01-09,1404.0,1419.0,1388.0,1409.0,194144.0
2026-01-12,1396.0,1438.0,1393.0,1423.0,240165.0
2026-01-13,1423.0,1439.0,1405.0,1417.0,168366.0
2026-01-14,1417.0,1417.0,1389.0,1410.0,171170.0
2026-01-15,1405.0,1420.0,1370.0,1414.0,195529.0
2026-01-16,1456.0,1457.0,1385.0,1400.0,209174.0
2026-01-19,1400.0,1412.0,1364.0,1400.0,210992.0
2026-01-20,1400.0,1425.0,1380.0,1409.0,142022.0
2026-01-21,1405.0,1405.0,1355.0,1382.0,258593.0
2026-01-22,1382.0,1462.0,1370.0,1445.0,323436.0
2026-01-23,1445.0,1470.0,1410.0,1469.0,190952.0
2026-01-26,1469.0,1500.0,1450.0,1500.0,382945.0
2026-01-27,1500.0,1506.0,1460.0,1478.0,139206.0
